Date,Open,High,Low,Close,Volume
29/05/2007,0.3,0.3,0.27,0.27,69647
30/05/2007,0.3,0.3,0.27,0.27,139195
31/05/2007,0.295,0.295,0.27,0.27,67000
01/06/2007,0.295,0.3,0.29,0.29,61300
04/06/2007,0.295,0.295,0.29,0.29,59000
05/06/2007,0.285,0.285,0.285,0.285,10000
06/06/2007,0.29,0.29,0.29,0.29,2000
07/06/2007,0.275,0.275,0.275,0.275,100000
08/06/2007,0.275,0.275,0.275,0.275,125000
12/06/2007,0.29,0.3,0.28,0.3,233150
13/06/2007,0.28,0.28,0.27,0.275,163380
14/06/2007,0.275,0.32,0.275,0.32,411468
15/06/2007,0.3,0.325,0.3,0.31,201942
18/06/2007,0.31,0.31,0.3,0.3,220981
19/06/2007,0.31,0.31,0.3,0.31,46186
20/06/2007,0.31,0.31,0.3,0.3,12890
21/06/2007,0.3,0.3,0.3,0.3,65000
22/06/2007,0.3,0.38,0.3,0.38,317007
25/06/2007,0.38,0.38,0.335,0.345,175312
26/06/2007,0.345,0.345,0.345,0.345,267688
27/06/2007,0.35,0.35,0.35,0.35,5525
28/06/2007,0.35,0.35,0.335,0.335,98513
29/06/2007,0.335,0.335,0.335,0.335,15000
02/07/2007,0.34,0.35,0.34,0.35,191904
03/07/2007,0.36,0.36,0.36,0.36,23600
04/07/2007,0.37,0.42,0.37,0.395,369268
05/07/2007,0.4,0.42,0.4,0.4,37774
06/07/2007,0.4,0.4,0.39,0.39,38109
09/07/2007,0.4,0.4,0.38,0.38,59000
10/07/2007,0.38,0.38,0.38,0.38,3000
11/07/2007,0.38,0.38,0.36,0.36,134500
12/07/2007,0.36,0.36,0.36,0.36,70000
13/07/2007,0.35,0.36,0.35,0.36,77077
16/07/2007,0.36,0.36,0.35,0.35,163679
17/07/2007,0.36,0.36,0.36,0.36,7000
18/07/2007,0.35,0.35,0.35,0.35,11375
19/07/2007,0.35,0.35,0.345,0.345,139979
20/07/2007,0.355,0.37,0.355,0.37,71000
23/07/2007,0.37,0.37,0.37,0.37,5000
24/07/2007,0.35,0.36,0.35,0.36,81800
25/07/2007,0.345,0.345,0.33,0.33,59000
26/07/2007,0.33,0.33,0.32,0.32,115600
27/07/2007,0.325,0.325,0.32,0.32,36000
30/07/2007,0.31,0.315,0.305,0.31,243253
31/07/2007,0.31,0.315,0.305,0.315,66038
01/08/2007,0.32,0.32,0.3,0.3,115000
02/08/2007,0.3,0.3,0.3,0.3,0
03/08/2007,0.3,0.3,0.3,0.3,0
06/08/2007,0.32,0.32,0.29,0.29,84000
07/08/2007,0.29,0.32,0.29,0.32,83512
08/08/2007,0.34,0.38,0.34,0.365,409327
09/08/2007,0.365,0.38,0.36,0.365,175843
10/08/2007,0.32,0.32,0.32,0.32,10370
13/08/2007,0.35,0.35,0.35,0.35,115157
14/08/2007,0.35,0.36,0.35,0.36,134000
15/08/2007,0.35,0.35,0.325,0.325,55000
16/08/2007,0.305,0.305,0.235,0.255,206012
17/08/2007,0.255,0.255,0.255,0.255,0
20/08/2007,0.29,0.32,0.29,0.32,125382
21/08/2007,0.3,0.3,0.3,0.3,95268
22/08/2007,0.3,0.3,0.3,0.3,61732
23/08/2007,0.315,0.315,0.305,0.31,16732
24/08/2007,0.31,0.31,0.31,0.31,67000
27/08/2007,0.32,0.335,0.31,0.31,231150
28/08/2007,0.33,0.33,0.33,0.33,64000
29/08/2007,0.32,0.32,0.31,0.31,228000
30/08/2007,0.305,0.33,0.305,0.305,35607
31/08/2007,0.305,0.305,0.3,0.3,30000
03/09/2007,0.3,0.3,0.3,0.3,25000
04/09/2007,0.3,0.3,0.3,0.3,108000
05/09/2007,0.31,0.31,0.31,0.31,15000
06/09/2007,0.3,0.3,0.3,0.3,8000
07/09/2007,0.31,0.32,0.305,0.305,269554
10/09/2007,0.305,0.305,0.3,0.3,38500
11/09/2007,0.3,0.3,0.3,0.3,15000
12/09/2007,0.3,0.3,0.3,0.3,140000
13/09/2007,0.3,0.3,0.3,0.3,75000
14/09/2007,0.32,0.33,0.32,0.33,118000
17/09/2007,0.33,0.345,0.33,0.34,47000
18/09/2007,0.34,0.34,0.34,0.34,15000
19/09/2007,0.34,0.34,0.34,0.34,11764
20/09/2007,0.31,0.31,0.31,0.31,9977
21/09/2007,0.315,0.315,0.31,0.31,109400
24/09/2007,0.315,0.315,0.315,0.315,127000
25/09/2007,0.315,0.315,0.315,0.315,200000
26/09/2007,0.32,0.32,0.32,0.32,6000
27/09/2007,0.32,0.32,0.32,0.32,0
28/09/2007,0.325,0.4,0.325,0.4,176236
01/10/2007,0.4,0.4,0.4,0.4,6200
02/10/2007,0.38,0.38,0.38,0.38,32797
03/10/2007,0.39,0.39,0.39,0.39,107500
04/10/2007,0.38,0.38,0.38,0.38,7203
05/10/2007,0.38,0.38,0.38,0.38,0
08/10/2007,0.37,0.38,0.35,0.38,160963
09/10/2007,0.365,0.365,0.365,0.365,10000
10/10/2007,0.395,0.4,0.395,0.4,75398
11/10/2007,0.4,0.42,0.4,0.42,79100
12/10/2007,0.42,0.44,0.42,0.42,50850
15/10/2007,0.42,0.46,0.42,0.42,217500
16/10/2007,0.42,0.42,0.42,0.42,22000
17/10/2007,0.45,0.45,0.44,0.45,99500
18/10/2007,0.45,0.45,0.45,0.45,88800
19/10/2007,0.46,0.52,0.46,0.5,267800
22/10/2007,0.5,0.51,0.43,0.51,121373
23/10/2007,0.5,0.5,0.5,0.5,67000
24/10/2007,0.5,0.5,0.5,0.5,13060
25/10/2007,0.48,0.48,0.46,0.46,125700
26/10/2007,0.48,0.48,0.48,0.48,380240
29/10/2007,0.49,0.49,0.48,0.48,61110
30/10/2007,0.48,0.48,0.48,0.48,0
31/10/2007,0.48,0.5,0.48,0.5,120000
01/11/2007,0.5,0.5,0.5,0.5,19390
02/11/2007,0.5,0.5,0.48,0.48,100080
05/11/2007,0.48,0.48,0.47,0.47,66979
06/11/2007,0.47,0.47,0.47,0.47,0
07/11/2007,0.46,0.46,0.46,0.46,3000
08/11/2007,0.46,0.47,0.46,0.47,45000
09/11/2007,0.465,0.465,0.465,0.465,44000
12/11/2007,0.465,0.465,0.465,0.465,0
13/11/2007,0.47,0.47,0.465,0.465,36600
14/11/2007,0.465,0.47,0.465,0.47,88600
15/11/2007,0.475,0.475,0.465,0.465,58400
16/11/2007,0.465,0.5,0.465,0.48,101831
19/11/2007,0.48,0.48,0.48,0.48,0
20/11/2007,0.5,0.5,0.5,0.5,100000
21/11/2007,0.5,0.5,0.5,0.5,100000
22/11/2007,0.5,0.5,0.475,0.475,105600
23/11/2007,0.48,0.495,0.48,0.49,184200
26/11/2007,0.5,0.5,0.5,0.5,100000
27/11/2007,0.5,0.5,0.5,0.5,50000
28/11/2007,0.5,0.5,0.5,0.5,85000
29/11/2007,0.51,0.56,0.51,0.54,104350
30/11/2007,0.54,0.54,0.54,0.54,56400
03/12/2007,0.54,0.56,0.54,0.56,43000
04/12/2007,0.55,0.55,0.55,0.55,10000
05/12/2007,0.55,0.56,0.52,0.52,215000
06/12/2007,0.53,0.55,0.52,0.52,90000
07/12/2007,0.52,0.52,0.49,0.49,29685
10/12/2007,0.51,0.51,0.51,0.51,12000
11/12/2007,0.51,0.51,0.51,0.51,0
12/12/2007,0.5,0.5,0.49,0.49,13000
13/12/2007,0.51,0.52,0.51,0.52,100000
14/12/2007,0.515,0.515,0.51,0.51,100000
17/12/2007,0.49,0.49,0.485,0.485,25300
18/12/2007,0.485,0.485,0.46,0.46,28800
19/12/2007,0.48,0.48,0.47,0.47,51265
20/12/2007,0.475,0.475,0.475,0.475,5500
21/12/2007,0.48,0.48,0.475,0.48,50800
24/12/2007,0.48,0.48,0.48,0.48,30000
27/12/2007,0.48,0.48,0.48,0.48,68679
28/12/2007,0.485,0.49,0.485,0.49,65000
31/12/2007,0.485,0.49,0.485,0.49,25000
02/01/2008,0.49,0.495,0.49,0.495,26959
03/01/2008,0.495,0.51,0.495,0.51,84725
04/01/2008,0.49,0.49,0.48,0.49,184000
07/01/2008,0.49,0.49,0.49,0.49,45000
08/01/2008,0.49,0.52,0.49,0.52,61000
09/01/2008,0.52,0.52,0.52,0.52,0
10/01/2008,0.52,0.52,0.52,0.52,0
11/01/2008,0.5,0.5,0.47,0.47,243500
14/01/2008,0.47,0.47,0.47,0.47,0
15/01/2008,0.47,0.47,0.47,0.47,0
16/01/2008,0.47,0.47,0.47,0.47,0
17/01/2008,0.47,0.48,0.47,0.48,25977
18/01/2008,0.43,0.43,0.43,0.43,50000
21/01/2008,0.42,0.43,0.42,0.42,49023
22/01/2008,0.42,0.42,0.42,0.42,60977
23/01/2008,0.42,0.42,0.42,0.42,0
24/01/2008,0.41,0.41,0.41,0.41,31831
25/01/2008,0.41,0.41,0.41,0.41,75000
29/01/2008,0.4,0.4,0.4,0.4,22330
30/01/2008,0.38,0.38,0.38,0.38,20000
31/01/2008,0.38,0.38,0.38,0.38,0
01/02/2008,0.38,0.38,0.38,0.38,0
04/02/2008,0.38,0.39,0.38,0.39,12571
05/02/2008,0.39,0.39,0.38,0.38,18599
06/02/2008,0.38,0.38,0.38,0.38,44901
07/02/2008,0.39,0.4,0.39,0.4,65099
08/02/2008,0.4,0.4,0.4,0.4,0
11/02/2008,0.36,0.37,0.36,0.37,47316
12/02/2008,0.37,0.37,0.37,0.37,0
13/02/2008,0.37,0.37,0.37,0.37,15000
14/02/2008,0.375,0.375,0.375,0.375,20000
15/02/2008,0.37,0.37,0.36,0.36,25000
18/02/2008,0.36,0.36,0.36,0.36,0
19/02/2008,0.36,0.36,0.36,0.36,1700
20/02/2008,0.36,0.36,0.34,0.34,12935
21/02/2008,0.34,0.34,0.34,0.34,0
22/02/2008,0.37,0.37,0.37,0.37,15000
25/02/2008,0.37,0.37,0.37,0.37,0
26/02/2008,0.37,0.37,0.37,0.37,0
27/02/2008,0.37,0.37,0.37,0.37,0
28/02/2008,0.355,0.355,0.35,0.355,44757
29/02/2008,0.35,0.355,0.35,0.355,87500
03/03/2008,0.355,0.355,0.355,0.355,0
04/03/2008,0.355,0.355,0.35,0.35,68000
05/03/2008,0.35,0.35,0.35,0.35,4925
06/03/2008,0.33,0.33,0.33,0.33,42744
07/03/2008,0.305,0.305,0.305,0.305,10000
10/03/2008,0.305,0.305,0.305,0.305,15000
11/03/2008,0.305,0.305,0.305,0.305,23401
12/03/2008,0.305,0.305,0.305,0.305,65000
13/03/2008,0.305,0.305,0.305,0.305,0
14/03/2008,0.305,0.305,0.305,0.305,0
17/03/2008,0.305,0.305,0.305,0.305,0
18/03/2008,0.33,0.35,0.33,0.35,22500
19/03/2008,0.35,0.35,0.35,0.35,0
20/03/2008,0.305,0.305,0.3,0.3,10000
25/03/2008,0.3,0.3,0.3,0.3,0
26/03/2008,0.31,0.31,0.3,0.3,54925
27/03/2008,0.3,0.3,0.3,0.3,38000
28/03/2008,0.3,0.3,0.3,0.3,3223
31/03/2008,0.3,0.3,0.3,0.3,0
01/04/2008,0.3,0.3,0.3,0.3,0
02/04/2008,0.29,0.29,0.285,0.285,25000
03/04/2008,0.285,0.3,0.285,0.3,46836
04/04/2008,0.3,0.3,0.3,0.3,23003
07/04/2008,0.285,0.285,0.285,0.285,15000
08/04/2008,0.285,0.285,0.285,0.285,11764
09/04/2008,0.285,0.285,0.285,0.285,20000
10/04/2008,0.285,0.285,0.285,0.285,50000
11/04/2008,0.285,0.285,0.285,0.285,35000
14/04/2008,0.285,0.285,0.285,0.285,0
15/04/2008,0.285,0.285,0.285,0.285,0
16/04/2008,0.285,0.285,0.285,0.285,0
17/04/2008,0.285,0.285,0.285,0.285,0
18/04/2008,0.285,0.285,0.285,0.285,0
21/04/2008,0.285,0.285,0.285,0.285,3236
22/04/2008,0.285,0.285,0.285,0.285,0
23/04/2008,0.285,0.285,0.285,0.285,0
24/04/2008,0.285,0.285,0.285,0.285,0
28/04/2008,0.29,0.29,0.285,0.285,75000
29/04/2008,0.285,0.285,0.28,0.28,80000
30/04/2008,0.26,0.26,0.26,0.26,30000
01/05/2008,0.26,0.26,0.26,0.26,0
02/05/2008,0.26,0.26,0.26,0.26,0
05/05/2008,0.28,0.28,0.28,0.28,30000
06/05/2008,0.28,0.3,0.28,0.3,140661
07/05/2008,0.3,0.3,0.3,0.3,0
08/05/2008,0.3,0.3,0.3,0.3,0
09/05/2008,0.3,0.3,0.285,0.3,55000
12/05/2008,0.3,0.3,0.295,0.295,23000
13/05/2008,0.3,0.3,0.3,0.3,10000
14/05/2008,0.3,0.3,0.3,0.3,50000
15/05/2008,0.3,0.3,0.3,0.3,0
16/05/2008,0.3,0.3,0.3,0.3,0
19/05/2008,0.3,0.3,0.3,0.3,0
20/05/2008,0.36,0.36,0.35,0.35,15000
21/05/2008,0.35,0.35,0.35,0.35,0
22/05/2008,0.35,0.35,0.35,0.35,0
23/05/2008,0.35,0.35,0.35,0.35,0
26/05/2008,0.35,0.35,0.35,0.35,0
27/05/2008,0.365,0.365,0.36,0.36,12500
28/05/2008,0.36,0.36,0.36,0.36,0
29/05/2008,0.4,0.4,0.4,0.4,58000
30/05/2008,0.4,0.42,0.4,0.41,141331
02/06/2008,0.41,0.41,0.4,0.4,25000
03/06/2008,0.4,0.4,0.4,0.4,1669
04/06/2008,0.4,0.4,0.4,0.4,0
05/06/2008,0.4,0.4,0.4,0.4,7750
06/06/2008,0.4,0.4,0.4,0.4,0
10/06/2008,0.4,0.4,0.4,0.4,0
11/06/2008,0.34,0.34,0.34,0.34,100000
12/06/2008,0.34,0.34,0.34,0.34,0
13/06/2008,0.34,0.34,0.34,0.34,0
16/06/2008,0.38,0.38,0.38,0.38,100000
17/06/2008,0.38,0.38,0.38,0.38,0
18/06/2008,0.38,0.38,0.38,0.38,0
19/06/2008,0.34,0.34,0.34,0.34,40000
20/06/2008,0.34,0.34,0.33,0.33,7000
23/06/2008,0.33,0.33,0.31,0.31,70000
24/06/2008,0.305,0.305,0.305,0.305,20000
25/06/2008,0.305,0.305,0.3,0.3,60000
26/06/2008,0.285,0.285,0.28,0.28,76322
27/06/2008,0.28,0.28,0.28,0.28,0
30/06/2008,0.29,0.29,0.29,0.29,50000
01/07/2008,0.3,0.3,0.3,0.3,25000
02/07/2008,0.3,0.3,0.3,0.3,0
03/07/2008,0.3,0.3,0.3,0.3,0
04/07/2008,0.3,0.3,0.3,0.3,0
07/07/2008,0.3,0.3,0.3,0.3,0
08/07/2008,0.3,0.3,0.3,0.3,0
09/07/2008,0.3,0.3,0.3,0.3,0
10/07/2008,0.305,0.305,0.26,0.26,50000
11/07/2008,0.26,0.26,0.26,0.26,15000
14/07/2008,0.26,0.26,0.26,0.26,1661
15/07/2008,0.26,0.26,0.26,0.26,0
16/07/2008,0.26,0.26,0.26,0.26,0
17/07/2008,0.26,0.26,0.26,0.26,0
18/07/2008,0.26,0.26,0.26,0.26,0
21/07/2008,0.26,0.26,0.26,0.26,0
22/07/2008,0.26,0.26,0.26,0.26,0
23/07/2008,0.26,0.26,0.26,0.26,0
24/07/2008,0.26,0.26,0.26,0.26,0
25/07/2008,0.26,0.26,0.26,0.26,0
28/07/2008,0.24,0.24,0.24,0.24,8000
29/07/2008,0.24,0.24,0.24,0.24,0
30/07/2008,0.24,0.24,0.24,0.24,4300
31/07/2008,0.24,0.24,0.24,0.24,27700
01/08/2008,0.24,0.24,0.24,0.24,0
04/08/2008,0.24,0.24,0.24,0.24,0
05/08/2008,0.195,0.195,0.195,0.195,15000
06/08/2008,0.2,0.225,0.2,0.225,3000
07/08/2008,0.225,0.225,0.225,0.225,0
08/08/2008,0.225,0.225,0.225,0.225,0
11/08/2008,0.225,0.225,0.225,0.225,0
12/08/2008,0.195,0.195,0.195,0.195,35000
13/08/2008,0.195,0.195,0.195,0.195,0
14/08/2008,0.195,0.195,0.195,0.195,0
15/08/2008,0.195,0.195,0.195,0.195,0
18/08/2008,0.195,0.195,0.195,0.195,0
19/08/2008,0.195,0.195,0.195,0.195,0
20/08/2008,0.195,0.195,0.195,0.195,0
21/08/2008,0.195,0.195,0.195,0.195,0
22/08/2008,0.195,0.195,0.195,0.195,0
25/08/2008,0.195,0.195,0.195,0.195,0
26/08/2008,0.18,0.18,0.18,0.18,20000
27/08/2008,0.18,0.18,0.18,0.18,0
28/08/2008,0.18,0.18,0.18,0.18,0
29/08/2008,0.18,0.18,0.18,0.18,40000
01/09/2008,0.18,0.18,0.18,0.18,0
02/09/2008,0.18,0.18,0.18,0.18,0
03/09/2008,0.18,0.18,0.18,0.18,0
04/09/2008,0.18,0.18,0.18,0.18,0
05/09/2008,0.18,0.18,0.18,0.18,0
08/09/2008,0.18,0.18,0.18,0.18,0
09/09/2008,0.18,0.18,0.18,0.18,0
10/09/2008,0.19,0.19,0.19,0.19,5000
11/09/2008,0.18,0.18,0.18,0.18,10000
12/09/2008,0.18,0.18,0.18,0.18,0
15/09/2008,0.18,0.18,0.18,0.18,0
16/09/2008,0.18,0.18,0.18,0.18,0
17/09/2008,0.18,0.18,0.18,0.18,0
18/09/2008,0.17,0.17,0.17,0.17,15000
19/09/2008,0.17,0.17,0.17,0.17,0
22/09/2008,0.17,0.17,0.17,0.17,0
23/09/2008,0.17,0.17,0.17,0.17,0
24/09/2008,0.16,0.16,0.16,0.16,45000
25/09/2008,0.16,0.16,0.16,0.16,0
26/09/2008,0.16,0.16,0.16,0.16,0
29/09/2008,0.16,0.16,0.16,0.16,15000
30/09/2008,0.16,0.16,0.16,0.16,0
01/10/2008,0.16,0.16,0.16,0.16,0
02/10/2008,0.16,0.16,0.16,0.16,0
03/10/2008,0.16,0.16,0.16,0.16,0
06/10/2008,0.145,0.145,0.145,0.145,17000
07/10/2008,0.145,0.145,0.145,0.145,0
08/10/2008,0.145,0.145,0.145,0.145,0
09/10/2008,0.145,0.145,0.145,0.145,0
10/10/2008,0.145,0.145,0.145,0.145,0
13/10/2008,0.145,0.145,0.145,0.145,0
14/10/2008,0.155,0.155,0.155,0.155,12800
15/10/2008,0.15,0.15,0.15,0.15,125000
16/10/2008,0.15,0.15,0.15,0.15,0
17/10/2008,0.15,0.15,0.15,0.15,0
20/10/2008,0.15,0.15,0.15,0.15,0
21/10/2008,0.15,0.15,0.15,0.15,0
22/10/2008,0.15,0.15,0.15,0.15,0
23/10/2008,0.15,0.15,0.15,0.15,0
24/10/2008,0.15,0.15,0.15,0.15,0
27/10/2008,0.15,0.15,0.15,0.15,0
28/10/2008,0.15,0.15,0.15,0.15,0
29/10/2008,0.15,0.15,0.15,0.15,0
30/10/2008,0.15,0.15,0.15,0.15,0
31/10/2008,0.15,0.15,0.15,0.15,0
03/11/2008,0.15,0.15,0.15,0.15,0
04/11/2008,0.15,0.15,0.15,0.15,0
05/11/2008,0.15,0.15,0.15,0.15,0
06/11/2008,0.15,0.15,0.15,0.15,0
07/11/2008,0.15,0.15,0.15,0.15,0
10/11/2008,0.1,0.1,0.1,0.1,40000
11/11/2008,0.095,0.095,0.09,0.09,100000
12/11/2008,0.09,0.09,0.09,0.09,0
13/11/2008,0.09,0.09,0.09,0.09,0
14/11/2008,0.09,0.09,0.09,0.09,0
17/11/2008,0.09,0.09,0.09,0.09,0
18/11/2008,0.09,0.09,0.09,0.09,0
19/11/2008,0.09,0.09,0.09,0.09,0
20/11/2008,0.09,0.09,0.09,0.09,0
21/11/2008,0.09,0.09,0.09,0.09,0
24/11/2008,0.09,0.09,0.09,0.09,0
25/11/2008,0.09,0.09,0.09,0.09,0
26/11/2008,0.09,0.09,0.09,0.09,0
27/11/2008,0.09,0.09,0.09,0.09,0
28/11/2008,0.08,0.08,0.08,0.08,125000
01/12/2008,0.08,0.08,0.08,0.08,0
02/12/2008,0.065,0.065,0.065,0.065,60000
03/12/2008,0.065,0.065,0.065,0.065,0
04/12/2008,0.065,0.065,0.065,0.065,0
05/12/2008,0.065,0.065,0.065,0.065,0
08/12/2008,0.075,0.075,0.075,0.075,3000
09/12/2008,0.075,0.075,0.075,0.075,0
10/12/2008,0.075,0.075,0.075,0.075,0
11/12/2008,0.075,0.075,0.075,0.075,0
12/12/2008,0.075,0.075,0.075,0.075,0
15/12/2008,0.075,0.075,0.075,0.075,0
16/12/2008,0.07,0.07,0.065,0.065,115500
17/12/2008,0.065,0.065,0.065,0.065,0
18/12/2008,0.065,0.065,0.065,0.065,0
19/12/2008,0.065,0.065,0.065,0.065,0
22/12/2008,0.06,0.06,0.06,0.06,20000
23/12/2008,0.06,0.06,0.06,0.06,0
24/12/2008,0.06,0.06,0.06,0.06,0
29/12/2008,0.06,0.06,0.06,0.06,0
30/12/2008,0.06,0.06,0.06,0.06,0
31/12/2008,0.06,0.06,0.06,0.06,0
02/01/2009,0.06,0.06,0.06,0.06,0
05/01/2009,0.06,0.06,0.06,0.06,0
06/01/2009,0.06,0.06,0.06,0.06,0
07/01/2009,0.06,0.06,0.06,0.06,0
08/01/2009,0.06,0.06,0.06,0.06,0
09/01/2009,0.08,0.08,0.08,0.08,99700
12/01/2009,0.08,0.08,0.08,0.08,0
13/01/2009,0.08,0.08,0.08,0.08,0
14/01/2009,0.08,0.08,0.08,0.08,0
15/01/2009,0.08,0.08,0.08,0.08,0
16/01/2009,0.08,0.08,0.08,0.08,0
19/01/2009,0.08,0.08,0.08,0.08,0
20/01/2009,0.08,0.08,0.08,0.08,0
21/01/2009,0.08,0.08,0.08,0.08,0
22/01/2009,0.08,0.08,0.08,0.08,0
23/01/2009,0.08,0.08,0.08,0.08,0
27/01/2009,0.08,0.08,0.08,0.08,0
28/01/2009,0.1,0.1,0.1,0.1,100000
29/01/2009,0.1,0.1,0.1,0.1,0
30/01/2009,0.1,0.1,0.1,0.1,0
02/02/2009,0.1,0.1,0.1,0.1,0
03/02/2009,0.1,0.1,0.1,0.1,0
04/02/2009,0.1,0.1,0.1,0.1,0
05/02/2009,0.1,0.1,0.1,0.1,0
06/02/2009,0.1,0.1,0.1,0.1,0
09/02/2009,0.1,0.1,0.1,0.1,0
10/02/2009,0.1,0.1,0.1,0.1,0
11/02/2009,0.1,0.1,0.1,0.1,0
12/02/2009,0.1,0.1,0.1,0.1,0
13/02/2009,0.1,0.1,0.1,0.1,0
16/02/2009,0.1,0.1,0.1,0.1,0
17/02/2009,0.1,0.1,0.1,0.1,0
18/02/2009,0.1,0.1,0.1,0.1,0
19/02/2009,0.1,0.1,0.1,0.1,0
20/02/2009,0.1,0.1,0.1,0.1,0
23/02/2009,0.1,0.1,0.1,0.1,0
24/02/2009,0.1,0.1,0.1,0.1,0
25/02/2009,0.1,0.1,0.1,0.1,0
26/02/2009,0.1,0.1,0.1,0.1,0
27/02/2009,0.1,0.1,0.1,0.1,0
02/03/2009,0.1,0.1,0.1,0.1,50000
03/03/2009,0.1,0.1,0.1,0.1,0
04/03/2009,0.1,0.1,0.1,0.1,0
05/03/2009,0.1,0.1,0.1,0.1,0
06/03/2009,0.1,0.1,0.1,0.1,0
09/03/2009,0.1,0.1,0.1,0.1,0
10/03/2009,0.1,0.1,0.1,0.1,0
11/03/2009,0.1,0.1,0.1,0.1,0
12/03/2009,0.08,0.08,0.07,0.07,33679
13/03/2009,0.07,0.07,0.07,0.07,0
16/03/2009,0.07,0.07,0.07,0.07,0
17/03/2009,0.07,0.07,0.07,0.07,12500
18/03/2009,0.07,0.07,0.07,0.07,0
19/03/2009,0.07,0.07,0.07,0.07,0
20/03/2009,0.07,0.07,0.07,0.07,6650
23/03/2009,0.07,0.07,0.07,0.07,0
24/03/2009,0.07,0.07,0.07,0.07,0
25/03/2009,0.07,0.07,0.07,0.07,0
26/03/2009,0.07,0.07,0.07,0.07,0
27/03/2009,0.1,0.1,0.1,0.1,75700
30/03/2009,0.09,0.09,0.09,0.09,25000
31/03/2009,0.09,0.09,0.09,0.09,0
01/04/2009,0.09,0.09,0.09,0.09,0
02/04/2009,0.09,0.09,0.09,0.09,0
03/04/2009,0.09,0.09,0.09,0.09,50000
06/04/2009,0.09,0.09,0.09,0.09,0
07/04/2009,0.09,0.09,0.09,0.09,0
08/04/2009,0.09,0.09,0.09,0.09,0
09/04/2009,0.09,0.09,0.09,0.09,0
14/04/2009,0.12,0.12,0.11,0.11,14300
15/04/2009,0.1,0.1,0.1,0.1,5000
16/04/2009,0.1,0.1,0.1,0.1,0
17/04/2009,0.1,0.1,0.1,0.1,0
20/04/2009,0.1,0.1,0.1,0.1,0
21/04/2009,0.1,0.1,0.1,0.1,0
22/04/2009,0.1,0.1,0.1,0.1,5000
23/04/2009,0.1,0.1,0.1,0.1,0
24/04/2009,0.1,0.1,0.1,0.1,10000
27/04/2009,0.1,0.1,0.1,0.1,0
28/04/2009,0.1,0.1,0.1,0.1,0
29/04/2009,0.09,0.09,0.09,0.09,26000
30/04/2009,0.09,0.09,0.09,0.09,30430
01/05/2009,0.09,0.09,0.09,0.09,0
04/05/2009,0.09,0.09,0.09,0.09,0
05/05/2009,0.085,0.085,0.085,0.085,100000
06/05/2009,0.085,0.085,0.085,0.085,0
07/05/2009,0.09,0.09,0.09,0.09,200000
08/05/2009,0.088,0.088,0.081,0.081,107700
11/05/2009,0.081,0.081,0.081,0.081,0
12/05/2009,0.081,0.081,0.081,0.081,0
13/05/2009,0.089,0.098,0.087,0.098,252149
14/05/2009,0.098,0.098,0.098,0.098,0
15/05/2009,0.098,0.098,0.098,0.098,100000
18/05/2009,0.098,0.098,0.098,0.098,0
19/05/2009,0.098,0.098,0.098,0.098,0
20/05/2009,0.098,0.098,0.098,0.098,0
21/05/2009,0.095,0.095,0.09,0.09,142500
22/05/2009,0.09,0.09,0.086,0.09,460789
25/05/2009,0.091,0.091,0.091,0.091,75000
26/05/2009,0.096,0.097,0.096,0.097,140000
27/05/2009,0.096,0.099,0.092,0.099,475000
28/05/2009,0.094,0.099,0.094,0.099,21200
29/05/2009,0.1,0.12,0.1,0.11,175699
01/06/2009,0.11,0.11,0.11,0.11,65001
02/06/2009,0.11,0.11,0.11,0.11,0
03/06/2009,0.11,0.11,0.11,0.11,0
04/06/2009,0.12,0.12,0.12,0.12,20000
05/06/2009,0.11,0.11,0.11,0.11,50000
09/06/2009,0.12,0.12,0.1,0.1,263165
10/06/2009,0.105,0.11,0.105,0.11,162499
11/06/2009,0.1,0.105,0.099,0.105,575447
12/06/2009,0.1,0.105,0.1,0.1,170000
15/06/2009,0.1,0.105,0.095,0.098,197054
16/06/2009,0.105,0.105,0.1,0.1,92000
17/06/2009,0.11,0.115,0.11,0.115,325000
18/06/2009,0.115,0.115,0.115,0.115,8000
19/06/2009,0.115,0.115,0.115,0.115,0
22/06/2009,0.1,0.1,0.1,0.1,48000
23/06/2009,0.105,0.105,0.1,0.1,398421
24/06/2009,0.1,0.1,0.1,0.1,0
25/06/2009,0.1,0.105,0.1,0.1,140676
26/06/2009,0.105,0.105,0.1,0.1,425700
29/06/2009,0.1,0.105,0.1,0.1,47059
30/06/2009,0.1,0.1,0.1,0.1,80144
01/07/2009,0.1,0.1,0.1,0.1,19856
02/07/2009,0.1,0.105,0.1,0.1,257000
03/07/2009,0.1,0.1,0.1,0.1,0
06/07/2009,0.105,0.105,0.105,0.105,60000
07/07/2009,0.1,0.11,0.1,0.1,110455
08/07/2009,0.098,0.098,0.098,0.098,20000
09/07/2009,0.098,0.098,0.098,0.098,0
10/07/2009,0.098,0.098,0.098,0.098,0
13/07/2009,0.098,0.098,0.098,0.098,0
14/07/2009,0.098,0.098,0.098,0.098,0
15/07/2009,0.098,0.098,0.098,0.098,0
16/07/2009,0.098,0.098,0.098,0.098,0
17/07/2009,0.098,0.098,0.098,0.098,0
20/07/2009,0.093,0.093,0.09,0.09,410000
21/07/2009,0.09,0.09,0.09,0.09,420000
22/07/2009,0.09,0.09,0.09,0.09,9000
23/07/2009,0.1,0.1,0.1,0.1,50000
24/07/2009,0.11,0.11,0.11,0.11,46000
27/07/2009,0.11,0.115,0.11,0.11,318000
28/07/2009,0.1,0.1,0.09,0.1,218000
29/07/2009,0.1,0.1,0.1,0.1,0
30/07/2009,0.1,0.1,0.1,0.1,0
31/07/2009,0.1,0.1,0.1,0.1,0
03/08/2009,0.1,0.1,0.1,0.1,200000
04/08/2009,0.1,0.1,0.1,0.1,0
05/08/2009,0.1,0.1,0.1,0.1,171500
06/08/2009,0.1,0.1,0.1,0.1,267500
07/08/2009,0.1,0.1,0.1,0.1,10000
10/08/2009,0.1,0.1,0.1,0.1,20000
11/08/2009,0.093,0.093,0.093,0.093,25000
12/08/2009,0.093,0.093,0.093,0.093,0
13/08/2009,0.093,0.093,0.093,0.093,0
14/08/2009,0.093,0.093,0.093,0.093,0
17/08/2009,0.094,0.094,0.093,0.093,100000
18/08/2009,0.093,0.093,0.093,0.093,0
19/08/2009,0.105,0.105,0.1,0.1,250000
20/08/2009,0.1,0.11,0.1,0.11,300000
21/08/2009,0.105,0.11,0.105,0.11,210000
24/08/2009,0.12,0.14,0.12,0.13,431000
25/08/2009,0.135,0.135,0.13,0.13,359665
26/08/2009,0.13,0.135,0.13,0.13,367700
27/08/2009,0.16,0.16,0.12,0.12,94838
28/08/2009,0.12,0.12,0.12,0.12,0
31/08/2009,0.12,0.12,0.12,0.12,0
01/09/2009,0.12,0.12,0.12,0.12,0
02/09/2009,0.12,0.12,0.105,0.105,75000
03/09/2009,0.105,0.105,0.105,0.105,0
04/09/2009,0.11,0.12,0.11,0.12,137000
07/09/2009,0.12,0.12,0.12,0.12,58000
08/09/2009,0.12,0.12,0.11,0.11,43425
09/09/2009,0.11,0.11,0.11,0.11,40575
10/09/2009,0.11,0.11,0.11,0.11,23500
11/09/2009,0.12,0.13,0.12,0.13,115925
14/09/2009,0.12,0.12,0.12,0.12,18078
15/09/2009,0.12,0.12,0.12,0.12,11922
16/09/2009,0.12,0.12,0.12,0.12,0
17/09/2009,0.12,0.12,0.12,0.12,50578
18/09/2009,0.12,0.12,0.12,0.12,200580
21/09/2009,0.12,0.15,0.12,0.15,156957
22/09/2009,0.15,0.15,0.15,0.15,0
23/09/2009,0.13,0.13,0.13,0.13,522681
24/09/2009,0.125,0.13,0.12,0.125,316537
25/09/2009,0.125,0.125,0.12,0.12,219963
28/09/2009,0.13,0.13,0.13,0.13,290000
29/09/2009,0.125,0.125,0.125,0.125,25000
30/09/2009,0.125,0.135,0.12,0.125,495000
01/10/2009,0.125,0.125,0.125,0.125,0
02/10/2009,0.12,0.12,0.12,0.12,167499
05/10/2009,0.12,0.12,0.12,0.12,236601
06/10/2009,0.12,0.12,0.12,0.12,148399
07/10/2009,0.13,0.13,0.125,0.13,203601
08/10/2009,0.13,0.13,0.13,0.13,100000
09/10/2009,0.13,0.13,0.13,0.13,5399
12/10/2009,0.13,0.13,0.13,0.13,0
13/10/2009,0.13,0.13,0.125,0.13,442500
14/10/2009,0.13,0.13,0.125,0.13,162537
15/10/2009,0.125,0.13,0.125,0.13,175000
16/10/2009,0.13,0.13,0.125,0.125,96319
19/10/2009,0.125,0.13,0.12,0.125,328425
20/10/2009,0.125,0.13,0.125,0.13,34000
21/10/2009,0.13,0.135,0.13,0.135,226000
22/10/2009,0.15,0.155,0.145,0.155,151050
23/10/2009,0.155,0.155,0.155,0.155,116000
26/10/2009,0.16,0.185,0.16,0.175,404658
27/10/2009,0.18,0.18,0.16,0.17,126653
28/10/2009,0.175,0.175,0.16,0.16,156000
29/10/2009,0.16,0.16,0.16,0.16,57889
30/10/2009,0.18,0.19,0.18,0.18,318000
02/11/2009,0.18,0.18,0.18,0.18,0
03/11/2009,0.18,0.18,0.18,0.18,42000
04/11/2009,0.18,0.18,0.175,0.175,154000
05/11/2009,0.175,0.175,0.175,0.175,0
06/11/2009,0.175,0.175,0.175,0.175,0
09/11/2009,0.18,0.18,0.175,0.18,170000
10/11/2009,0.18,0.18,0.18,0.18,60000
11/11/2009,0.185,0.185,0.18,0.18,137000
12/11/2009,0.175,0.185,0.175,0.185,31000
13/11/2009,0.175,0.2,0.175,0.195,108543
16/11/2009,0.19,0.19,0.19,0.19,17000
17/11/2009,0.2,0.2,0.2,0.2,32800
18/11/2009,0.2,0.2,0.2,0.2,53000
19/11/2009,0.19,0.19,0.19,0.19,135400
20/11/2009,0.19,0.19,0.19,0.19,0
23/11/2009,0.19,0.19,0.18,0.19,305644
24/11/2009,0.19,0.19,0.19,0.19,0
25/11/2009,0.19,0.19,0.18,0.18,24000
26/11/2009,0.18,0.18,0.18,0.18,0
27/11/2009,0.18,0.18,0.18,0.18,0
30/11/2009,0.17,0.17,0.165,0.165,13000
01/12/2009,0.17,0.17,0.165,0.165,7800
02/12/2009,0.165,0.165,0.165,0.165,43000
03/12/2009,0.17,0.18,0.17,0.18,170000
04/12/2009,0.18,0.18,0.18,0.18,0
07/12/2009,0.17,0.17,0.17,0.17,100000
08/12/2009,0.17,0.17,0.17,0.17,0
09/12/2009,0.17,0.17,0.17,0.17,0
10/12/2009,0.165,0.165,0.165,0.165,175000
11/12/2009,0.165,0.165,0.155,0.155,50000
14/12/2009,0.16,0.16,0.15,0.15,198400
15/12/2009,0.15,0.15,0.145,0.145,4500
16/12/2009,0.15,0.15,0.15,0.15,31200
17/12/2009,0.15,0.15,0.15,0.15,0
18/12/2009,0.15,0.15,0.145,0.145,31000
21/12/2009,0.145,0.145,0.145,0.145,0
22/12/2009,0.145,0.145,0.145,0.145,20000
23/12/2009,0.145,0.145,0.145,0.145,50000
24/12/2009,0.145,0.145,0.145,0.145,0
29/12/2009,0.145,0.145,0.145,0.145,0
30/12/2009,0.145,0.145,0.145,0.145,0
31/12/2009,0.145,0.145,0.145,0.145,32250
04/01/2010,0.145,0.145,0.145,0.145,44549
05/01/2010,0.14,0.14,0.135,0.135,250000
06/01/2010,0.135,0.145,0.135,0.145,93000
07/01/2010,0.145,0.145,0.145,0.145,0
08/01/2010,0.145,0.145,0.145,0.145,0
11/01/2010,0.145,0.15,0.145,0.145,111250
12/01/2010,0.145,0.145,0.145,0.145,28750
13/01/2010,0.145,0.145,0.145,0.145,0
14/01/2010,0.13,0.13,0.13,0.13,13000
15/01/2010,0.13,0.13,0.13,0.13,0
18/01/2010,0.135,0.135,0.135,0.135,6000
19/01/2010,0.135,0.135,0.135,0.135,0
20/01/2010,0.145,0.145,0.135,0.135,44000
21/01/2010,0.145,0.145,0.14,0.14,24240
22/01/2010,0.15,0.15,0.15,0.15,95000
25/01/2010,0.14,0.14,0.14,0.14,25000
27/01/2010,0.14,0.14,0.14,0.14,70760
28/01/2010,0.14,0.14,0.13,0.13,55000
29/01/2010,0.13,0.13,0.13,0.13,80451
01/02/2010,0.13,0.13,0.13,0.13,0
02/02/2010,0.14,0.14,0.12,0.12,47000
03/02/2010,0.12,0.12,0.12,0.12,0
04/02/2010,0.12,0.12,0.12,0.12,280000
05/02/2010,0.12,0.12,0.12,0.12,102716
08/02/2010,0.12,0.12,0.12,0.12,50000
09/02/2010,0.12,0.12,0.12,0.12,100000
10/02/2010,0.12,0.12,0.12,0.12,0
11/02/2010,0.12,0.12,0.12,0.12,8300
12/02/2010,0.12,0.12,0.12,0.12,41700
15/02/2010,0.125,0.125,0.125,0.125,73300
16/02/2010,0.12,0.12,0.12,0.12,30000
17/02/2010,0.12,0.125,0.115,0.115,195500
18/02/2010,0.115,0.115,0.11,0.11,150000
19/02/2010,0.11,0.11,0.11,0.11,0
22/02/2010,0.12,0.125,0.12,0.125,407000
23/02/2010,0.13,0.15,0.13,0.14,135000
24/02/2010,0.14,0.14,0.14,0.14,0
25/02/2010,0.135,0.135,0.135,0.135,30000
26/02/2010,0.135,0.135,0.135,0.135,20000
01/03/2010,0.14,0.14,0.14,0.14,50000
02/03/2010,0.14,0.14,0.14,0.14,44250
03/03/2010,0.14,0.14,0.14,0.14,182974
04/03/2010,0.14,0.14,0.14,0.14,213750
05/03/2010,0.14,0.14,0.14,0.14,0
08/03/2010,0.14,0.14,0.14,0.14,0
09/03/2010,0.15,0.15,0.15,0.15,40000
10/03/2010,0.15,0.15,0.15,0.15,150000
11/03/2010,0.15,0.15,0.15,0.15,245500
12/03/2010,0.15,0.16,0.15,0.16,566000
15/03/2010,0.16,0.165,0.16,0.165,63032
16/03/2010,0.165,0.17,0.165,0.17,564468
17/03/2010,0.17,0.17,0.165,0.17,304870
18/03/2010,0.17,0.18,0.165,0.18,275000
19/03/2010,0.18,0.18,0.17,0.17,328000
22/03/2010,0.17,0.17,0.17,0.17,0
23/03/2010,0.18,0.19,0.18,0.18,2176133
24/03/2010,0.185,0.185,0.18,0.18,788971
25/03/2010,0.18,0.18,0.17,0.17,670022
26/03/2010,0.18,0.2,0.18,0.2,1057000
29/03/2010,0.2,0.2,0.195,0.2,2768901
30/03/2010,0.21,0.21,0.19,0.19,210293
31/03/2010,0.2,0.2,0.2,0.2,50000
01/04/2010,0.2,0.21,0.2,0.21,364091
06/04/2010,0.215,0.255,0.215,0.255,667142
07/04/2010,0.24,0.27,0.23,0.265,748958
08/04/2010,0.26,0.295,0.26,0.28,690042
09/04/2010,0.285,0.29,0.28,0.29,924166
12/04/2010,0.295,0.3,0.29,0.295,564379
13/04/2010,0.295,0.295,0.27,0.28,978356
14/04/2010,0.28,0.28,0.275,0.275,132750
15/04/2010,0.285,0.285,0.28,0.28,152760
16/04/2010,0.275,0.29,0.275,0.29,582168
19/04/2010,0.28,0.28,0.275,0.28,420500
20/04/2010,0.29,0.29,0.285,0.285,453954
21/04/2010,0.285,0.35,0.285,0.345,1458734
22/04/2010,0.34,0.34,0.3,0.31,217200
23/04/2010,0.335,0.335,0.31,0.33,232000
27/04/2010,0.33,0.37,0.32,0.35,381510
28/04/2010,0.33,0.35,0.325,0.33,152820
29/04/2010,0.34,0.38,0.34,0.34,312452
30/04/2010,0.35,0.35,0.34,0.35,226350
03/05/2010,0.35,0.37,0.35,0.365,426277
04/05/2010,0.355,0.365,0.34,0.355,416100
05/05/2010,0.33,0.33,0.31,0.315,598200
06/05/2010,0.33,0.33,0.32,0.33,51281
07/05/2010,0.315,0.335,0.315,0.32,296750
10/05/2010,0.34,0.345,0.32,0.32,469190
11/05/2010,0.345,0.355,0.33,0.33,89335
12/05/2010,0.34,0.44,0.34,0.435,2036432
13/05/2010,0.435,0.46,0.41,0.41,1008059
14/05/2010,0.41,0.46,0.4,0.45,1187700
17/05/2010,0.44,0.46,0.435,0.45,930172
18/05/2010,0.445,0.45,0.42,0.42,641067
19/05/2010,0.405,0.405,0.38,0.39,427889
20/05/2010,0.395,0.41,0.39,0.41,522474
21/05/2010,0.41,0.41,0.35,0.395,238873
24/05/2010,0.385,0.39,0.38,0.38,252888
25/05/2010,0.36,0.36,0.29,0.32,931543
26/05/2010,0.32,0.32,0.32,0.32,0
27/05/2010,0.32,0.32,0.32,0.32,7300
28/05/2010,0.38,0.395,0.35,0.355,914226
31/05/2010,0.385,0.385,0.355,0.36,246290
01/06/2010,0.37,0.37,0.35,0.35,66000
02/06/2010,0.355,0.355,0.355,0.355,26265
03/06/2010,0.36,0.36,0.35,0.35,175883
04/06/2010,0.35,0.35,0.32,0.33,377926
07/06/2010,0.32,0.32,0.32,0.32,75000
08/06/2010,0.32,0.325,0.32,0.32,287000
09/06/2010,0.32,0.335,0.32,0.325,330000
10/06/2010,0.325,0.325,0.32,0.32,236000
11/06/2010,0.32,0.32,0.295,0.32,127544
15/06/2010,0.315,0.32,0.315,0.32,152500
16/06/2010,0.31,0.315,0.31,0.31,1012328
17/06/2010,0.315,0.32,0.315,0.32,92750
18/06/2010,0.325,0.39,0.325,0.39,147957
21/06/2010,0.38,0.38,0.355,0.355,151818
22/06/2010,0.355,0.355,0.35,0.35,174182
23/06/2010,0.36,0.36,0.36,0.36,75059
24/06/2010,0.37,0.4,0.37,0.4,185999
25/06/2010,0.4,0.4,0.39,0.39,65760
28/06/2010,0.395,0.395,0.38,0.38,50000
29/06/2010,0.39,0.39,0.38,0.38,111877
30/06/2010,0.35,0.36,0.35,0.36,202500
01/07/2010,0.35,0.35,0.35,0.35,26000
02/07/2010,0.35,0.37,0.35,0.37,39720
05/07/2010,0.35,0.35,0.34,0.34,125000
06/07/2010,0.32,0.34,0.32,0.34,72454
07/07/2010,0.34,0.34,0.34,0.34,0
08/07/2010,0.35,0.36,0.34,0.34,103326
09/07/2010,0.34,0.34,0.34,0.34,6000
12/07/2010,0.335,0.35,0.335,0.35,44874
13/07/2010,0.345,0.345,0.345,0.345,22900
14/07/2010,0.345,0.345,0.34,0.34,40045
15/07/2010,0.335,0.335,0.33,0.33,10000
16/07/2010,0.34,0.37,0.34,0.37,45000
19/07/2010,0.34,0.34,0.34,0.34,60800
20/07/2010,0.34,0.345,0.34,0.345,73400
21/07/2010,0.33,0.345,0.325,0.325,103621
22/07/2010,0.345,0.365,0.345,0.35,65000
23/07/2010,0.365,0.365,0.345,0.345,74099
26/07/2010,0.355,0.355,0.345,0.345,134387
27/07/2010,0.335,0.34,0.33,0.34,137180
28/07/2010,0.33,0.34,0.33,0.34,44804
29/07/2010,0.34,0.345,0.335,0.34,498000
30/07/2010,0.34,0.34,0.34,0.34,0
02/08/2010,0.35,0.355,0.35,0.355,115000
03/08/2010,0.36,0.36,0.34,0.34,45000
04/08/2010,0.36,0.38,0.36,0.38,135000
05/08/2010,0.38,0.42,0.38,0.4,257186
06/08/2010,0.4,0.44,0.4,0.42,113137
09/08/2010,0.42,0.42,0.4,0.41,333140
10/08/2010,0.42,0.42,0.4,0.4,97760
11/08/2010,0.39,0.4,0.38,0.4,125110
12/08/2010,0.36,0.36,0.36,0.36,28760
13/08/2010,0.37,0.37,0.365,0.365,37000
16/08/2010,0.365,0.37,0.365,0.37,22000
17/08/2010,0.385,0.39,0.375,0.38,78444
18/08/2010,0.39,0.4,0.39,0.39,57500
19/08/2010,0.39,0.39,0.39,0.39,61000
20/08/2010,0.38,0.38,0.375,0.375,18556
23/08/2010,0.375,0.41,0.375,0.4,268520
24/08/2010,0.4,0.4,0.375,0.39,151640
25/08/2010,0.38,0.385,0.38,0.38,86200
26/08/2010,0.375,0.385,0.37,0.385,100152
27/08/2010,0.38,0.39,0.38,0.39,25000
30/08/2010,0.385,0.385,0.38,0.385,60000
31/08/2010,0.385,0.385,0.385,0.385,0
01/09/2010,0.385,0.385,0.385,0.385,25000
02/09/2010,0.39,0.39,0.38,0.38,101000
03/09/2010,0.39,0.42,0.39,0.41,338478
06/09/2010,0.42,0.45,0.42,0.45,335337
07/09/2010,0.48,0.48,0.435,0.435,365900
08/09/2010,0.45,0.46,0.45,0.45,212000
09/09/2010,0.46,0.52,0.46,0.5,315858
10/09/2010,0.505,0.505,0.485,0.485,140100
13/09/2010,0.5,0.51,0.485,0.49,371465
14/09/2010,0.495,0.51,0.495,0.5,580000
15/09/2010,0.51,0.51,0.49,0.49,206750
16/09/2010,0.49,0.49,0.455,0.48,354166
17/09/2010,0.475,0.5,0.45,0.5,195476
20/09/2010,0.5,0.56,0.5,0.55,847506
21/09/2010,0.58,0.595,0.555,0.575,343619
22/09/2010,0.58,0.61,0.575,0.6,279699
23/09/2010,0.61,0.68,0.61,0.665,730982
24/09/2010,0.64,0.645,0.62,0.645,277900
27/09/2010,0.645,0.685,0.645,0.68,495292
28/09/2010,0.68,0.68,0.65,0.65,275326
29/09/2010,0.65,0.66,0.63,0.65,309463
30/09/2010,0.63,0.65,0.63,0.65,156724
01/10/2010,0.65,0.655,0.64,0.655,300249
04/10/2010,0.64,0.7,0.64,0.69,249013
05/10/2010,0.7,0.73,0.68,0.68,1027533
06/10/2010,0.71,0.745,0.71,0.71,324345
07/10/2010,0.7,0.7,0.695,0.7,97000
08/10/2010,0.685,0.71,0.68,0.71,394259
11/10/2010,0.71,0.72,0.695,0.705,238700
12/10/2010,0.745,0.795,0.74,0.76,1711243
13/10/2010,0.76,0.845,0.76,0.79,2303674
14/10/2010,0.795,0.88,0.795,0.82,824500
15/10/2010,0.84,0.84,0.815,0.82,182384
18/10/2010,0.83,0.85,0.82,0.85,316480
19/10/2010,0.86,0.92,0.86,0.9,657438
20/10/2010,0.9,0.97,0.9,0.95,1429238
21/10/2010,0.99,1.03,0.97,1.03,1948593
22/10/2010,1.03,1.07,0.98,1.01,629459
25/10/2010,1,1.01,0.98,1,459625
26/10/2010,0.99,0.99,0.915,0.915,190737
27/10/2010,0.9,0.9,0.83,0.865,392866
28/10/2010,0.885,0.96,0.86,0.96,5310012
29/10/2010,1,1.06,0.99,1,499540
01/11/2010,1,1,0.94,0.96,361970
02/11/2010,1,1,0.945,0.95,93179
03/11/2010,0.99,1.01,0.96,0.97,241522
04/11/2010,0.98,1,0.95,1,149563
05/11/2010,1,1.03,0.98,1.01,404547
08/11/2010,1.03,1.07,1.02,1.025,717384
09/11/2010,1.055,1.12,1.055,1.115,578219
10/11/2010,1.12,1.19,1.1,1.14,473774
11/11/2010,1.23,1.28,1.17,1.235,748751
12/11/2010,1.25,1.25,1.17,1.17,624611
15/11/2010,1.15,1.175,1.14,1.14,315361
16/11/2010,1.14,1.16,1.05,1.065,438115
17/11/2010,0.98,1.05,0.95,1.04,554466
18/11/2010,1.04,1.09,1.04,1.09,136701
19/11/2010,1.125,1.15,1.07,1.07,285057
22/11/2010,1.12,1.12,1.04,1.08,58134
23/11/2010,1.075,1.075,1.05,1.06,99950
24/11/2010,1.06,1.085,1.05,1.075,107885
25/11/2010,1.08,1.11,1.08,1.08,82593
26/11/2010,1.1,1.1,1.07,1.085,46338
29/11/2010,1.09,1.1,1.05,1.05,122002
30/11/2010,1.05,1.06,1.025,1.03,163773
01/12/2010,1.02,1.055,0.99,1.045,430921
02/12/2010,1.08,1.1,1.01,1.03,559471
03/12/2010,1.06,1.08,1.03,1.05,836341
06/12/2010,1.05,1.07,1.03,1.05,471917
07/12/2010,1.04,1.05,1.035,1.05,141924
08/12/2010,1.045,1.05,1.03,1.03,471297
09/12/2010,1.04,1.04,1.005,1.02,25636
10/12/2010,1.015,1.02,0.96,0.96,255219
13/12/2010,0.96,0.96,0.905,0.93,376900
14/12/2010,0.92,0.96,0.915,0.955,116022
15/12/2010,0.97,0.995,0.96,0.975,118600
16/12/2010,0.98,0.98,0.96,0.98,152754
17/12/2010,0.98,0.98,0.92,0.96,86987
20/12/2010,0.96,0.96,0.93,0.93,20614
21/12/2010,0.935,0.97,0.92,0.93,19077
22/12/2010,0.95,0.95,0.93,0.94,41053
23/12/2010,0.94,0.96,0.94,0.94,126156
24/12/2010,0.95,0.96,0.93,0.96,89119
29/12/2010,0.95,0.95,0.95,0.95,39915
30/12/2010,0.95,0.95,0.91,0.95,46000
31/12/2010,0.95,0.975,0.95,0.975,42770
04/01/2011,1,1,0.98,0.98,46920
05/01/2011,0.98,0.98,0.95,0.95,47651
06/01/2011,0.95,0.975,0.93,0.95,57991
07/01/2011,0.95,0.95,0.94,0.94,13509
10/01/2011,0.9,0.91,0.9,0.9,150551
11/01/2011,0.9,0.92,0.895,0.9,96556
12/01/2011,0.9,0.925,0.9,0.925,54718
13/01/2011,0.93,1.06,0.93,1.05,173724
14/01/2011,1.05,1.05,1.02,1.04,312186
17/01/2011,1.05,1.1,1.025,1.1,311602
18/01/2011,1.13,1.18,1.12,1.14,448610
19/01/2011,1.12,1.13,1.1,1.12,803177
20/01/2011,1.135,1.18,1.09,1.16,158519
21/01/2011,1.14,1.17,1.09,1.17,84063
24/01/2011,1.17,1.22,1.17,1.185,389099
25/01/2011,1.185,1.185,1.14,1.175,199549
27/01/2011,1.18,1.19,1.08,1.08,474536
28/01/2011,1.03,1.07,0.96,1,235711
31/01/2011,0.97,0.98,0.94,0.97,216440
01/02/2011,0.97,0.97,0.94,0.94,280461
02/02/2011,0.94,0.94,0.91,0.93,277558
03/02/2011,0.925,0.93,0.91,0.925,42255
04/02/2011,0.91,0.925,0.86,0.925,347720
07/02/2011,0.915,0.93,0.905,0.905,127437
08/02/2011,0.905,0.905,0.885,0.885,142425
09/02/2011,0.9,0.93,0.875,0.9,444273
10/02/2011,0.9,0.9,0.88,0.88,178368
11/02/2011,0.885,0.9,0.88,0.88,178050
14/02/2011,0.88,0.88,0.85,0.88,262591
15/02/2011,0.86,0.86,0.85,0.86,81432
16/02/2011,0.86,0.86,0.83,0.84,107968
17/02/2011,0.835,0.905,0.83,0.9,180500
18/02/2011,0.91,0.92,0.875,0.9,168066
21/02/2011,0.9,0.9,0.875,0.875,25137
22/02/2011,0.89,0.9,0.875,0.88,201300
23/02/2011,0.88,0.88,0.84,0.88,45600
24/02/2011,0.88,0.88,0.88,0.88,15000
25/02/2011,0.855,0.855,0.84,0.84,31000
28/02/2011,0.84,0.85,0.84,0.84,179000
01/03/2011,0.86,0.9,0.86,0.9,61456
02/03/2011,0.9,0.9,0.87,0.875,89270
03/03/2011,0.875,0.88,0.87,0.88,8630
04/03/2011,0.88,0.88,0.845,0.875,103968
07/03/2011,0.845,0.85,0.84,0.845,76650
08/03/2011,0.845,0.845,0.81,0.81,74696
09/03/2011,0.78,0.79,0.755,0.79,117707
10/03/2011,0.8,0.81,0.78,0.79,182800
11/03/2011,0.8,0.8,0.77,0.77,201896
14/03/2011,0.77,0.78,0.76,0.76,160754
15/03/2011,0.75,0.75,0.695,0.72,243015
16/03/2011,0.725,0.76,0.665,0.76,1264413
17/03/2011,0.72,0.73,0.7,0.71,268396
18/03/2011,0.73,0.82,0.73,0.81,120248
21/03/2011,0.815,0.875,0.815,0.825,154232
22/03/2011,0.85,0.88,0.835,0.845,202732
23/03/2011,0.865,0.87,0.8,0.8,333454
24/03/2011,0.81,0.82,0.79,0.79,55890
25/03/2011,0.78,0.78,0.77,0.77,50000
28/03/2011,0.77,0.77,0.74,0.76,180192
29/03/2011,0.76,0.8,0.745,0.75,17567
30/03/2011,0.79,0.79,0.77,0.78,20480
31/03/2011,0.78,0.78,0.76,0.78,64000
01/04/2011,0.78,0.78,0.76,0.76,141754
04/04/2011,0.76,0.76,0.73,0.75,19867
05/04/2011,0.75,0.76,0.74,0.76,285198
06/04/2011,0.765,0.79,0.755,0.77,88781
07/04/2011,0.78,0.78,0.765,0.765,135457
08/04/2011,0.77,0.8,0.77,0.77,69348
11/04/2011,0.77,0.8,0.74,0.8,72007
12/04/2011,0.8,0.8,0.77,0.775,54252
13/04/2011,0.8,0.8,0.76,0.76,108894
14/04/2011,0.76,0.78,0.76,0.78,47078
15/04/2011,0.78,0.78,0.76,0.78,131124
18/04/2011,0.775,0.785,0.775,0.785,30000
19/04/2011,0.775,0.785,0.77,0.775,84063
20/04/2011,0.775,0.775,0.775,0.775,10000
21/04/2011,0.79,0.81,0.79,0.8,596737
27/04/2011,0.8,0.8,0.78,0.78,88169
28/04/2011,0.78,0.78,0.745,0.78,185755
29/04/2011,0.75,0.75,0.715,0.72,200000
02/05/2011,0.73,0.75,0.72,0.72,87089
03/05/2011,0.715,0.715,0.645,0.66,136756
04/05/2011,0.67,0.685,0.67,0.68,84185
05/05/2011,0.68,0.68,0.64,0.67,154934
06/05/2011,0.65,0.68,0.65,0.68,77000
09/05/2011,0.68,0.7,0.68,0.69,46562
10/05/2011,0.69,0.725,0.69,0.69,18000
11/05/2011,0.71,0.73,0.7,0.7,276124
12/05/2011,0.7,0.7,0.67,0.695,240520
13/05/2011,0.67,0.67,0.67,0.67,47500
16/05/2011,0.67,0.67,0.65,0.65,84531
17/05/2011,0.62,0.635,0.58,0.62,603000
18/05/2011,0.62,0.62,0.6,0.6,145357
19/05/2011,0.6,0.62,0.6,0.61,75182
20/05/2011,0.61,0.64,0.61,0.64,30000
23/05/2011,0.64,0.64,0.64,0.64,15000
24/05/2011,0.61,0.61,0.6,0.6,53800
25/05/2011,0.62,0.62,0.59,0.59,319773
26/05/2011,0.6,0.61,0.59,0.61,669839
27/05/2011,0.61,0.61,0.6,0.6,194600
30/05/2011,0.6,0.6,0.6,0.6,0
31/05/2011,0.6,0.6,0.6,0.6,0
01/06/2011,0.615,0.62,0.615,0.615,88650
02/06/2011,0.615,0.62,0.61,0.61,41698
03/06/2011,0.61,0.61,0.6,0.6,114078
06/06/2011,0.59,0.59,0.59,0.59,44000
07/06/2011,0.59,0.59,0.55,0.55,325761
08/06/2011,0.57,0.57,0.56,0.56,126376
09/06/2011,0.57,0.57,0.57,0.57,7000
10/06/2011,0.59,0.59,0.58,0.58,336030
14/06/2011,0.58,0.58,0.58,0.58,100000
15/06/2011,0.6,0.61,0.59,0.6,192943
16/06/2011,0.59,0.59,0.57,0.57,127266
17/06/2011,0.57,0.57,0.57,0.57,26385
20/06/2011,0.575,0.58,0.575,0.575,65763
21/06/2011,0.58,0.58,0.56,0.56,429910
22/06/2011,0.56,0.58,0.56,0.57,50890
23/06/2011,0.575,0.575,0.55,0.55,219930
24/06/2011,0.55,0.55,0.55,0.55,26403
27/06/2011,0.55,0.55,0.53,0.53,71506
28/06/2011,0.54,0.54,0.52,0.54,37906
29/06/2011,0.545,0.545,0.54,0.54,189384
30/06/2011,0.535,0.54,0.52,0.54,109548
01/07/2011,0.55,0.55,0.55,0.55,10000
04/07/2011,0.55,0.55,0.55,0.55,118500
05/07/2011,0.54,0.54,0.52,0.52,5000
06/07/2011,0.52,0.52,0.52,0.52,13250
07/07/2011,0.54,0.54,0.53,0.53,200000
08/07/2011,0.54,0.54,0.54,0.54,10000
11/07/2011,0.54,0.565,0.54,0.565,26200
12/07/2011,0.565,0.565,0.565,0.565,0
13/07/2011,0.56,0.56,0.54,0.54,89914
14/07/2011,0.58,0.61,0.58,0.61,160441
15/07/2011,0.625,0.625,0.59,0.59,134314
18/07/2011,0.62,0.69,0.62,0.69,253889
19/07/2011,0.685,0.72,0.67,0.72,394845
20/07/2011,0.705,0.72,0.68,0.71,320136
21/07/2011,0.7,0.7,0.69,0.69,99000
22/07/2011,0.69,0.71,0.69,0.7,287540
25/07/2011,0.715,0.715,0.7,0.7,264800
26/07/2011,0.69,0.69,0.68,0.68,124901
27/07/2011,0.67,0.67,0.65,0.65,123600
28/07/2011,0.68,0.68,0.67,0.67,20200
29/07/2011,0.67,0.67,0.65,0.65,76290
01/08/2011,0.67,0.67,0.67,0.67,159336
02/08/2011,0.675,0.69,0.675,0.68,152581
03/08/2011,0.685,0.685,0.685,0.685,5730
04/08/2011,0.675,0.68,0.675,0.675,1664750
05/08/2011,0.63,0.645,0.56,0.57,279437
08/08/2011,0.61,0.61,0.56,0.58,162859
09/08/2011,0.56,0.58,0.54,0.57,158870
10/08/2011,0.58,0.6,0.58,0.6,154830
11/08/2011,0.6,0.65,0.6,0.65,364385
12/08/2011,0.62,0.64,0.6,0.6,32500
15/08/2011,0.6,0.6,0.6,0.6,0
16/08/2011,0.61,0.63,0.61,0.615,210000
17/08/2011,0.61,0.61,0.61,0.61,159860
18/08/2011,0.615,0.65,0.615,0.63,148661
19/08/2011,0.63,0.64,0.615,0.64,84500
22/08/2011,0.64,0.64,0.62,0.62,35000
23/08/2011,0.63,0.66,0.62,0.63,331517
24/08/2011,0.625,0.625,0.615,0.615,58000
25/08/2011,0.615,0.615,0.6,0.61,34498
26/08/2011,0.65,0.7,0.65,0.68,730297
29/08/2011,0.695,0.695,0.67,0.67,113578
30/08/2011,0.69,0.69,0.65,0.65,124424
31/08/2011,0.65,0.65,0.62,0.65,340123
01/09/2011,0.63,0.65,0.62,0.65,55000
02/09/2011,0.67,0.67,0.67,0.67,54566
05/09/2011,0.665,0.695,0.63,0.675,265094
06/09/2011,0.65,0.66,0.65,0.66,138000
07/09/2011,0.655,0.655,0.65,0.65,25000
08/09/2011,0.66,0.66,0.66,0.66,107294
09/09/2011,0.67,0.67,0.66,0.66,59000
12/09/2011,0.66,0.66,0.65,0.65,47500
13/09/2011,0.65,0.65,0.635,0.635,108225
14/09/2011,0.64,0.64,0.59,0.59,221580
15/09/2011,0.58,0.6,0.58,0.6,213000
16/09/2011,0.6,0.625,0.6,0.61,89960
19/09/2011,0.61,0.61,0.6,0.6,247730
20/09/2011,0.58,0.6,0.575,0.575,130093
21/09/2011,0.6,0.6,0.575,0.58,154179
22/09/2011,0.58,0.6,0.58,0.59,143051
23/09/2011,0.565,0.565,0.54,0.545,129469
26/09/2011,0.545,0.545,0.51,0.51,145000
27/09/2011,0.49,0.5,0.45,0.48,922207
28/09/2011,0.45,0.45,0.43,0.45,245965
29/09/2011,0.44,0.44,0.43,0.435,82749
30/09/2011,0.44,0.44,0.435,0.44,44700
03/10/2011,0.435,0.435,0.415,0.415,98375
04/10/2011,0.425,0.435,0.42,0.425,121436
05/10/2011,0.425,0.425,0.4,0.4,130000
06/10/2011,0.41,0.43,0.41,0.43,42000
07/10/2011,0.43,0.465,0.43,0.465,382462
10/10/2011,0.465,0.465,0.465,0.465,0
11/10/2011,0.47,0.5,0.47,0.5,165000
12/10/2011,0.5,0.5,0.5,0.5,20000
13/10/2011,0.495,0.495,0.48,0.49,75714
14/10/2011,0.5,0.51,0.5,0.51,48664
17/10/2011,0.51,0.51,0.51,0.51,0
18/10/2011,0.495,0.495,0.475,0.475,200286
19/10/2011,0.495,0.495,0.495,0.495,47000
20/10/2011,0.495,0.495,0.495,0.495,0
21/10/2011,0.495,0.495,0.495,0.495,0
24/10/2011,0.495,0.495,0.495,0.495,5000
25/10/2011,0.505,0.505,0.49,0.495,44847
26/10/2011,0.54,0.55,0.5,0.52,923536
27/10/2011,0.53,0.56,0.53,0.56,411000
28/10/2011,0.58,0.6,0.565,0.58,506481
31/10/2011,0.6,0.61,0.58,0.58,310556
01/11/2011,0.6,0.605,0.6,0.605,69249
02/11/2011,0.6,0.6,0.575,0.58,148674
03/11/2011,0.585,0.59,0.585,0.59,243282
04/11/2011,0.6,0.65,0.6,0.635,459743
07/11/2011,0.63,0.63,0.625,0.63,189609
08/11/2011,0.63,0.635,0.615,0.615,419513
09/11/2011,0.63,0.665,0.625,0.65,1171172
10/11/2011,0.62,0.63,0.6,0.63,568358
11/11/2011,0.635,0.71,0.635,0.695,895514
14/11/2011,0.7,0.715,0.675,0.69,481116
15/11/2011,0.68,0.69,0.675,0.68,573919
16/11/2011,0.675,0.69,0.675,0.69,612106
17/11/2011,0.68,0.68,0.67,0.68,443176
18/11/2011,0.68,0.68,0.665,0.675,1695770
21/11/2011,0.67,0.67,0.63,0.63,427000
22/11/2011,0.6,0.605,0.575,0.6,658038
23/11/2011,0.6,0.6,0.58,0.58,145558
24/11/2011,0.57,0.58,0.555,0.58,197139
25/11/2011,0.58,0.58,0.55,0.57,134063
28/11/2011,0.575,0.6,0.575,0.6,359657
29/11/2011,0.595,0.6,0.58,0.58,103831
30/11/2011,0.565,0.575,0.55,0.56,103000
01/12/2011,0.58,0.59,0.57,0.58,233716
02/12/2011,0.57,0.57,0.57,0.57,50000
05/12/2011,0.57,0.57,0.56,0.56,163842
06/12/2011,0.575,0.595,0.575,0.595,204000
07/12/2011,0.59,0.59,0.58,0.58,36735
08/12/2011,0.58,0.59,0.58,0.59,160976
09/12/2011,0.575,0.575,0.53,0.53,145000
12/12/2011,0.54,0.54,0.54,0.54,5200
13/12/2011,0.57,0.57,0.55,0.55,55000
14/12/2011,0.51,0.53,0.5,0.53,108830
15/12/2011,0.49,0.49,0.46,0.475,288319
16/12/2011,0.46,0.5,0.46,0.5,153701
19/12/2011,0.5,0.5,0.44,0.46,137963
20/12/2011,0.45,0.45,0.45,0.45,17870
21/12/2011,0.45,0.48,0.45,0.48,75630
22/12/2011,0.47,0.475,0.47,0.47,51370
23/12/2011,0.465,0.465,0.465,0.465,20000
28/12/2011,0.475,0.475,0.47,0.47,140000
29/12/2011,0.43,0.44,0.39,0.44,110000
30/12/2011,0.475,0.475,0.475,0.475,25000
03/01/2012,0.475,0.475,0.475,0.475,30000
04/01/2012,0.48,0.5,0.48,0.49,195300
05/01/2012,0.475,0.475,0.475,0.475,19773
06/01/2012,0.475,0.475,0.46,0.46,13662
09/01/2012,0.46,0.46,0.46,0.46,0
10/01/2012,0.46,0.46,0.46,0.46,0
11/01/2012,0.46,0.46,0.46,0.46,0
12/01/2012,0.465,0.465,0.465,0.465,20000
13/01/2012,0.465,0.465,0.465,0.465,118620
16/01/2012,0.465,0.47,0.45,0.45,575936
17/01/2012,0.48,0.5,0.48,0.5,40000
18/01/2012,0.5,0.54,0.5,0.51,119860
19/01/2012,0.51,0.51,0.49,0.49,710000
20/01/2012,0.51,0.52,0.5,0.5,376710
23/01/2012,0.5,0.5,0.47,0.47,224368
24/01/2012,0.47,0.47,0.46,0.46,80278
25/01/2012,0.46,0.47,0.46,0.46,137922
27/01/2012,0.46,0.46,0.46,0.46,260000
30/01/2012,0.46,0.46,0.45,0.455,143819
31/01/2012,0.46,0.47,0.43,0.46,439781
01/02/2012,0.46,0.46,0.46,0.46,411000
02/02/2012,0.46,0.465,0.45,0.465,278000
03/02/2012,0.46,0.46,0.46,0.46,521000
06/02/2012,0.46,0.47,0.46,0.46,68000
07/02/2012,0.46,0.47,0.455,0.455,236700
08/02/2012,0.455,0.455,0.43,0.43,230300
09/02/2012,0.43,0.46,0.43,0.44,297000
10/02/2012,0.45,0.5,0.45,0.49,1244898
13/02/2012,0.49,0.49,0.47,0.485,157090
14/02/2012,0.48,0.48,0.46,0.46,64510
15/02/2012,0.52,0.55,0.52,0.53,941869
16/02/2012,0.55,0.57,0.54,0.57,261974
17/02/2012,0.57,0.61,0.57,0.6,976839
20/02/2012,0.62,0.64,0.61,0.62,448200
21/02/2012,0.62,0.64,0.6,0.62,250735
22/02/2012,0.625,0.65,0.625,0.65,360242
23/02/2012,0.745,0.79,0.685,0.685,878345
24/02/2012,0.69,0.75,0.69,0.72,622036
27/02/2012,0.72,0.745,0.705,0.71,218725
28/02/2012,0.71,0.72,0.69,0.69,175953
29/02/2012,0.7,0.7,0.685,0.7,267605
01/03/2012,0.65,0.67,0.65,0.655,170083
02/03/2012,0.665,0.695,0.665,0.68,74721
05/03/2012,0.68,0.695,0.68,0.69,100809
06/03/2012,0.69,0.69,0.66,0.66,94192
07/03/2012,0.65,0.665,0.635,0.665,113501
08/03/2012,0.67,0.68,0.665,0.67,196700
09/03/2012,0.675,0.675,0.66,0.66,37423
12/03/2012,0.66,0.675,0.66,0.66,67176
13/03/2012,0.66,0.7,0.66,0.66,74392
14/03/2012,0.685,0.72,0.68,0.69,353278
15/03/2012,0.7,0.725,0.69,0.7,474583
16/03/2012,0.7,0.71,0.7,0.7,70000
19/03/2012,0.705,0.705,0.69,0.69,193026
20/03/2012,0.705,0.725,0.69,0.69,209956
21/03/2012,0.675,0.69,0.67,0.675,107317
22/03/2012,0.68,0.705,0.68,0.705,170803
23/03/2012,0.73,0.74,0.72,0.725,262850
26/03/2012,0.725,0.725,0.705,0.705,177989
27/03/2012,0.72,0.725,0.695,0.695,151458
28/03/2012,0.69,0.69,0.67,0.67,182608
29/03/2012,0.67,0.67,0.65,0.65,68759
30/03/2012,0.665,0.675,0.625,0.625,51434
02/04/2012,0.62,0.675,0.62,0.67,50863
03/04/2012,0.66,0.66,0.66,0.66,21145
04/04/2012,0.655,0.655,0.61,0.61,112574
05/04/2012,0.61,0.635,0.61,0.63,38813
10/04/2012,0.625,0.635,0.61,0.63,209894
11/04/2012,0.63,0.63,0.57,0.615,114501
12/04/2012,0.57,0.57,0.54,0.57,100411
13/04/2012,0.56,0.56,0.56,0.56,139000
16/04/2012,0.54,0.56,0.51,0.52,142538
17/04/2012,0.52,0.52,0.495,0.495,104026
18/04/2012,0.49,0.575,0.48,0.53,653416
19/04/2012,0.555,0.59,0.555,0.58,537514
20/04/2012,0.585,0.6,0.585,0.6,35000
23/04/2012,0.62,0.62,0.585,0.585,129586
24/04/2012,0.6,0.6,0.58,0.585,57251
26/04/2012,0.57,0.595,0.54,0.57,83829
27/04/2012,0.54,0.57,0.51,0.51,126777
30/04/2012,0.51,0.545,0.495,0.495,86460
01/05/2012,0.5,0.515,0.5,0.5,60601
02/05/2012,0.51,0.52,0.5,0.5,52640
03/05/2012,0.5,0.53,0.5,0.52,102603
04/05/2012,0.52,0.53,0.5,0.53,59918
07/05/2012,0.5,0.53,0.495,0.495,268470
08/05/2012,0.495,0.52,0.495,0.52,167378
09/05/2012,0.49,0.49,0.49,0.49,49000
10/05/2012,0.49,0.55,0.49,0.545,549547
11/05/2012,0.545,0.545,0.5,0.5,60573
14/05/2012,0.54,0.57,0.535,0.535,96522
15/05/2012,0.54,0.545,0.495,0.505,564636
16/05/2012,0.49,0.5,0.44,0.44,355190
17/05/2012,0.45,0.45,0.37,0.38,1660338
18/05/2012,0.395,0.395,0.375,0.38,265655
21/05/2012,0.38,0.385,0.37,0.37,61777
22/05/2012,0.38,0.39,0.36,0.36,130377
23/05/2012,0.355,0.355,0.35,0.355,162134
24/05/2012,0.355,0.36,0.355,0.36,34000
25/05/2012,0.355,0.355,0.335,0.335,162394
28/05/2012,0.335,0.335,0.3,0.32,250741
29/05/2012,0.325,0.345,0.325,0.335,47590
30/05/2012,0.35,0.37,0.35,0.36,47300
31/05/2012,0.35,0.35,0.33,0.35,3886888
01/06/2012,0.36,0.36,0.36,0.36,13500
04/06/2012,0.35,0.35,0.33,0.33,158800
05/06/2012,0.34,0.345,0.33,0.345,185000
06/06/2012,0.345,0.345,0.34,0.34,10000
07/06/2012,0.36,0.365,0.35,0.35,133910
08/06/2012,0.35,0.35,0.35,0.35,0
12/06/2012,0.35,0.35,0.35,0.35,0
13/06/2012,0.35,0.35,0.35,0.35,0
14/06/2012,0.35,0.35,0.33,0.33,37300
15/06/2012,0.34,0.35,0.33,0.35,204825
18/06/2012,0.34,0.35,0.34,0.34,230350
19/06/2012,0.34,0.34,0.335,0.335,471617
20/06/2012,0.335,0.335,0.335,0.335,325626
21/06/2012,0.335,0.335,0.325,0.325,200777
22/06/2012,0.31,0.325,0.31,0.32,22504
25/06/2012,0.315,0.315,0.3,0.305,95728
26/06/2012,0.305,0.31,0.3,0.3,229410
27/06/2012,0.3,0.31,0.3,0.3,285645
28/06/2012,0.305,0.31,0.295,0.31,344767
29/06/2012,0.33,0.33,0.32,0.325,289321
02/07/2012,0.33,0.33,0.31,0.315,87610
03/07/2012,0.315,0.315,0.315,0.315,25000
04/07/2012,0.32,0.345,0.32,0.325,84000
05/07/2012,0.325,0.335,0.325,0.335,79470
06/07/2012,0.34,0.34,0.335,0.34,121000
09/07/2012,0.33,0.34,0.33,0.34,29300
10/07/2012,0.325,0.325,0.32,0.32,50000
11/07/2012,0.32,0.32,0.32,0.32,222582
12/07/2012,0.33,0.33,0.32,0.32,57750
13/07/2012,0.32,0.325,0.32,0.325,35000
16/07/2012,0.32,0.33,0.31,0.31,72600
17/07/2012,0.335,0.335,0.32,0.335,131700
18/07/2012,0.325,0.325,0.32,0.32,20000
19/07/2012,0.32,0.32,0.31,0.32,77300
20/07/2012,0.325,0.325,0.32,0.32,13762
23/07/2012,0.32,0.32,0.31,0.31,10730
24/07/2012,0.31,0.31,0.3,0.3,82028
25/07/2012,0.3,0.315,0.3,0.315,49505
26/07/2012,0.32,0.33,0.32,0.32,54800
27/07/2012,0.33,0.335,0.33,0.33,72500
30/07/2012,0.34,0.34,0.33,0.33,48330
31/07/2012,0.31,0.33,0.305,0.32,210200
01/08/2012,0.32,0.32,0.32,0.32,145000
02/08/2012,0.32,0.32,0.32,0.32,45900
03/08/2012,0.315,0.315,0.31,0.31,23183
06/08/2012,0.31,0.33,0.31,0.31,95000
07/08/2012,0.32,0.32,0.32,0.32,5000
08/08/2012,0.32,0.32,0.32,0.32,120000
09/08/2012,0.32,0.32,0.31,0.31,56690
10/08/2012,0.315,0.315,0.3,0.31,249266
13/08/2012,0.3,0.31,0.3,0.3,181685
14/08/2012,0.3,0.3,0.3,0.3,0
15/08/2012,0.305,0.33,0.305,0.32,402000
16/08/2012,0.32,0.32,0.31,0.32,357918
17/08/2012,0.33,0.35,0.33,0.35,168724
20/08/2012,0.35,0.36,0.34,0.35,341930
21/08/2012,0.35,0.35,0.34,0.34,144000
22/08/2012,0.35,0.4,0.35,0.4,429862
23/08/2012,0.39,0.39,0.385,0.385,60409
24/08/2012,0.43,0.44,0.4,0.4,427948
27/08/2012,0.4,0.4,0.36,0.36,134200
28/08/2012,0.355,0.385,0.355,0.385,149000
29/08/2012,0.395,0.405,0.395,0.4,353141
30/08/2012,0.41,0.425,0.41,0.42,586280
31/08/2012,0.43,0.44,0.405,0.43,122894
03/09/2012,0.45,0.45,0.45,0.45,366428
04/09/2012,0.45,0.45,0.44,0.44,159717
05/09/2012,0.435,0.435,0.4,0.4,1093250
06/09/2012,0.415,0.43,0.41,0.41,255500
07/09/2012,0.415,0.42,0.415,0.415,195718
10/09/2012,0.425,0.425,0.42,0.425,51665
11/09/2012,0.43,0.44,0.425,0.435,152989
12/09/2012,0.44,0.45,0.435,0.44,42247
13/09/2012,0.435,0.435,0.43,0.43,116000
14/09/2012,0.44,0.45,0.44,0.45,94680
17/09/2012,0.44,0.47,0.44,0.46,204707
18/09/2012,0.48,0.49,0.46,0.46,358419
19/09/2012,0.455,0.48,0.45,0.48,183508
20/09/2012,0.47,0.48,0.47,0.47,68155
21/09/2012,0.47,0.47,0.47,0.47,45264
24/09/2012,0.45,0.45,0.44,0.44,83870
25/09/2012,0.45,0.45,0.44,0.44,80000
26/09/2012,0.44,0.45,0.44,0.45,120850
27/09/2012,0.44,0.45,0.44,0.45,83981
28/09/2012,0.45,0.45,0.42,0.44,55981
01/10/2012,0.44,0.44,0.44,0.44,4599
02/10/2012,0.45,0.45,0.44,0.44,39704
03/10/2012,0.44,0.44,0.43,0.43,70912
04/10/2012,0.42,0.43,0.42,0.43,86002
05/10/2012,0.43,0.45,0.43,0.45,119550
08/10/2012,0.45,0.46,0.45,0.46,126751
09/10/2012,0.46,0.465,0.46,0.46,175770
10/10/2012,0.46,0.47,0.445,0.445,140797
11/10/2012,0.46,0.46,0.445,0.445,11036
12/10/2012,0.44,0.45,0.44,0.45,26964
15/10/2012,0.44,0.44,0.43,0.43,113556
16/10/2012,0.43,0.435,0.42,0.42,82973
17/10/2012,0.425,0.44,0.42,0.42,17000
18/10/2012,0.43,0.445,0.43,0.445,175000
19/10/2012,0.435,0.455,0.435,0.44,273370
22/10/2012,0.43,0.435,0.43,0.43,66185
23/10/2012,0.44,0.44,0.44,0.44,32730
24/10/2012,0.44,0.44,0.425,0.435,160000
25/10/2012,0.435,0.435,0.435,0.435,1000
26/10/2012,0.445,0.445,0.43,0.43,41800
29/10/2012,0.435,0.435,0.43,0.43,48000
30/10/2012,0.435,0.435,0.42,0.42,189695
31/10/2012,0.43,0.43,0.43,0.43,177178
01/11/2012,0.42,0.42,0.4,0.415,61982
02/11/2012,0.415,0.42,0.415,0.42,60000
05/11/2012,0.415,0.415,0.415,0.415,1205
06/11/2012,0.4,0.4,0.4,0.4,21666
07/11/2012,0.39,0.395,0.39,0.395,5000
08/11/2012,0.395,0.395,0.395,0.395,2000
09/11/2012,0.395,0.395,0.395,0.395,82000
12/11/2012,0.395,0.395,0.395,0.395,0
13/11/2012,0.395,0.395,0.38,0.39,92286
14/11/2012,0.38,0.38,0.375,0.375,116995
15/11/2012,0.375,0.375,0.375,0.375,429251
16/11/2012,0.375,0.395,0.375,0.395,60924
19/11/2012,0.4,0.4,0.4,0.4,21000
20/11/2012,0.385,0.385,0.38,0.38,317702
21/11/2012,0.38,0.38,0.375,0.375,32500
22/11/2012,0.385,0.4,0.385,0.4,174955
23/11/2012,0.385,0.385,0.38,0.385,70000
26/11/2012,0.395,0.395,0.395,0.395,25000
27/11/2012,0.385,0.385,0.385,0.385,3000
28/11/2012,0.385,0.385,0.385,0.385,155572
29/11/2012,0.385,0.385,0.375,0.375,257833
30/11/2012,0.38,0.38,0.365,0.365,64017
03/12/2012,0.37,0.37,0.37,0.37,10000
04/12/2012,0.365,0.38,0.33,0.33,198416
05/12/2012,0.34,0.375,0.34,0.345,67097
06/12/2012,0.36,0.36,0.36,0.36,10000
07/12/2012,0.35,0.35,0.345,0.345,55000
10/12/2012,0.355,0.355,0.345,0.345,22000
11/12/2012,0.345,0.355,0.345,0.345,6395
12/12/2012,0.345,0.345,0.345,0.345,7175
13/12/2012,0.35,0.35,0.33,0.33,194028
14/12/2012,0.33,0.35,0.31,0.35,133369
17/12/2012,0.36,0.36,0.35,0.35,50196
18/12/2012,0.33,0.35,0.33,0.35,58647
19/12/2012,0.35,0.35,0.35,0.35,0
20/12/2012,0.35,0.35,0.34,0.345,33580
21/12/2012,0.345,0.345,0.34,0.34,46250
24/12/2012,0.335,0.335,0.33,0.33,190000
27/12/2012,0.33,0.33,0.33,0.33,0
28/12/2012,0.34,0.34,0.33,0.33,321750
31/12/2012,0.33,0.33,0.33,0.33,0
02/01/2013,0.33,0.335,0.33,0.335,27786
03/01/2013,0.33,0.33,0.325,0.325,27545
04/01/2013,0.33,0.335,0.33,0.335,25575
07/01/2013,0.325,0.325,0.32,0.32,32887
08/01/2013,0.32,0.32,0.315,0.32,90000
09/01/2013,0.32,0.33,0.32,0.33,53425
10/01/2013,0.32,0.33,0.315,0.33,62500
11/01/2013,0.325,0.325,0.315,0.32,88900
14/01/2013,0.32,0.32,0.32,0.32,120703
15/01/2013,0.32,0.325,0.32,0.32,60000
16/01/2013,0.32,0.32,0.32,0.32,164344
17/01/2013,0.325,0.33,0.325,0.33,450952
18/01/2013,0.355,0.355,0.355,0.355,50000
21/01/2013,0.355,0.36,0.35,0.355,75892
22/01/2013,0.35,0.35,0.34,0.34,194422
23/01/2013,0.35,0.37,0.33,0.34,256797
24/01/2013,0.34,0.34,0.335,0.335,28000
25/01/2013,0.325,0.325,0.315,0.315,81499
29/01/2013,0.315,0.33,0.315,0.32,347892
30/01/2013,0.315,0.32,0.315,0.32,66671
31/01/2013,0.315,0.315,0.315,0.315,27533
01/02/2013,0.315,0.32,0.3,0.3,121792
04/02/2013,0.3,0.31,0.29,0.31,50000
05/02/2013,0.29,0.29,0.29,0.29,3000
06/02/2013,0.285,0.285,0.285,0.285,17000
07/02/2013,0.285,0.285,0.28,0.285,168806
08/02/2013,0.28,0.285,0.275,0.285,199185
11/02/2013,0.28,0.295,0.27,0.295,1082311
12/02/2013,0.28,0.28,0.27,0.275,62311
13/02/2013,0.275,0.275,0.27,0.27,51311
14/02/2013,0.27,0.27,0.27,0.27,0
15/02/2013,0.29,0.29,0.27,0.27,324296
18/02/2013,0.27,0.29,0.27,0.275,258801
19/02/2013,0.27,0.28,0.26,0.265,293531
20/02/2013,0.265,0.265,0.255,0.255,147584
21/02/2013,0.25,0.25,0.23,0.235,357521
22/02/2013,0.235,0.24,0.23,0.24,112634
25/02/2013,0.24,0.24,0.23,0.23,271844
26/02/2013,0.23,0.23,0.23,0.23,60000
27/02/2013,0.225,0.285,0.225,0.285,282906
28/02/2013,0.28,0.28,0.265,0.265,230793
01/03/2013,0.265,0.27,0.255,0.26,65638
04/03/2013,0.26,0.26,0.26,0.26,129522
05/03/2013,0.25,0.25,0.235,0.235,74430
06/03/2013,0.24,0.24,0.235,0.235,110000
07/03/2013,0.24,0.24,0.225,0.225,393095
08/03/2013,0.23,0.24,0.225,0.23,81900
11/03/2013,0.23,0.23,0.225,0.23,66278
12/03/2013,0.23,0.24,0.225,0.225,140197
13/03/2013,0.225,0.24,0.22,0.225,73596
14/03/2013,0.225,0.23,0.225,0.23,20500
15/03/2013,0.22,0.23,0.22,0.23,32156
18/03/2013,0.23,0.23,0.23,0.23,222999
19/03/2013,0.235,0.235,0.23,0.23,244580
20/03/2013,0.23,0.23,0.225,0.23,290500
21/03/2013,0.23,0.27,0.23,0.27,403214
22/03/2013,0.28,0.29,0.28,0.29,133241
25/03/2013,0.28,0.28,0.25,0.27,158508
26/03/2013,0.265,0.265,0.25,0.25,25000
27/03/2013,0.26,0.27,0.26,0.26,138130
28/03/2013,0.27,0.27,0.245,0.245,94650
02/04/2013,0.25,0.25,0.235,0.235,31116
03/04/2013,0.23,0.23,0.22,0.22,159815
04/04/2013,0.22,0.22,0.2,0.21,118866
05/04/2013,0.21,0.21,0.19,0.19,149892
08/04/2013,0.2,0.21,0.2,0.21,135519
09/04/2013,0.205,0.21,0.205,0.21,71481
10/04/2013,0.22,0.23,0.215,0.215,140419
11/04/2013,0.215,0.215,0.215,0.215,0
12/04/2013,0.22,0.22,0.205,0.205,86422
15/04/2013,0.19,0.2,0.175,0.175,128654
16/04/2013,0.17,0.18,0.16,0.16,359590
17/04/2013,0.165,0.165,0.16,0.16,58116
18/04/2013,0.14,0.15,0.14,0.15,104834
19/04/2013,0.15,0.19,0.15,0.19,192085
22/04/2013,0.185,0.185,0.16,0.175,43238
23/04/2013,0.18,0.185,0.175,0.18,156016
24/04/2013,0.175,0.18,0.17,0.175,293250
26/04/2013,0.175,0.195,0.175,0.185,170596
29/04/2013,0.2,0.2,0.185,0.19,209150
30/04/2013,0.195,0.195,0.195,0.195,46793
01/05/2013,0.22,0.23,0.2,0.21,441920
02/05/2013,0.21,0.225,0.205,0.205,185569
03/05/2013,0.21,0.21,0.2,0.205,195454
06/05/2013,0.205,0.21,0.205,0.205,31915
07/05/2013,0.21,0.215,0.205,0.205,90720
08/05/2013,0.205,0.21,0.205,0.21,21127
09/05/2013,0.21,0.21,0.21,0.21,0
10/05/2013,0.21,0.21,0.2,0.2,52050
13/05/2013,0.2,0.2,0.2,0.2,191946
14/05/2013,0.2,0.2,0.2,0.2,34426
15/05/2013,0.2,0.2,0.185,0.19,25202
16/05/2013,0.19,0.19,0.18,0.19,67754
17/05/2013,0.18,0.18,0.18,0.18,5000
20/05/2013,0.16,0.16,0.16,0.16,70000
21/05/2013,0.165,0.17,0.165,0.165,166963
22/05/2013,0.16,0.16,0.15,0.15,165000
23/05/2013,0.165,0.165,0.15,0.15,83700
24/05/2013,0.16,0.16,0.155,0.155,16071
27/05/2013,0.16,0.16,0.16,0.16,6910
28/05/2013,0.165,0.165,0.165,0.165,41400
29/05/2013,0.165,0.165,0.15,0.15,61256
30/05/2013,0.15,0.15,0.145,0.145,56919
31/05/2013,0.15,0.155,0.145,0.155,110179
03/06/2013,0.155,0.155,0.11,0.11,18955
04/06/2013,0.135,0.14,0.135,0.14,75679
05/06/2013,0.15,0.15,0.15,0.15,10000
06/06/2013,0.15,0.16,0.14,0.14,200410
07/06/2013,0.14,0.14,0.14,0.14,60000
11/06/2013,0.135,0.135,0.13,0.13,29874
12/06/2013,0.125,0.125,0.12,0.12,158539
13/06/2013,0.125,0.125,0.11,0.11,8159
14/06/2013,0.11,0.115,0.11,0.11,152846
17/06/2013,0.125,0.125,0.115,0.12,47360
18/06/2013,0.125,0.125,0.11,0.11,59101
19/06/2013,0.115,0.135,0.115,0.135,436480
20/06/2013,0.13,0.13,0.13,0.13,19000
21/06/2013,0.125,0.125,0.115,0.115,381200
24/06/2013,0.12,0.12,0.105,0.105,909515
25/06/2013,0.115,0.115,0.1,0.11,170000
26/06/2013,0.105,0.115,0.1,0.115,149021
27/06/2013,0.11,0.11,0.105,0.11,510676
28/06/2013,0.11,0.11,0.105,0.105,538317
01/07/2013,0.11,0.12,0.105,0.12,434803
02/07/2013,0.125,0.13,0.125,0.125,201500
03/07/2013,0.125,0.125,0.12,0.12,80000
04/07/2013,0.12,0.12,0.12,0.12,0
05/07/2013,0.12,0.12,0.12,0.12,0
08/07/2013,0.12,0.12,0.12,0.12,34000
09/07/2013,0.12,0.12,0.12,0.12,40000
10/07/2013,0.12,0.12,0.12,0.12,36000
11/07/2013,0.12,0.12,0.12,0.12,0
12/07/2013,0.12,0.125,0.12,0.125,303006
15/07/2013,0.125,0.125,0.125,0.125,35000
16/07/2013,0.125,0.125,0.125,0.125,160000
17/07/2013,0.115,0.125,0.115,0.125,116500
18/07/2013,0.125,0.125,0.125,0.125,39880
19/07/2013,0.115,0.12,0.115,0.12,66000
22/07/2013,0.115,0.13,0.115,0.13,65418
23/07/2013,0.14,0.145,0.14,0.145,35000
24/07/2013,0.145,0.15,0.145,0.145,105566
25/07/2013,0.135,0.135,0.13,0.13,50000
26/07/2013,0.14,0.14,0.14,0.14,20000
29/07/2013,0.145,0.145,0.14,0.14,208993
30/07/2013,0.14,0.14,0.14,0.14,26036
31/07/2013,0.14,0.14,0.135,0.135,173964
01/08/2013,0.135,0.135,0.13,0.13,25000
02/08/2013,0.145,0.145,0.135,0.135,96000
05/08/2013,0.14,0.14,0.135,0.135,32500
06/08/2013,0.13,0.13,0.13,0.13,65000
07/08/2013,0.13,0.13,0.13,0.13,0
08/08/2013,0.14,0.15,0.135,0.14,131591
09/08/2013,0.135,0.14,0.135,0.14,98715
12/08/2013,0.14,0.15,0.14,0.15,335000
13/08/2013,0.15,0.17,0.15,0.155,667356
14/08/2013,0.155,0.16,0.15,0.15,764570
15/08/2013,0.15,0.16,0.15,0.15,584459
16/08/2013,0.15,0.15,0.15,0.15,377966
19/08/2013,0.15,0.15,0.145,0.15,278500
20/08/2013,0.15,0.15,0.145,0.145,727155
21/08/2013,0.15,0.16,0.15,0.15,1203757
22/08/2013,0.15,0.15,0.15,0.15,95641
23/08/2013,0.15,0.165,0.15,0.155,321965
26/08/2013,0.16,0.165,0.16,0.16,467500
27/08/2013,0.16,0.16,0.15,0.155,647536
28/08/2013,0.15,0.155,0.15,0.15,865668
29/08/2013,0.15,0.15,0.15,0.15,644793
30/08/2013,0.15,0.15,0.145,0.145,116082
02/09/2013,0.14,0.145,0.14,0.145,108725
03/09/2013,0.145,0.145,0.145,0.145,9875
04/09/2013,0.145,0.145,0.145,0.145,0
05/09/2013,0.14,0.15,0.14,0.14,203400
06/09/2013,0.135,0.135,0.13,0.13,408000
09/09/2013,0.13,0.13,0.12,0.125,117300
10/09/2013,0.125,0.13,0.12,0.12,300888
11/09/2013,0.12,0.12,0.115,0.115,97000
12/09/2013,0.115,0.115,0.115,0.115,0
13/09/2013,0.115,0.115,0.115,0.115,0
16/09/2013,0.115,0.115,0.105,0.11,2342368
17/09/2013,0.115,0.115,0.115,0.115,270000
18/09/2013,0.115,0.115,0.115,0.115,34600
19/09/2013,0.11,0.115,0.11,0.115,346235
20/09/2013,0.115,0.115,0.11,0.11,829568
23/09/2013,0.11,0.11,0.1,0.105,474125
24/09/2013,0.11,0.11,0.11,0.11,824136
25/09/2013,0.11,0.115,0.11,0.115,755150
26/09/2013,0.12,0.13,0.11,0.11,350653
27/09/2013,0.125,0.135,0.115,0.115,121000
30/09/2013,0.13,0.13,0.13,0.13,7407
01/10/2013,0.12,0.12,0.12,0.12,200000
02/10/2013,0.115,0.115,0.11,0.11,223403
03/10/2013,0.115,0.115,0.11,0.11,559044
04/10/2013,0.115,0.12,0.115,0.115,73700
07/10/2013,0.11,0.11,0.11,0.11,23166
08/10/2013,0.11,0.11,0.11,0.11,355750
09/10/2013,0.11,0.11,0.105,0.105,386453
10/10/2013,0.11,0.11,0.11,0.11,211034
11/10/2013,0.115,0.115,0.105,0.105,410641
14/10/2013,0.105,0.11,0.105,0.11,85200
15/10/2013,0.115,0.115,0.11,0.11,465860
16/10/2013,0.11,0.11,0.11,0.11,128750
17/10/2013,0.11,0.115,0.105,0.11,168956
18/10/2013,0.12,0.12,0.12,0.12,39900
21/10/2013,0.105,0.12,0.105,0.11,107138
22/10/2013,0.115,0.115,0.11,0.11,100550
23/10/2013,0.12,0.12,0.115,0.115,207500
24/10/2013,0.115,0.12,0.115,0.12,92416
25/10/2013,0.12,0.125,0.12,0.12,420000
28/10/2013,0.12,0.12,0.12,0.12,68591
29/10/2013,0.12,0.12,0.12,0.12,352750
30/10/2013,0.115,0.115,0.11,0.115,150929
31/10/2013,0.11,0.11,0.105,0.105,537300
01/11/2013,0.11,0.115,0.11,0.115,165702
04/11/2013,0.115,0.115,0.11,0.11,118000
05/11/2013,0.11,0.11,0.105,0.11,204848
06/11/2013,0.11,0.115,0.11,0.11,605500
07/11/2013,0.11,0.12,0.11,0.115,334979
08/11/2013,0.12,0.12,0.11,0.115,208150
11/11/2013,0.11,0.11,0.105,0.11,182706
12/11/2013,0.105,0.11,0.105,0.11,795102
13/11/2013,0.105,0.11,0.105,0.11,10134
14/11/2013,0.105,0.105,0.1,0.1,1040397
15/11/2013,0.1,0.105,0.1,0.105,70586
18/11/2013,0.1,0.105,0.1,0.1,780673
19/11/2013,0.099,0.1,0.096,0.098,315682
20/11/2013,0.095,0.1,0.095,0.1,672000
21/11/2013,0.11,0.11,0.1,0.1,380314
22/11/2013,0.105,0.14,0.105,0.13,1725427
25/11/2013,0.13,0.135,0.115,0.125,2423481
26/11/2013,0.125,0.125,0.11,0.11,448878
27/11/2013,0.115,0.12,0.115,0.12,333088
28/11/2013,0.115,0.12,0.115,0.12,255933
29/11/2013,0.115,0.125,0.115,0.125,62421
02/12/2013,0.12,0.12,0.115,0.115,107246
03/12/2013,0.115,0.115,0.11,0.11,186100
04/12/2013,0.11,0.115,0.11,0.115,298836
05/12/2013,0.12,0.12,0.11,0.11,127476
06/12/2013,0.11,0.11,0.11,0.11,0
09/12/2013,0.11,0.11,0.11,0.11,27300
10/12/2013,0.105,0.125,0.105,0.12,450742
11/12/2013,0.12,0.12,0.12,0.12,250999
12/12/2013,0.12,0.12,0.115,0.12,607950
13/12/2013,0.115,0.115,0.115,0.115,80000
16/12/2013,0.115,0.12,0.115,0.115,30125
17/12/2013,0.115,0.115,0.11,0.115,231484
18/12/2013,0.115,0.12,0.115,0.12,272508
19/12/2013,0.11,0.11,0.11,0.11,20000
20/12/2013,0.115,0.115,0.11,0.115,125585
23/12/2013,0.11,0.11,0.105,0.105,115327
24/12/2013,0.105,0.105,0.105,0.105,0
27/12/2013,0.105,0.11,0.105,0.11,214884
30/12/2013,0.11,0.11,0.11,0.11,73000
31/12/2013,0.11,0.11,0.105,0.105,41250
02/01/2014,0.105,0.105,0.105,0.105,0
03/01/2014,0.115,0.115,0.115,0.115,45500
06/01/2014,0.115,0.12,0.115,0.12,527749
07/01/2014,0.125,0.125,0.12,0.125,754998
08/01/2014,0.12,0.12,0.115,0.12,25627
09/01/2014,0.12,0.12,0.12,0.12,490500
10/01/2014,0.12,0.12,0.11,0.12,456233
13/01/2014,0.12,0.12,0.115,0.12,45659
14/01/2014,0.115,0.12,0.115,0.12,70074
15/01/2014,0.12,0.12,0.12,0.12,0
16/01/2014,0.11,0.12,0.11,0.12,66081
17/01/2014,0.115,0.115,0.115,0.115,5500
20/01/2014,0.115,0.12,0.11,0.12,95600
21/01/2014,0.12,0.12,0.115,0.115,144356
22/01/2014,0.115,0.13,0.115,0.125,3869030
23/01/2014,0.125,0.125,0.115,0.115,667229
24/01/2014,0.12,0.125,0.115,0.115,509945
28/01/2014,0.11,0.11,0.11,0.11,35055
29/01/2014,0.115,0.115,0.115,0.115,120000
30/01/2014,0.115,0.115,0.115,0.115,280000
31/01/2014,0.115,0.115,0.11,0.11,154000
03/02/2014,0.11,0.11,0.11,0.11,455964
04/02/2014,0.11,0.11,0.11,0.11,120000
05/02/2014,0.11,0.11,0.105,0.105,300599
06/02/2014,0.105,0.105,0.105,0.105,335401
07/02/2014,0.1,0.105,0.1,0.105,632404
10/02/2014,0.105,0.105,0.105,0.105,53600
11/02/2014,0.11,0.11,0.105,0.11,324201
12/02/2014,0.11,0.11,0.105,0.11,623999
13/02/2014,0.11,0.11,0.11,0.11,169587
14/02/2014,0.11,0.135,0.11,0.125,2349633
17/02/2014,0.13,0.15,0.125,0.145,4789056
18/02/2014,0.15,0.155,0.13,0.13,3221613
19/02/2014,0.135,0.135,0.135,0.135,931779
20/02/2014,0.135,0.135,0.125,0.125,656883
21/02/2014,0.13,0.135,0.13,0.135,395950
24/02/2014,0.135,0.135,0.13,0.13,388041
25/02/2014,0.135,0.135,0.125,0.125,632288
26/02/2014,0.125,0.125,0.125,0.125,196774
27/02/2014,0.125,0.13,0.125,0.13,34400
28/02/2014,0.125,0.125,0.125,0.125,26778
03/03/2014,0.13,0.13,0.12,0.125,131749
04/03/2014,0.125,0.125,0.12,0.12,370500
05/03/2014,0.125,0.125,0.125,0.125,1864
06/03/2014,0.12,0.12,0.12,0.12,13688
07/03/2014,0.12,0.125,0.12,0.12,443291
10/03/2014,0.125,0.125,0.125,0.125,396771
11/03/2014,0.125,0.13,0.125,0.13,91572
12/03/2014,0.13,0.135,0.13,0.13,219333
13/03/2014,0.13,0.13,0.125,0.13,123000
14/03/2014,0.13,0.13,0.125,0.125,185007
17/03/2014,0.125,0.125,0.125,0.125,146000
18/03/2014,0.13,0.135,0.125,0.13,999608
19/03/2014,0.135,0.145,0.13,0.135,255779
20/03/2014,0.13,0.145,0.13,0.145,411750
21/03/2014,0.145,0.145,0.14,0.14,432500
24/03/2014,0.135,0.135,0.135,0.135,25000
25/03/2014,0.135,0.135,0.135,0.135,8000
26/03/2014,0.14,0.14,0.14,0.14,17264
27/03/2014,0.135,0.135,0.13,0.13,150550
28/03/2014,0.14,0.14,0.13,0.13,31224
31/03/2014,0.13,0.13,0.125,0.125,39940
01/04/2014,0.125,0.13,0.12,0.125,320000
02/04/2014,0.125,0.125,0.125,0.125,5000
03/04/2014,0.13,0.135,0.13,0.135,10846
04/04/2014,0.13,0.13,0.125,0.13,18994
07/04/2014,0.12,0.12,0.12,0.12,34400
08/04/2014,0.12,0.13,0.12,0.13,128100
09/04/2014,0.13,0.13,0.125,0.125,112971
10/04/2014,0.125,0.13,0.125,0.13,235996
11/04/2014,0.125,0.125,0.12,0.125,43573
14/04/2014,0.125,0.13,0.12,0.12,348750
15/04/2014,0.125,0.13,0.125,0.13,46000
16/04/2014,0.13,0.13,0.125,0.125,67115
17/04/2014,0.125,0.125,0.125,0.125,0
22/04/2014,0.12,0.12,0.12,0.12,26793
23/04/2014,0.12,0.12,0.12,0.12,138150
24/04/2014,0.12,0.12,0.12,0.12,15000
28/04/2014,0.12,0.12,0.12,0.12,0
29/04/2014,0.12,0.12,0.12,0.12,57001
30/04/2014,0.115,0.115,0.115,0.115,12950
01/05/2014,0.115,0.115,0.115,0.115,20000
02/05/2014,0.11,0.11,0.11,0.11,85029
05/05/2014,0.11,0.11,0.11,0.11,18476
06/05/2014,0.11,0.11,0.11,0.11,5186
07/05/2014,0.12,0.12,0.12,0.12,84534
08/05/2014,0.12,0.12,0.12,0.12,102918
09/05/2014,0.12,0.12,0.115,0.115,87895
12/05/2014,0.115,0.115,0.115,0.115,97001
13/05/2014,0.11,0.112,0.11,0.11,515186
14/05/2014,0.11,0.11,0.11,0.11,346999
15/05/2014,0.11,0.11,0.105,0.105,280001
16/05/2014,0.11,0.11,0.11,0.11,400000
19/05/2014,0.105,0.11,0.1,0.11,144000
20/05/2014,0.11,0.11,0.11,0.11,0
21/05/2014,0.11,0.11,0.1,0.1,208729
22/05/2014,0.105,0.105,0.105,0.105,19800
23/05/2014,0.1,0.105,0.1,0.105,289709
26/05/2014,0.105,0.105,0.1,0.1,205000
27/05/2014,0.1,0.105,0.1,0.1,106000
28/05/2014,0.1,0.1,0.1,0.1,51563
29/05/2014,0.1,0.1,0.1,0.1,0
30/05/2014,0.098,0.098,0.089,0.095,182066
02/06/2014,0.094,0.094,0.094,0.094,8000
03/06/2014,0.094,0.095,0.092,0.092,70000
04/06/2014,0.091,0.092,0.09,0.09,146684
05/06/2014,0.09,0.09,0.087,0.09,228862
06/06/2014,0.09,0.09,0.09,0.09,265200
10/06/2014,0.09,0.09,0.089,0.09,261224
11/06/2014,0.089,0.09,0.089,0.09,241929
12/06/2014,0.09,0.09,0.09,0.09,0
13/06/2014,0.092,0.092,0.089,0.089,65231
16/06/2014,0.095,0.095,0.093,0.095,239458
17/06/2014,0.099,0.1,0.095,0.1,165440
18/06/2014,0.1,0.1,0.095,0.095,35950
19/06/2014,0.095,0.095,0.095,0.095,203000
20/06/2014,0.099,0.105,0.099,0.105,168687
23/06/2014,0.105,0.105,0.096,0.096,197446
24/06/2014,0.098,0.1,0.098,0.1,1554
25/06/2014,0.105,0.105,0.1,0.1,314458
26/06/2014,0.105,0.105,0.1,0.1,190952
27/06/2014,0.11,0.115,0.11,0.11,381326
30/06/2014,0.12,0.12,0.115,0.12,315096
01/07/2014,0.125,0.13,0.12,0.13,379604
02/07/2014,0.13,0.13,0.13,0.13,0
03/07/2014,0.13,0.13,0.13,0.13,0
04/07/2014,0.13,0.13,0.13,0.13,0
07/07/2014,0.13,0.13,0.13,0.13,0
08/07/2014,0.13,0.13,0.13,0.13,0
09/07/2014,0.13,0.13,0.13,0.13,0
10/07/2014,0.13,0.13,0.13,0.13,0
11/07/2014,0.13,0.13,0.13,0.13,0
14/07/2014,0.13,0.13,0.13,0.13,0
15/07/2014,0.13,0.13,0.13,0.13,0
16/07/2014,0.13,0.13,0.13,0.13,0
17/07/2014,0.13,0.13,0.13,0.13,0
18/07/2014,0.13,0.13,0.13,0.13,0
21/07/2014,0.13,0.13,0.13,0.13,0
22/07/2014,0.13,0.13,0.13,0.13,0
23/07/2014,0.13,0.13,0.13,0.13,0
24/07/2014,0.13,0.13,0.13,0.13,0
25/07/2014,0.16,0.16,0.135,0.145,1377438
28/07/2014,0.15,0.15,0.145,0.145,1555375
29/07/2014,0.145,0.145,0.14,0.14,1135498
30/07/2014,0.14,0.14,0.13,0.135,2516505
31/07/2014,0.14,0.14,0.135,0.135,1145930
01/08/2014,0.135,0.135,0.135,0.135,293146
04/08/2014,0.14,0.14,0.135,0.135,578000
05/08/2014,0.14,0.14,0.135,0.135,210000
06/08/2014,0.135,0.137,0.135,0.137,639166
07/08/2014,0.135,0.137,0.135,0.135,34200
08/08/2014,0.137,0.137,0.137,0.137,20000
11/08/2014,0.135,0.137,0.135,0.135,1279803
12/08/2014,0.137,0.137,0.137,0.137,120000
13/08/2014,0.135,0.137,0.135,0.137,823697
14/08/2014,0.135,0.137,0.135,0.137,588303
15/08/2014,0.14,0.14,0.137,0.14,5171900
18/08/2014,0.14,0.14,0.14,0.14,2333880
19/08/2014,0.14,0.145,0.14,0.145,166690
20/08/2014,0.14,0.14,0.135,0.14,1531156
21/08/2014,0.145,0.145,0.14,0.14,261824
22/08/2014,0.14,0.14,0.14,0.14,424448
25/08/2014,0.14,0.14,0.14,0.14,180000
26/08/2014,0.14,0.14,0.14,0.14,317500
27/08/2014,0.14,0.14,0.14,0.14,104355
28/08/2014,0.14,0.14,0.14,0.14,187493
29/08/2014,0.14,0.145,0.14,0.145,224432
01/09/2014,0.14,0.14,0.14,0.14,1113423
02/09/2014,0.14,0.14,0.14,0.14,352211
03/09/2014,0.16,0.165,0.15,0.155,4780687
04/09/2014,0.16,0.16,0.155,0.155,1508100
05/09/2014,0.16,0.16,0.155,0.155,3582100
08/09/2014,0.155,0.155,0.15,0.155,1787746
09/09/2014,0.155,0.155,0.15,0.155,1937500
10/09/2014,0.155,0.155,0.155,0.155,5139686
11/09/2014,0.155,0.155,0.152,0.152,347403
12/09/2014,0.15,0.155,0.15,0.155,107290
15/09/2014,0.15,0.152,0.15,0.15,3980440
16/09/2014,0.15,0.155,0.15,0.155,51352
17/09/2014,0.15,0.15,0.15,0.15,1450954
18/09/2014,0.15,0.15,0.15,0.15,3235704
19/09/2014,0.15,0.15,0.145,0.15,3359000
22/09/2014,0.15,0.15,0.145,0.145,821285
23/09/2014,0.15,0.15,0.147,0.147,633965
24/09/2014,0.147,0.147,0.147,0.147,0
25/09/2014,0.15,0.15,0.15,0.15,705000
26/09/2014,0.15,0.15,0.15,0.15,161431
29/09/2014,0.15,0.15,0.15,0.15,253785
30/09/2014,0.15,0.15,0.15,0.15,150000
01/10/2014,0.15,0.15,0.15,0.15,562982
02/10/2014,0.15,0.15,0.15,0.15,132581
03/10/2014,0.15,0.15,0.15,0.15,1725000
06/10/2014,0.15,0.15,0.15,0.15,812235
07/10/2014,0.15,0.15,0.145,0.145,291500
08/10/2014,0.145,0.145,0.145,0.145,10000
09/10/2014,0.145,0.15,0.145,0.15,3400000
10/10/2014,0.145,0.145,0.142,0.145,1551500
13/10/2014,0.145,0.145,0.145,0.145,1055000
14/10/2014,0.145,0.145,0.145,0.145,1688500
15/10/2014,0.147,0.147,0.145,0.145,150000
16/10/2014,0.145,0.145,0.145,0.145,385200
17/10/2014,0.145,0.145,0.145,0.145,10000
20/10/2014,0.147,0.15,0.145,0.15,236700
21/10/2014,0.15,0.15,0.147,0.147,206451
22/10/2014,0.15,0.155,0.15,0.15,3548284
23/10/2014,0.155,0.155,0.155,0.155,2527623
24/10/2014,0.155,0.16,0.155,0.16,1799500
27/10/2014,0.16,0.17,0.16,0.17,724090
28/10/2014,0.165,0.165,0.165,0.165,1652292
29/10/2014,0.165,0.165,0.16,0.165,159345
30/10/2014,0.165,0.165,0.162,0.165,296607
31/10/2014,0.16,0.165,0.16,0.165,981775
03/11/2014,0.165,0.165,0.162,0.165,199510
04/11/2014,0.16,0.16,0.16,0.16,10000
05/11/2014,0.16,0.16,0.16,0.16,55263
06/11/2014,0.165,0.165,0.165,0.165,831512
07/11/2014,0.165,0.17,0.165,0.17,1255533
10/11/2014,0.165,0.17,0.165,0.167,190332
11/11/2014,0.17,0.17,0.165,0.165,766000
12/11/2014,0.165,0.17,0.165,0.165,43391
13/11/2014,0.165,0.165,0.165,0.165,257305
14/11/2014,0.167,0.167,0.167,0.167,15000
17/11/2014,0.167,0.167,0.167,0.167,100000
18/11/2014,0.165,0.165,0.165,0.165,33604
19/11/2014,0.165,0.165,0.165,0.165,0
20/11/2014,0.165,0.17,0.165,0.17,3092296
21/11/2014,0.175,0.175,0.17,0.17,539271
24/11/2014,0.023,0.03,0.023,0.029,16895490
25/11/2014,0.029,0.029,0.025,0.026,19375210
26/11/2014,0.027,0.029,0.026,0.026,820000
27/11/2014,0.026,0.026,0.024,0.026,11639790
28/11/2014,0.025,0.025,0.024,0.024,1243100
01/12/2014,0.024,0.025,0.023,0.024,2722593
02/12/2014,0.024,0.024,0.024,0.024,595199
03/12/2014,0.025,0.025,0.025,0.025,717500
04/12/2014,0.024,0.024,0.024,0.024,4000
05/12/2014,0.024,0.024,0.024,0.024,283000
08/12/2014,0.025,0.025,0.024,0.024,1347992
09/12/2014,0.024,0.024,0.024,0.024,11235
10/12/2014,0.024,0.025,0.024,0.025,678300
11/12/2014,0.025,0.025,0.025,0.025,0
12/12/2014,0.025,0.026,0.024,0.026,4899603
15/12/2014,0.025,0.026,0.024,0.026,3549957
16/12/2014,0.026,0.027,0.025,0.026,2520051
17/12/2014,0.026,0.027,0.026,0.026,673732
18/12/2014,0.027,0.031,0.027,0.031,24856380
19/12/2014,0.03,0.031,0.028,0.028,1089397
22/12/2014,0.029,0.03,0.029,0.03,753793
23/12/2014,0.032,0.032,0.031,0.031,327428
24/12/2014,0.031,0.031,0.03,0.03,2170973
29/12/2014,0.03,0.03,0.03,0.03,0
30/12/2014,0.031,0.033,0.029,0.033,4448811
31/12/2014,0.034,0.036,0.034,0.036,165582
02/01/2015,0.036,0.036,0.036,0.036,0
05/01/2015,0.036,0.036,0.033,0.035,1280018
06/01/2015,0.035,0.035,0.035,0.035,48530
07/01/2015,0.034,0.034,0.032,0.032,326470
08/01/2015,0.032,0.032,0.032,0.032,107789
09/01/2015,0.032,0.032,0.032,0.032,100000
12/01/2015,0.032,0.032,0.032,0.032,320339
13/01/2015,0.031,0.031,0.031,0.031,2500
14/01/2015,0.031,0.031,0.031,0.031,0
15/01/2015,0.031,0.031,0.031,0.031,0
16/01/2015,0.032,0.032,0.03,0.03,807000
19/01/2015,0.03,0.03,0.03,0.03,0
20/01/2015,0.03,0.03,0.03,0.03,0
21/01/2015,0.031,0.031,0.03,0.03,296323
22/01/2015,0.03,0.031,0.03,0.031,366500
23/01/2015,0.032,0.032,0.032,0.032,165000
27/01/2015,0.032,0.034,0.032,0.034,984883
28/01/2015,0.033,0.034,0.033,0.034,700000
29/01/2015,0.033,0.033,0.033,0.033,85000
30/01/2015,0.034,0.035,0.032,0.032,6755359
02/02/2015,0.031,0.032,0.031,0.032,204000
03/02/2015,0.032,0.032,0.032,0.032,81500
04/02/2015,0.032,0.032,0.032,0.032,250000
05/02/2015,0.033,0.033,0.033,0.033,201921
06/02/2015,0.033,0.034,0.033,0.034,287257
09/02/2015,0.033,0.033,0.033,0.033,217402
10/02/2015,0.033,0.033,0.032,0.033,1654008
11/02/2015,0.032,0.032,0.032,0.032,105500
12/02/2015,0.032,0.033,0.032,0.033,529554
13/02/2015,0.033,0.033,0.033,0.033,150000
16/02/2015,0.033,0.033,0.032,0.032,286167
17/02/2015,0.032,0.032,0.031,0.031,732000
18/02/2015,0.031,0.031,0.031,0.031,0
19/02/2015,0.032,0.033,0.032,0.033,395000
20/02/2015,0.032,0.032,0.032,0.032,95000
23/02/2015,0.033,0.033,0.032,0.032,650000
24/02/2015,0.032,0.033,0.032,0.033,1000000
25/02/2015,0.032,0.032,0.032,0.032,180505
26/02/2015,0.032,0.032,0.032,0.032,9495
27/02/2015,0.031,0.033,0.031,0.032,440505
02/03/2015,0.033,0.033,0.032,0.032,504233
03/03/2015,0.032,0.032,0.031,0.031,43750
04/03/2015,0.032,0.032,0.032,0.032,40000
05/03/2015,0.032,0.032,0.032,0.032,0
06/03/2015,0.033,0.034,0.033,0.033,1310000
09/03/2015,0.034,0.034,0.033,0.034,2497906
10/03/2015,0.034,0.034,0.033,0.033,313094
11/03/2015,0.034,0.034,0.033,0.033,2067500
12/03/2015,0.034,0.034,0.034,0.034,906492
13/03/2015,0.034,0.034,0.034,0.034,0
16/03/2015,0.033,0.034,0.033,0.034,557000
17/03/2015,0.033,0.033,0.033,0.033,174505
18/03/2015,0.034,0.034,0.034,0.034,326000
19/03/2015,0.034,0.034,0.033,0.033,7282000
20/03/2015,0.033,0.034,0.033,0.034,90000
23/03/2015,0.034,0.034,0.034,0.034,0
24/03/2015,0.033,0.033,0.033,0.033,46750
25/03/2015,0.034,0.034,0.034,0.034,959928
26/03/2015,0.034,0.034,0.034,0.034,1175000
27/03/2015,0.035,0.035,0.035,0.035,6000
30/03/2015,0.034,0.034,0.034,0.034,188600
31/03/2015,0.034,0.034,0.034,0.034,0
01/04/2015,0.034,0.034,0.034,0.034,6042502
02/04/2015,0.034,0.034,0.034,0.034,9889603
07/04/2015,0.033,0.033,0.033,0.033,2149411
08/04/2015,0.033,0.033,0.033,0.033,4298721
09/04/2015,0.033,0.033,0.033,0.033,850000
10/04/2015,0.033,0.033,0.033,0.033,165489
13/04/2015,0.033,0.033,0.033,0.033,97313
14/04/2015,0.033,0.033,0.033,0.033,100000
15/04/2015,0.034,0.034,0.034,0.034,331991
16/04/2015,0.034,0.034,0.033,0.033,2612805
17/04/2015,0.033,0.033,0.033,0.033,35142
20/04/2015,0.033,0.033,0.033,0.033,165000
21/04/2015,0.033,0.033,0.033,0.033,0
22/04/2015,0.033,0.033,0.033,0.033,50000
23/04/2015,0.033,0.033,0.033,0.033,0
24/04/2015,0.033,0.033,0.033,0.033,230000
27/04/2015,0.033,0.033,0.033,0.033,0
28/04/2015,0.033,0.033,0.033,0.033,0
29/04/2015,0.033,0.033,0.033,0.033,405541
30/04/2015,0.033,0.033,0.033,0.033,140000
01/05/2015,0.033,0.033,0.033,0.033,40000
04/05/2015,0.033,0.033,0.032,0.033,1989766
05/05/2015,0.033,0.033,0.032,0.032,400000
06/05/2015,0.032,0.032,0.032,0.032,21521
07/05/2015,0.032,0.032,0.032,0.032,0
08/05/2015,0.032,0.032,0.032,0.032,63027
11/05/2015,0.033,0.033,0.033,0.033,15000
12/05/2015,0.032,0.032,0.032,0.032,130000
13/05/2015,0.032,0.032,0.032,0.032,128512
14/05/2015,0.032,0.033,0.032,0.033,509714
15/05/2015,0.032,0.032,0.032,0.032,62500
18/05/2015,0.033,0.033,0.033,0.033,251900
19/05/2015,0.034,0.034,0.033,0.033,2427679
20/05/2015,0.033,0.033,0.033,0.033,260000
21/05/2015,0.032,0.032,0.032,0.032,100000
22/05/2015,0.032,0.032,0.032,0.032,0
25/05/2015,0.032,0.033,0.032,0.033,1005000
26/05/2015,0.032,0.032,0.032,0.032,140000
27/05/2015,0.032,0.032,0.032,0.032,40000
28/05/2015,0.032,0.032,0.032,0.032,0
29/05/2015,0.033,0.033,0.033,0.033,1000
01/06/2015,0.033,0.033,0.032,0.032,920833
02/06/2015,0.033,0.033,0.032,0.032,2635789
03/06/2015,0.032,0.032,0.032,0.032,400000
04/06/2015,0.032,0.032,0.032,0.032,15000
05/06/2015,0.033,0.035,0.033,0.034,4500417
09/06/2015,0.033,0.034,0.033,0.034,3373317
10/06/2015,0.033,0.034,0.033,0.034,1678206
11/06/2015,0.034,0.034,0.034,0.034,0
12/06/2015,0.034,0.034,0.034,0.034,0
15/06/2015,0.034,0.034,0.033,0.033,670791
16/06/2015,0.033,0.033,0.033,0.033,137959
17/06/2015,0.033,0.033,0.033,0.033,3135000
18/06/2015,0.033,0.033,0.033,0.033,3000000
19/06/2015,0.033,0.033,0.033,0.033,186271
22/06/2015,0.033,0.033,0.033,0.033,71300
23/06/2015,0.033,0.033,0.033,0.033,2894675
24/06/2015,0.033,0.033,0.033,0.033,51000
25/06/2015,0.033,0.033,0.033,0.033,40000
26/06/2015,0.033,0.033,0.033,0.033,80000
29/06/2015,0.033,0.033,0.033,0.033,2187564
30/06/2015,0.033,0.034,0.032,0.034,636523
01/07/2015,0.033,0.033,0.033,0.033,17119
02/07/2015,0.033,0.033,0.032,0.032,25132
03/07/2015,0.032,0.032,0.032,0.032,0
06/07/2015,0.032,0.033,0.032,0.033,171600
07/07/2015,0.033,0.033,0.033,0.033,0
08/07/2015,0.033,0.033,0.033,0.033,100000
09/07/2015,0.033,0.033,0.033,0.033,188264
10/07/2015,0.033,0.033,0.033,0.033,1069132
13/07/2015,0.033,0.033,0.033,0.033,0
14/07/2015,0.033,0.033,0.033,0.033,0
15/07/2015,0.033,0.033,0.032,0.032,39000
16/07/2015,0.032,0.032,0.032,0.032,120000
17/07/2015,0.032,0.032,0.032,0.032,200000
20/07/2015,0.032,0.032,0.032,0.032,0
21/07/2015,0.032,0.032,0.032,0.032,0
22/07/2015,0.032,0.032,0.032,0.032,0
23/07/2015,0.033,0.033,0.033,0.033,1802243
24/07/2015,0.033,0.033,0.033,0.033,0
27/07/2015,0.033,0.033,0.033,0.033,3600
28/07/2015,0.033,0.033,0.033,0.033,0
29/07/2015,0.034,0.034,0.033,0.033,4443307
30/07/2015,0.033,0.034,0.033,0.033,1166189
31/07/2015,0.034,0.034,0.034,0.034,2169972
03/08/2015,0.034,0.034,0.034,0.034,1959000
04/08/2015,0.034,0.034,0.034,0.034,1269878
05/08/2015,0.034,0.034,0.034,0.034,0
06/08/2015,0.034,0.034,0.034,0.034,0
07/08/2015,0.033,0.033,0.033,0.033,218260
10/08/2015,0.034,0.034,0.034,0.034,2171214
11/08/2015,0.034,0.034,0.034,0.034,168750
12/08/2015,0.035,0.035,0.035,0.035,20000
13/08/2015,0.034,0.034,0.034,0.034,383270
14/08/2015,0.034,0.034,0.034,0.034,310068
17/08/2015,0.034,0.034,0.033,0.034,462785
18/08/2015,0.034,0.034,0.034,0.034,85391
19/08/2015,0.034,0.034,0.034,0.034,79095
20/08/2015,0.034,0.034,0.034,0.034,0
21/08/2015,0.034,0.034,0.033,0.033,1380232
24/08/2015,0.033,0.033,0.033,0.033,5440694
25/08/2015,0.033,0.033,0.033,0.033,8211482
26/08/2015,0.033,0.033,0.033,0.033,15419
27/08/2015,0.033,0.033,0.033,0.033,0
28/08/2015,0.033,0.033,0.033,0.033,14072
31/08/2015,0.033,0.033,0.033,0.033,87369
01/09/2015,0.033,0.033,0.033,0.033,0
02/09/2015,0.033,0.033,0.033,0.033,0
03/09/2015,0.033,0.033,0.033,0.033,0
04/09/2015,0.033,0.033,0.033,0.033,7898
07/09/2015,0.033,0.033,0.033,0.033,3899587
08/09/2015,0.033,0.033,0.033,0.033,69707
09/09/2015,0.034,0.034,0.034,0.034,3515845
10/09/2015,0.033,0.033,0.033,0.033,61066
11/09/2015,0.033,0.033,0.033,0.033,0
14/09/2015,0.033,0.033,0.033,0.033,2210
15/09/2015,0.033,0.033,0.033,0.033,0
16/09/2015,0.033,0.033,0.033,0.033,0
17/09/2015,0.033,0.033,0.033,0.033,0
18/09/2015,0.033,0.033,0.033,0.033,13000
21/09/2015,0.033,0.033,0.033,0.033,200000
22/09/2015,0.033,0.033,0.033,0.033,0
23/09/2015,0.033,0.033,0.033,0.033,0
24/09/2015,0.033,0.034,0.033,0.034,80569
25/09/2015,0.033,0.033,0.033,0.033,37948
28/09/2015,0.034,0.034,0.034,0.034,300000
29/09/2015,0.034,0.034,0.034,0.034,0
30/09/2015,0.033,0.033,0.033,0.033,56137
01/10/2015,0.033,0.033,0.033,0.033,0
02/10/2015,0.034,0.034,0.034,0.034,740000
05/10/2015,0.035,0.035,0.035,0.035,200000
06/10/2015,0.035,0.035,0.035,0.035,31000
07/10/2015,0.033,0.033,0.033,0.033,285000
08/10/2015,0.033,0.033,0.033,0.033,50000
09/10/2015,0.033,0.033,0.033,0.033,150000
12/10/2015,0.033,0.033,0.033,0.033,0
13/10/2015,0.033,0.033,0.033,0.033,28200
14/10/2015,0.034,0.034,0.034,0.034,70000
15/10/2015,0.034,0.034,0.034,0.034,0
16/10/2015,0.033,0.033,0.033,0.033,20000
19/10/2015,0.033,0.033,0.033,0.033,578000
20/10/2015,0.033,0.033,0.033,0.033,89900
21/10/2015,0.033,0.033,0.033,0.033,0
22/10/2015,0.033,0.033,0.033,0.033,30000
23/10/2015,0.033,0.033,0.033,0.033,0
26/10/2015,0.033,0.033,0.033,0.033,0
27/10/2015,0.033,0.033,0.033,0.033,0
28/10/2015,0.033,0.033,0.033,0.033,600000
29/10/2015,0.033,0.033,0.033,0.033,527769
30/10/2015,0.033,0.033,0.033,0.033,0
02/11/2015,0.033,0.033,0.033,0.033,0
03/11/2015,0.033,0.033,0.033,0.033,7000
04/11/2015,0.033,0.033,0.033,0.033,0
05/11/2015,0.033,0.033,0.033,0.033,6388
06/11/2015,0.033,0.033,0.033,0.033,0
09/11/2015,0.033,0.033,0.033,0.033,0
10/11/2015,0.033,0.033,0.033,0.033,0
11/11/2015,0.034,0.034,0.034,0.034,60000
12/11/2015,0.034,0.034,0.034,0.034,0
13/11/2015,0.035,0.036,0.035,0.036,35151
16/11/2015,0.036,0.036,0.036,0.036,0
17/11/2015,0.036,0.036,0.036,0.036,0
18/11/2015,0.038,0.038,0.038,0.038,15000
19/11/2015,0.038,0.038,0.038,0.038,0
20/11/2015,0.038,0.038,0.038,0.038,0
23/11/2015,0.038,0.038,0.038,0.038,0
24/11/2015,0.038,0.038,0.038,0.038,0
25/11/2015,0.038,0.038,0.038,0.038,0
26/11/2015,0.038,0.038,0.038,0.038,30000
27/11/2015,0.038,0.038,0.037,0.037,83600
30/11/2015,0.04,0.04,0.04,0.04,4476
01/12/2015,0.043,0.045,0.043,0.045,599000
02/12/2015,0.042,0.042,0.041,0.041,51500
03/12/2015,0.04,0.04,0.04,0.04,42000
04/12/2015,0.042,0.042,0.042,0.042,56901
07/12/2015,0.042,0.042,0.042,0.042,0
08/12/2015,0.042,0.042,0.041,0.041,56363
09/12/2015,0.041,0.041,0.041,0.041,525000
10/12/2015,0.043,0.043,0.043,0.043,30000
11/12/2015,0.05,0.05,0.05,0.05,20000
14/12/2015,0.044,0.044,0.041,0.041,160736
15/12/2015,0.041,0.041,0.041,0.041,50000
16/12/2015,0.041,0.041,0.041,0.041,0
17/12/2015,0.041,0.041,0.041,0.041,0
18/12/2015,0.041,0.041,0.041,0.041,0
21/12/2015,0.042,0.042,0.042,0.042,340000
22/12/2015,0.041,0.041,0.041,0.041,40000
23/12/2015,0.041,0.041,0.041,0.041,0
24/12/2015,0.04,0.04,0.04,0.04,222034
29/12/2015,0.04,0.04,0.04,0.04,0
30/12/2015,0.04,0.04,0.04,0.04,0
31/12/2015,0.04,0.04,0.04,0.04,35500
04/01/2016,0.04,0.04,0.04,0.04,0
05/01/2016,0.04,0.04,0.04,0.04,50000
06/01/2016,0.04,0.04,0.04,0.04,0
07/01/2016,0.038,0.038,0.038,0.038,160000
08/01/2016,0.038,0.038,0.038,0.038,0
11/01/2016,0.038,0.038,0.038,0.038,0
12/01/2016,0.038,0.038,0.038,0.038,0
13/01/2016,0.038,0.038,0.038,0.038,0
14/01/2016,0.037,0.037,0.037,0.037,2150
15/01/2016,0.037,0.037,0.037,0.037,0
18/01/2016,0.037,0.037,0.037,0.037,0
19/01/2016,0.037,0.037,0.037,0.037,0
20/01/2016,0.036,0.036,0.036,0.036,33750
21/01/2016,0.036,0.036,0.036,0.036,0
22/01/2016,0.036,0.036,0.036,0.036,0
25/01/2016,0.036,0.036,0.03,0.03,400000
27/01/2016,0.03,0.03,0.03,0.03,0
28/01/2016,0.03,0.03,0.03,0.03,0
29/01/2016,0.035,0.035,0.035,0.035,50000
01/02/2016,0.036,0.036,0.035,0.035,20425
02/02/2016,0.035,0.035,0.035,0.035,0
03/02/2016,0.036,0.036,0.036,0.036,6000
04/02/2016,0.038,0.038,0.038,0.038,29670
05/02/2016,0.038,0.038,0.038,0.038,0
08/02/2016,0.038,0.038,0.038,0.038,0
09/02/2016,0.038,0.038,0.038,0.038,0
10/02/2016,0.038,0.038,0.038,0.038,0
11/02/2016,0.038,0.038,0.038,0.038,0
12/02/2016,0.035,0.035,0.035,0.035,35000
15/02/2016,0.035,0.035,0.035,0.035,165330
16/02/2016,0.035,0.035,0.035,0.035,0
17/02/2016,0.033,0.033,0.033,0.033,25000
18/02/2016,0.033,0.033,0.033,0.033,27777
19/02/2016,0.033,0.033,0.033,0.033,0
22/02/2016,0.033,0.033,0.033,0.033,0
23/02/2016,0.033,0.033,0.033,0.033,0
24/02/2016,0.033,0.033,0.032,0.033,1120000
25/02/2016,0.033,0.033,0.033,0.033,0
26/02/2016,0.033,0.033,0.033,0.033,0
29/02/2016,0.033,0.033,0.033,0.033,0
01/03/2016,0.032,0.032,0.032,0.032,69524
02/03/2016,0.032,0.032,0.032,0.032,0
03/03/2016,0.032,0.032,0.032,0.032,0
04/03/2016,0.033,0.033,0.033,0.033,15000
07/03/2016,0.033,0.033,0.033,0.033,0
08/03/2016,0.033,0.033,0.033,0.033,0
09/03/2016,0.033,0.033,0.033,0.033,0
10/03/2016,0.033,0.033,0.033,0.033,0
11/03/2016,0.033,0.036,0.033,0.036,173960
14/03/2016,0.036,0.036,0.036,0.036,0
15/03/2016,0.036,0.036,0.036,0.036,0
16/03/2016,0.033,0.034,0.033,0.033,173472
17/03/2016,0.033,0.033,0.033,0.033,0
18/03/2016,0.033,0.033,0.033,0.033,0
21/03/2016,0.033,0.033,0.033,0.033,0
22/03/2016,0.034,0.034,0.034,0.034,4000
23/03/2016,0.034,0.034,0.034,0.034,200500
24/03/2016,0.034,0.034,0.034,0.034,0
29/03/2016,0.034,0.034,0.034,0.034,3000
30/03/2016,0.034,0.034,0.034,0.034,0
31/03/2016,0.034,0.034,0.034,0.034,40000
01/04/2016,0.034,0.034,0.034,0.034,0
04/04/2016,0.034,0.034,0.034,0.034,0
05/04/2016,0.034,0.034,0.034,0.034,5660
06/04/2016,0.034,0.034,0.034,0.034,0
07/04/2016,0.034,0.034,0.034,0.034,197830
08/04/2016,0.034,0.034,0.034,0.034,44600
11/04/2016,0.034,0.034,0.034,0.034,12753
12/04/2016,0.034,0.034,0.032,0.032,268276
13/04/2016,0.032,0.032,0.032,0.032,0
14/04/2016,0.032,0.032,0.032,0.032,0
15/04/2016,0.033,0.033,0.033,0.033,47000
18/04/2016,0.033,0.033,0.033,0.033,0
19/04/2016,0.033,0.033,0.033,0.033,2000
20/04/2016,0.033,0.033,0.033,0.033,0
21/04/2016,0.034,0.034,0.034,0.034,3630
22/04/2016,0.034,0.034,0.034,0.034,0
26/04/2016,0.034,0.034,0.034,0.034,0
27/04/2016,0.034,0.034,0.034,0.034,0
28/04/2016,0.034,0.034,0.034,0.034,6250
29/04/2016,0.035,0.035,0.035,0.035,551327
02/05/2016,0.035,0.035,0.034,0.034,83750
03/05/2016,0.035,0.035,0.034,0.034,715000
04/05/2016,0.035,0.035,0.033,0.033,591908
05/05/2016,0.032,0.034,0.03,0.034,315000
06/05/2016,0.034,0.034,0.034,0.034,0
09/05/2016,0.032,0.032,0.032,0.032,50300
10/05/2016,0.032,0.032,0.032,0.032,0
11/05/2016,0.032,0.032,0.032,0.032,0
12/05/2016,0.033,0.033,0.033,0.033,44097
13/05/2016,0.033,0.033,0.033,0.033,5603
16/05/2016,0.031,0.031,0.031,0.031,47060
17/05/2016,0.031,0.031,0.031,0.031,0
18/05/2016,0.031,0.031,0.031,0.031,144741
19/05/2016,0.032,0.032,0.032,0.032,20000
20/05/2016,0.032,0.032,0.032,0.032,0
23/05/2016,0.031,0.031,0.031,0.031,155503
24/05/2016,0.031,0.031,0.031,0.031,0
25/05/2016,0.032,0.032,0.032,0.032,7026
26/05/2016,0.032,0.032,0.032,0.032,0
27/05/2016,0.031,0.031,0.031,0.031,15340
30/05/2016,0.031,0.031,0.031,0.031,0
31/05/2016,0.032,0.032,0.032,0.032,420000
01/06/2016,0.032,0.032,0.032,0.032,121378
02/06/2016,0.032,0.032,0.032,0.032,0
03/06/2016,0.032,0.032,0.032,0.032,70000
06/06/2016,0.032,0.032,0.032,0.032,0
07/06/2016,0.032,0.032,0.032,0.032,0
08/06/2016,0.032,0.032,0.032,0.032,0
09/06/2016,0.031,0.031,0.031,0.031,13881
10/06/2016,0.031,0.031,0.031,0.031,0
14/06/2016,0.031,0.031,0.031,0.031,0
15/06/2016,0.031,0.031,0.031,0.031,10000
16/06/2016,0.032,0.035,0.032,0.035,726657
17/06/2016,0.035,0.035,0.035,0.035,12500
20/06/2016,0.036,0.036,0.036,0.036,50811
21/06/2016,0.035,0.035,0.035,0.035,95038
22/06/2016,0.035,0.035,0.035,0.035,20000
23/06/2016,0.035,0.035,0.035,0.035,11412
24/06/2016,0.035,0.035,0.035,0.035,123550
27/06/2016,0.035,0.035,0.035,0.035,0
28/06/2016,0.033,0.033,0.033,0.033,27000
29/06/2016,0.032,0.032,0.032,0.032,105661
30/06/2016,0.029,0.029,0.029,0.029,3880
01/07/2016,0.029,0.029,0.029,0.029,0
04/07/2016,0.029,0.029,0.029,0.029,0
05/07/2016,0.03,0.03,0.03,0.03,60000
06/07/2016,0.031,0.032,0.031,0.032,47000
07/07/2016,0.032,0.032,0.032,0.032,0
08/07/2016,0.032,0.032,0.032,0.032,186000
11/07/2016,0.032,0.032,0.032,0.032,0
12/07/2016,0.032,0.032,0.032,0.032,87500
13/07/2016,0.032,0.032,0.032,0.032,0
14/07/2016,0.033,0.035,0.033,0.035,370450
15/07/2016,0.034,0.034,0.034,0.034,52202
18/07/2016,0.034,0.034,0.034,0.034,497798
19/07/2016,0.034,0.034,0.034,0.034,0
20/07/2016,0.034,0.034,0.034,0.034,50188
21/07/2016,0.034,0.034,0.034,0.034,0
22/07/2016,0.035,0.035,0.034,0.034,294628
25/07/2016,0.034,0.034,0.034,0.034,0
26/07/2016,0.034,0.034,0.034,0.034,0
27/07/2016,0.034,0.034,0.034,0.034,242372
28/07/2016,0.034,0.034,0.034,0.034,305372
29/07/2016,0.034,0.034,0.034,0.034,0
01/08/2016,0.037,0.037,0.037,0.037,25900
02/08/2016,0.037,0.037,0.037,0.037,44344
03/08/2016,0.037,0.037,0.034,0.034,25000
04/08/2016,0.034,0.034,0.034,0.034,0
05/08/2016,0.038,0.038,0.038,0.038,14286
08/08/2016,0.036,0.036,0.036,0.036,3901
09/08/2016,0.037,0.037,0.037,0.037,26000
10/08/2016,0.037,0.037,0.037,0.037,20000
11/08/2016,0.037,0.037,0.037,0.037,0
12/08/2016,0.037,0.037,0.037,0.037,0
15/08/2016,0.038,0.038,0.038,0.038,100000
16/08/2016,0.038,0.038,0.038,0.038,0
17/08/2016,0.037,0.037,0.037,0.037,10000
18/08/2016,0.037,0.037,0.037,0.037,50980
19/08/2016,0.037,0.037,0.037,0.037,0
22/08/2016,0.037,0.037,0.037,0.037,14286
23/08/2016,0.037,0.037,0.037,0.037,174833
24/08/2016,0.037,0.037,0.037,0.037,0
25/08/2016,0.035,0.035,0.035,0.035,67510
26/08/2016,0.035,0.035,0.035,0.035,0
29/08/2016,0.035,0.035,0.035,0.035,0
30/08/2016,0.035,0.035,0.035,0.035,0
31/08/2016,0.035,0.035,0.035,0.035,0
01/09/2016,0.035,0.035,0.035,0.035,0
02/09/2016,0.035,0.035,0.035,0.035,0
05/09/2016,0.035,0.035,0.035,0.035,0
06/09/2016,0.035,0.035,0.035,0.035,0
07/09/2016,0.035,0.035,0.035,0.035,0
08/09/2016,0.035,0.035,0.035,0.035,0
09/09/2016,0.035,0.035,0.035,0.035,0
12/09/2016,0.035,0.035,0.035,0.035,0
13/09/2016,0.035,0.035,0.035,0.035,60000
14/09/2016,0.035,0.035,0.035,0.035,301330
15/09/2016,0.035,0.035,0.035,0.035,0
16/09/2016,0.035,0.035,0.035,0.035,0
19/09/2016,0.035,0.035,0.035,0.035,0
20/09/2016,0.035,0.035,0.035,0.035,0
21/09/2016,0.035,0.035,0.035,0.035,110000
22/09/2016,0.035,0.035,0.035,0.035,0
23/09/2016,0.035,0.035,0.035,0.035,0
26/09/2016,0.035,0.035,0.035,0.035,0
27/09/2016,0.035,0.035,0.035,0.035,0
28/09/2016,0.035,0.035,0.035,0.035,0
29/09/2016,0.036,0.038,0.036,0.038,378000
30/09/2016,0.038,0.038,0.038,0.038,0
03/10/2016,0.038,0.038,0.036,0.036,18750
04/10/2016,0.037,0.037,0.037,0.037,166667
05/10/2016,0.037,0.037,0.037,0.037,0
06/10/2016,0.037,0.038,0.037,0.038,31500
07/10/2016,0.041,0.046,0.041,0.046,2429596
10/10/2016,0.046,0.046,0.046,0.046,100000
11/10/2016,0.046,0.046,0.046,0.046,0
12/10/2016,0.04,0.04,0.04,0.04,300000
13/10/2016,0.043,0.045,0.043,0.045,552779
14/10/2016,0.045,0.045,0.045,0.045,0
17/10/2016,0.043,0.043,0.043,0.043,20000
18/10/2016,0.043,0.043,0.043,0.043,19029
19/10/2016,0.043,0.043,0.043,0.043,0
20/10/2016,0.043,0.043,0.043,0.043,0
21/10/2016,0.043,0.043,0.043,0.043,0
24/10/2016,0.043,0.043,0.043,0.043,0
25/10/2016,0.043,0.043,0.043,0.043,0
26/10/2016,0.043,0.043,0.043,0.043,0
27/10/2016,0.043,0.043,0.043,0.043,0
28/10/2016,0.043,0.043,0.043,0.043,0
31/10/2016,0.04,0.04,0.04,0.04,174882
01/11/2016,0.04,0.04,0.04,0.04,1200
02/11/2016,0.04,0.04,0.04,0.04,0
03/11/2016,0.038,0.038,0.038,0.038,4300
04/11/2016,0.038,0.038,0.038,0.038,0
07/11/2016,0.04,0.04,0.04,0.04,300000
08/11/2016,0.04,0.04,0.04,0.04,0
09/11/2016,0.04,0.04,0.04,0.04,0
10/11/2016,0.04,0.04,0.04,0.04,0
11/11/2016,0.04,0.04,0.04,0.04,0
14/11/2016,0.04,0.04,0.04,0.04,0
15/11/2016,0.04,0.04,0.04,0.04,0
16/11/2016,0.039,0.039,0.039,0.039,100000
17/11/2016,0.039,0.039,0.039,0.039,0
18/11/2016,0.039,0.039,0.039,0.039,0
21/11/2016,0.039,0.039,0.039,0.039,0
22/11/2016,0.039,0.039,0.039,0.039,0
23/11/2016,0.039,0.039,0.039,0.039,0
24/11/2016,0.039,0.039,0.039,0.039,0
25/11/2016,0.039,0.039,0.039,0.039,0
28/11/2016,0.04,0.04,0.04,0.04,300000
29/11/2016,0.042,0.042,0.042,0.042,70000
30/11/2016,0.043,0.043,0.043,0.043,17400
01/12/2016,0.043,0.043,0.043,0.043,0
02/12/2016,0.042,0.042,0.041,0.041,185400
05/12/2016,0.041,0.041,0.041,0.041,0
06/12/2016,0.042,0.043,0.042,0.043,125000
07/12/2016,0.043,0.043,0.043,0.043,0
08/12/2016,0.043,0.043,0.043,0.043,0
09/12/2016,0.043,0.043,0.042,0.042,150000
12/12/2016,0.042,0.042,0.042,0.042,0
13/12/2016,0.042,0.042,0.042,0.042,240000
14/12/2016,0.043,0.043,0.043,0.043,6250
15/12/2016,0.043,0.043,0.043,0.043,0
16/12/2016,0.043,0.043,0.043,0.043,0
19/12/2016,0.043,0.043,0.043,0.043,0
20/12/2016,0.043,0.043,0.043,0.043,0
21/12/2016,0.043,0.043,0.043,0.043,0
22/12/2016,0.043,0.043,0.043,0.043,0
23/12/2016,0.043,0.043,0.043,0.043,0
28/12/2016,0.043,0.043,0.043,0.043,0
29/12/2016,0.04,0.04,0.04,0.04,1010
30/12/2016,0.04,0.04,0.04,0.04,0
03/01/2017,0.04,0.04,0.04,0.04,0
04/01/2017,0.04,0.04,0.04,0.04,0
05/01/2017,0.04,0.04,0.04,0.04,0
06/01/2017,0.042,0.042,0.042,0.042,183590
09/01/2017,0.042,0.042,0.042,0.042,0
10/01/2017,0.043,0.043,0.043,0.043,80000
11/01/2017,0.043,0.043,0.043,0.043,140000
12/01/2017,0.043,0.043,0.043,0.043,0
13/01/2017,0.043,0.043,0.043,0.043,0
16/01/2017,0.043,0.043,0.043,0.043,0
17/01/2017,0.043,0.043,0.043,0.043,0
18/01/2017,0.042,0.042,0.042,0.042,128000
19/01/2017,0.042,0.042,0.042,0.042,0
20/01/2017,0.042,0.042,0.042,0.042,0
23/01/2017,0.042,0.042,0.042,0.042,0
24/01/2017,0.042,0.042,0.042,0.042,0
25/01/2017,0.042,0.042,0.042,0.042,105000
27/01/2017,0.043,0.044,0.043,0.044,65400
30/01/2017,0.044,0.044,0.042,0.042,671070
31/01/2017,0.042,0.042,0.042,0.042,255264
01/02/2017,0.042,0.042,0.042,0.042,22639
02/02/2017,0.042,0.042,0.042,0.042,0
03/02/2017,0.042,0.042,0.042,0.042,0
06/02/2017,0.042,0.042,0.042,0.042,0
07/02/2017,0.042,0.042,0.042,0.042,0
08/02/2017,0.042,0.042,0.042,0.042,16700
09/02/2017,0.042,0.042,0.042,0.042,0
10/02/2017,0.042,0.042,0.042,0.042,0
13/02/2017,0.042,0.042,0.042,0.042,0
14/02/2017,0.042,0.042,0.042,0.042,20000
15/02/2017,0.042,0.042,0.042,0.042,0
16/02/2017,0.042,0.042,0.042,0.042,17000
17/02/2017,0.042,0.042,0.042,0.042,129232
20/02/2017,0.043,0.046,0.043,0.046,1065580
21/02/2017,0.047,0.052,0.047,0.051,506490
22/02/2017,0.051,0.051,0.051,0.051,0
23/02/2017,0.047,0.047,0.046,0.046,125000
24/02/2017,0.046,0.046,0.046,0.046,15000
27/02/2017,0.046,0.046,0.046,0.046,35000
28/02/2017,0.046,0.046,0.046,0.046,41750
01/03/2017,0.046,0.046,0.046,0.046,34276
02/03/2017,0.046,0.046,0.045,0.045,87500
03/03/2017,0.045,0.045,0.045,0.045,0
06/03/2017,0.046,0.046,0.046,0.046,117894
07/03/2017,0.046,0.046,0.046,0.046,100000
08/03/2017,0.046,0.046,0.046,0.046,141730
09/03/2017,0.046,0.046,0.046,0.046,0
10/03/2017,0.046,0.046,0.046,0.046,0
13/03/2017,0.046,0.046,0.046,0.046,0
14/03/2017,0.046,0.046,0.046,0.046,0
15/03/2017,0.048,0.048,0.048,0.048,37000
16/03/2017,0.048,0.048,0.048,0.048,0
17/03/2017,0.048,0.048,0.048,0.048,0
20/03/2017,0.044,0.044,0.044,0.044,17500
21/03/2017,0.044,0.044,0.044,0.044,0
22/03/2017,0.044,0.044,0.044,0.044,0
23/03/2017,0.046,0.046,0.046,0.046,261250
24/03/2017,0.046,0.046,0.046,0.046,0
27/03/2017,0.05,0.05,0.048,0.048,263750
28/03/2017,0.048,0.048,0.048,0.048,0
29/03/2017,0.05,0.05,0.05,0.05,55731
30/03/2017,0.05,0.05,0.05,0.05,0
31/03/2017,0.05,0.05,0.05,0.05,0
03/04/2017,0.055,0.06,0.055,0.055,518976
04/04/2017,0.057,0.058,0.056,0.056,317157
05/04/2017,0.052,0.053,0.052,0.052,126200
06/04/2017,0.052,0.052,0.048,0.048,61326
07/04/2017,0.048,0.048,0.048,0.048,4000
10/04/2017,0.048,0.048,0.048,0.048,0
11/04/2017,0.048,0.048,0.048,0.048,0
12/04/2017,0.048,0.048,0.048,0.048,0
13/04/2017,0.048,0.048,0.048,0.048,0
18/04/2017,0.05,0.05,0.05,0.05,40000
19/04/2017,0.05,0.05,0.05,0.05,0
20/04/2017,0.05,0.05,0.05,0.05,0
21/04/2017,0.05,0.05,0.05,0.05,0
24/04/2017,0.05,0.05,0.05,0.05,0
26/04/2017,0.05,0.05,0.049,0.049,103000
27/04/2017,0.052,0.052,0.052,0.052,110000
28/04/2017,0.052,0.052,0.052,0.052,0
01/05/2017,0.049,0.049,0.049,0.049,30000
02/05/2017,0.049,0.049,0.049,0.049,12100
03/05/2017,0.049,0.049,0.049,0.049,0
04/05/2017,0.049,0.049,0.049,0.049,0
05/05/2017,0.05,0.05,0.05,0.05,45360
08/05/2017,0.051,0.051,0.051,0.051,11000
09/05/2017,0.051,0.051,0.051,0.051,6001
10/05/2017,0.051,0.051,0.051,0.051,0
11/05/2017,0.051,0.051,0.051,0.051,2999
12/05/2017,0.051,0.051,0.051,0.051,0
15/05/2017,0.051,0.051,0.051,0.051,0
16/05/2017,0.051,0.051,0.051,0.051,15686
17/05/2017,0.051,0.051,0.051,0.051,0
18/05/2017,0.051,0.051,0.051,0.051,0
19/05/2017,0.05,0.05,0.05,0.05,334
22/05/2017,0.05,0.05,0.05,0.05,50000
23/05/2017,0.05,0.05,0.05,0.05,0
24/05/2017,0.05,0.05,0.05,0.05,1250
25/05/2017,0.05,0.05,0.05,0.05,0
26/05/2017,0.05,0.05,0.05,0.05,0
29/05/2017,0.05,0.05,0.05,0.05,0
30/05/2017,0.051,0.051,0.051,0.051,13315
31/05/2017,0.051,0.051,0.051,0.051,0
01/06/2017,0.051,0.051,0.051,0.051,0
02/06/2017,0.051,0.051,0.051,0.051,0
05/06/2017,0.051,0.051,0.051,0.051,0
06/06/2017,0.051,0.051,0.051,0.051,0
07/06/2017,0.051,0.051,0.048,0.048,321265
08/06/2017,0.048,0.048,0.048,0.048,0
09/06/2017,0.048,0.048,0.048,0.048,0
13/06/2017,0.045,0.045,0.045,0.045,20000
14/06/2017,0.044,0.044,0.044,0.044,41000
15/06/2017,0.044,0.044,0.044,0.044,0
16/06/2017,0.044,0.044,0.043,0.043,83700
19/06/2017,0.041,0.042,0.041,0.042,40379
20/06/2017,0.041,0.041,0.041,0.041,181250
21/06/2017,0.041,0.041,0.041,0.041,0
22/06/2017,0.041,0.041,0.041,0.041,54691
23/06/2017,0.043,0.048,0.043,0.048,45880
26/06/2017,0.048,0.048,0.048,0.048,0
27/06/2017,0.048,0.048,0.048,0.048,0
28/06/2017,0.048,0.048,0.048,0.048,0
29/06/2017,0.048,0.048,0.048,0.048,0
30/06/2017,0.042,0.043,0.042,0.043,301610
03/07/2017,0.043,0.043,0.043,0.043,0
04/07/2017,0.043,0.043,0.042,0.042,330000
05/07/2017,0.042,0.042,0.042,0.042,0
06/07/2017,0.041,0.042,0.041,0.042,26300
07/07/2017,0.042,0.042,0.042,0.042,0
10/07/2017,0.042,0.042,0.042,0.042,0
11/07/2017,0.042,0.042,0.042,0.042,0
12/07/2017,0.042,0.042,0.042,0.042,0
13/07/2017,0.042,0.042,0.042,0.042,0
14/07/2017,0.042,0.042,0.042,0.042,400
17/07/2017,0.042,0.042,0.04,0.04,274600
18/07/2017,0.04,0.04,0.04,0.04,60000
19/07/2017,0.04,0.04,0.04,0.04,36177
20/07/2017,0.04,0.04,0.04,0.04,713823
21/07/2017,0.039,0.039,0.039,0.039,10000
24/07/2017,0.04,0.04,0.04,0.04,26177
25/07/2017,0.04,0.04,0.04,0.04,0
26/07/2017,0.041,0.043,0.041,0.043,289944
27/07/2017,0.042,0.042,0.042,0.042,100000
28/07/2017,0.042,0.043,0.042,0.043,600000
31/07/2017,0.043,0.043,0.042,0.042,300529
01/08/2017,0.042,0.043,0.042,0.043,125671
02/08/2017,0.044,0.044,0.044,0.044,11000
03/08/2017,0.042,0.044,0.042,0.043,5841883
04/08/2017,0.043,0.043,0.043,0.043,413310
07/08/2017,0.042,0.042,0.042,0.042,5882
08/08/2017,0.043,0.043,0.043,0.043,16562
09/08/2017,0.043,0.043,0.043,0.043,0
10/08/2017,0.045,0.045,0.045,0.045,35625
11/08/2017,0.048,0.048,0.048,0.048,375
14/08/2017,0.048,0.048,0.048,0.048,0
15/08/2017,0.043,0.043,0.043,0.043,60000
16/08/2017,0.043,0.043,0.043,0.043,0
17/08/2017,0.044,0.044,0.043,0.043,49625
18/08/2017,0.043,0.043,0.043,0.043,194000
21/08/2017,0.043,0.043,0.043,0.043,20000
22/08/2017,0.043,0.043,0.043,0.043,0
23/08/2017,0.043,0.043,0.043,0.043,0
24/08/2017,0.043,0.043,0.043,0.043,0
25/08/2017,0.044,0.044,0.044,0.044,44000
28/08/2017,0.044,0.044,0.044,0.044,39000
29/08/2017,0.044,0.044,0.044,0.044,32000
30/08/2017,0.044,0.044,0.044,0.044,0
31/08/2017,0.044,0.044,0.044,0.044,0
01/09/2017,0.045,0.045,0.045,0.045,20000
04/09/2017,0.045,0.045,0.045,0.045,0
05/09/2017,0.045,0.045,0.045,0.045,0
06/09/2017,0.045,0.045,0.045,0.045,0
07/09/2017,0.045,0.045,0.045,0.045,0
08/09/2017,0.045,0.045,0.045,0.045,0
11/09/2017,0.045,0.045,0.045,0.045,0
12/09/2017,0.045,0.045,0.045,0.045,0
13/09/2017,0.043,0.043,0.043,0.043,66667
14/09/2017,0.043,0.043,0.043,0.043,9139
15/09/2017,0.043,0.043,0.043,0.043,0
18/09/2017,0.043,0.043,0.043,0.043,0
19/09/2017,0.043,0.043,0.043,0.043,0
20/09/2017,0.043,0.043,0.043,0.043,42000
21/09/2017,0.043,0.043,0.043,0.043,33471
22/09/2017,0.043,0.043,0.043,0.043,0
25/09/2017,0.043,0.043,0.041,0.041,24536
26/09/2017,0.041,0.041,0.041,0.041,0
27/09/2017,0.043,0.043,0.043,0.043,162090
28/09/2017,0.043,0.044,0.042,0.042,527850
29/09/2017,0.045,0.045,0.045,0.045,270000
02/10/2017,0.045,0.045,0.045,0.045,0
03/10/2017,0.045,0.045,0.045,0.045,0
04/10/2017,0.045,0.045,0.045,0.045,0
05/10/2017,0.045,0.045,0.045,0.045,470000
06/10/2017,0.045,0.045,0.045,0.045,0
09/10/2017,0.045,0.045,0.045,0.045,41383
10/10/2017,0.045,0.045,0.045,0.045,0
11/10/2017,0.045,0.045,0.045,0.045,0
12/10/2017,0.045,0.045,0.045,0.045,0
13/10/2017,0.046,0.05,0.046,0.05,23739
16/10/2017,0.05,0.05,0.05,0.05,0
17/10/2017,0.05,0.05,0.05,0.05,0
18/10/2017,0.05,0.05,0.05,0.05,0
19/10/2017,0.05,0.05,0.05,0.05,0
20/10/2017,0.048,0.049,0.046,0.046,122400
23/10/2017,0.046,0.046,0.046,0.046,0
24/10/2017,0.046,0.046,0.046,0.046,978894
25/10/2017,0.046,0.048,0.046,0.048,2008075
26/10/2017,0.048,0.048,0.048,0.048,0
27/10/2017,0.048,0.048,0.048,0.048,0
30/10/2017,0.048,0.048,0.048,0.048,0
31/10/2017,0.048,0.048,0.048,0.048,0
01/11/2017,0.049,0.05,0.049,0.05,123698
02/11/2017,0.05,0.06,0.05,0.06,110537
03/11/2017,0.06,0.06,0.06,0.06,0
06/11/2017,0.049,0.059,0.049,0.059,62033
07/11/2017,0.059,0.065,0.059,0.065,210771
08/11/2017,0.065,0.065,0.065,0.065,0
09/11/2017,0.065,0.065,0.065,0.065,0
10/11/2017,0.065,0.065,0.065,0.065,0
13/11/2017,0.065,0.065,0.065,0.065,0
14/11/2017,0.065,0.065,0.065,0.065,0
15/11/2017,0.065,0.065,0.065,0.065,0
16/11/2017,0.065,0.065,0.065,0.065,0
17/11/2017,0.065,0.065,0.065,0.065,0
20/11/2017,0.065,0.065,0.065,0.065,0
21/11/2017,0.065,0.065,0.065,0.065,0
22/11/2017,0.065,0.065,0.065,0.065,0
23/11/2017,0.065,0.065,0.065,0.065,0
24/11/2017,0.065,0.065,0.065,0.065,0
27/11/2017,0.065,0.065,0.065,0.065,0
28/11/2017,0.06,0.06,0.06,0.06,195896
29/11/2017,0.06,0.065,0.06,0.065,165800
30/11/2017,0.06,0.07,0.06,0.06,111144
01/12/2017,0.06,0.07,0.06,0.069,105758
04/12/2017,0.06,0.065,0.06,0.065,3567
05/12/2017,0.065,0.065,0.065,0.065,0
06/12/2017,0.065,0.065,0.065,0.065,0
07/12/2017,0.065,0.065,0.065,0.065,10395920
08/12/2017,0.065,0.065,0.065,0.065,0
11/12/2017,0.064,0.065,0.064,0.065,59394
12/12/2017,0.065,0.065,0.065,0.065,0
13/12/2017,0.065,0.065,0.065,0.065,0
14/12/2017,0.065,0.065,0.065,0.065,0
15/12/2017,0.065,0.065,0.065,0.065,0
18/12/2017,0.065,0.065,0.065,0.065,0
19/12/2017,0.065,0.065,0.065,0.065,0
20/12/2017,0.065,0.065,0.065,0.065,0
21/12/2017,0.063,0.071,0.062,0.07,170287
22/12/2017,0.07,0.07,0.07,0.07,0
27/12/2017,0.065,0.066,0.065,0.066,17000
28/12/2017,0.066,0.066,0.066,0.066,0
29/12/2017,0.066,0.066,0.066,0.066,0
02/01/2018,0.066,0.066,0.066,0.066,0
03/01/2018,0.066,0.066,0.065,0.065,27259
04/01/2018,0.066,0.066,0.065,0.065,43736
05/01/2018,0.065,0.066,0.063,0.063,275757
08/01/2018,0.063,0.063,0.063,0.063,0
09/01/2018,0.066,0.066,0.066,0.066,55000
10/01/2018,0.066,0.066,0.066,0.066,0
11/01/2018,0.066,0.066,0.066,0.066,11000
12/01/2018,0.066,0.066,0.066,0.066,0
15/01/2018,0.07,0.07,0.07,0.07,30000
16/01/2018,0.069,0.069,0.069,0.069,12000
17/01/2018,0.07,0.07,0.07,0.07,305106
18/01/2018,0.075,0.075,0.071,0.071,325324
19/01/2018,0.071,0.071,0.071,0.071,0
22/01/2018,0.075,0.075,0.075,0.075,60000
23/01/2018,0.077,0.077,0.075,0.075,424750
24/01/2018,0.075,0.076,0.071,0.071,266036
25/01/2018,0.074,0.075,0.073,0.073,307672
29/01/2018,0.071,0.073,0.071,0.071,276195
30/01/2018,0.071,0.071,0.071,0.071,0
31/01/2018,0.071,0.071,0.064,0.07,574472
01/02/2018,0.07,0.07,0.07,0.07,0
02/02/2018,0.07,0.07,0.07,0.07,0
05/02/2018,0.067,0.07,0.064,0.07,339676
06/02/2018,0.065,0.069,0.062,0.069,454173
07/02/2018,0.068,0.07,0.068,0.07,213737
08/02/2018,0.07,0.073,0.07,0.07,274080
09/02/2018,0.069,0.069,0.068,0.068,324483
12/02/2018,0.065,0.067,0.065,0.067,213978
13/02/2018,0.067,0.068,0.065,0.065,63748
14/02/2018,0.065,0.065,0.065,0.065,0
15/02/2018,0.065,0.067,0.065,0.067,15197
16/02/2018,0.065,0.068,0.064,0.068,173454
19/02/2018,0.065,0.068,0.065,0.068,20018
20/02/2018,0.068,0.068,0.068,0.068,0
21/02/2018,0.068,0.068,0.068,0.068,0
22/02/2018,0.065,0.065,0.062,0.062,151408
23/02/2018,0.062,0.062,0.062,0.062,0
26/02/2018,0.062,0.062,0.062,0.062,0
27/02/2018,0.055,0.059,0.055,0.059,3978
28/02/2018,0.059,0.059,0.059,0.059,0
01/03/2018,0.059,0.059,0.059,0.059,0
02/03/2018,0.058,0.058,0.052,0.052,850000
05/03/2018,0.052,0.052,0.05,0.05,500000
06/03/2018,0.055,0.055,0.055,0.055,50000
07/03/2018,0.055,0.055,0.055,0.055,0
08/03/2018,0.054,0.054,0.052,0.052,111010
09/03/2018,0.052,0.052,0.051,0.051,219153
12/03/2018,0.052,0.052,0.052,0.052,68522
13/03/2018,0.055,0.055,0.055,0.055,40000
14/03/2018,0.055,0.055,0.055,0.055,235000
15/03/2018,0.055,0.055,0.055,0.055,0
16/03/2018,0.06,0.061,0.06,0.061,483981
19/03/2018,0.061,0.061,0.061,0.061,402019
20/03/2018,0.061,0.061,0.061,0.061,0
21/03/2018,0.058,0.061,0.058,0.061,5767
22/03/2018,0.061,0.061,0.061,0.061,0
23/03/2018,0.061,0.061,0.061,0.061,0
26/03/2018,0.061,0.061,0.061,0.061,0
27/03/2018,0.061,0.061,0.061,0.061,0
28/03/2018,0.057,0.057,0.055,0.055,200000
29/03/2018,0.055,0.055,0.055,0.055,0
03/04/2018,0.055,0.055,0.055,0.055,0
04/04/2018,0.055,0.055,0.055,0.055,0
05/04/2018,0.055,0.055,0.055,0.055,0
06/04/2018,0.055,0.055,0.055,0.055,94183
09/04/2018,0.055,0.055,0.055,0.055,0
10/04/2018,0.055,0.055,0.055,0.055,0
11/04/2018,0.055,0.055,0.055,0.055,100000
12/04/2018,0.055,0.055,0.055,0.055,0
13/04/2018,0.055,0.055,0.055,0.055,0
16/04/2018,0.055,0.055,0.055,0.055,0
17/04/2018,0.054,0.054,0.054,0.054,440700
18/04/2018,0.054,0.054,0.054,0.054,0
19/04/2018,0.054,0.054,0.054,0.054,150000
20/04/2018,0.054,0.055,0.054,0.054,22673
23/04/2018,0.055,0.055,0.054,0.054,23500
24/04/2018,0.054,0.054,0.054,0.054,0
26/04/2018,0.054,0.054,0.054,0.054,0
27/04/2018,0.054,0.054,0.054,0.054,0
30/04/2018,0.054,0.054,0.054,0.054,0
01/05/2018,0.054,0.054,0.054,0.054,0
02/05/2018,0.054,0.054,0.054,0.054,0
03/05/2018,0.054,0.054,0.054,0.054,0
04/05/2018,0.054,0.054,0.054,0.054,0
07/05/2018,0.054,0.054,0.054,0.054,0
08/05/2018,0.054,0.054,0.054,0.054,0
09/05/2018,0.054,0.054,0.054,0.054,0
10/05/2018,0.06,0.06,0.06,0.06,10000
11/05/2018,0.06,0.06,0.052,0.052,17551300
14/05/2018,0.052,0.052,0.052,0.052,0
15/05/2018,0.052,0.052,0.052,0.052,0
16/05/2018,0.052,0.052,0.052,0.052,0
17/05/2018,0.052,0.052,0.052,0.052,0
18/05/2018,0.053,0.053,0.053,0.053,8000
21/05/2018,0.053,0.053,0.053,0.053,0
22/05/2018,0.053,0.053,0.053,0.053,13552
23/05/2018,0.053,0.053,0.053,0.053,0
24/05/2018,0.053,0.053,0.053,0.053,0
25/05/2018,0.053,0.053,0.053,0.053,0
28/05/2018,0.053,0.053,0.053,0.053,0
29/05/2018,0.053,0.053,0.053,0.053,0
30/05/2018,0.054,0.056,0.054,0.056,862457
31/05/2018,0.057,0.057,0.056,0.056,653052
01/06/2018,0.056,0.056,0.056,0.056,264311
04/06/2018,0.056,0.056,0.056,0.056,25070
05/06/2018,0.056,0.056,0.056,0.056,0
06/06/2018,0.056,0.056,0.056,0.056,0
07/06/2018,0.056,0.056,0.056,0.056,0
08/06/2018,0.056,0.056,0.056,0.056,0
12/06/2018,0.056,0.056,0.056,0.056,0
13/06/2018,0.056,0.056,0.056,0.056,40000
14/06/2018,0.056,0.056,0.055,0.055,500000
15/06/2018,0.058,0.06,0.058,0.06,45358
18/06/2018,0.054,0.054,0.053,0.053,675000
19/06/2018,0.053,0.053,0.053,0.053,7000
20/06/2018,0.053,0.053,0.053,0.053,0
21/06/2018,0.053,0.053,0.053,0.053,0
22/06/2018,0.055,0.055,0.055,0.055,10000
25/06/2018,0.055,0.055,0.055,0.055,10753
26/06/2018,0.055,0.057,0.055,0.057,1243000
27/06/2018,0.055,0.06,0.055,0.06,152000
28/06/2018,0.057,0.058,0.057,0.058,1111333
29/06/2018,0.06,0.06,0.06,0.06,40000
02/07/2018,0.06,0.06,0.06,0.06,0
03/07/2018,0.06,0.06,0.06,0.06,0
04/07/2018,0.06,0.06,0.06,0.06,5000
05/07/2018,0.06,0.06,0.06,0.06,0
06/07/2018,0.061,0.061,0.061,0.061,274213
09/07/2018,0.061,0.061,0.061,0.061,0
10/07/2018,0.061,0.061,0.061,0.061,80776
11/07/2018,0.061,0.061,0.061,0.061,52224
12/07/2018,0.061,0.061,0.06,0.06,80000
13/07/2018,0.061,0.061,0.06,0.06,300000
16/07/2018,0.06,0.06,0.06,0.06,0
17/07/2018,0.06,0.06,0.06,0.06,0
18/07/2018,0.06,0.06,0.06,0.06,0
19/07/2018,0.061,0.061,0.06,0.06,110059
20/07/2018,0.061,0.063,0.061,0.063,55760
23/07/2018,0.063,0.063,0.063,0.063,0
24/07/2018,0.069,0.07,0.067,0.067,235463
25/07/2018,0.067,0.067,0.067,0.067,10919
26/07/2018,0.067,0.067,0.067,0.067,0
27/07/2018,0.067,0.067,0.067,0.067,0
30/07/2018,0.067,0.067,0.067,0.067,0
31/07/2018,0.065,0.065,0.061,0.061,17942
01/08/2018,0.061,0.061,0.061,0.061,0
02/08/2018,0.061,0.061,0.061,0.061,18070
03/08/2018,0.061,0.061,0.061,0.061,0
06/08/2018,0.06,0.06,0.06,0.06,10000
07/08/2018,0.061,0.061,0.061,0.061,20740
08/08/2018,0.061,0.061,0.061,0.061,0
09/08/2018,0.061,0.061,0.06,0.06,147206
10/08/2018,0.061,0.061,0.06,0.06,73254
13/08/2018,0.06,0.06,0.06,0.06,0
14/08/2018,0.058,0.058,0.056,0.056,228659
15/08/2018,0.056,0.058,0.056,0.056,87536
16/08/2018,0.058,0.058,0.056,0.058,3160
17/08/2018,0.058,0.058,0.058,0.058,3
20/08/2018,0.057,0.058,0.057,0.057,34485
21/08/2018,0.057,0.057,0.057,0.057,0
22/08/2018,0.057,0.061,0.057,0.061,30446
23/08/2018,0.057,0.058,0.057,0.058,79
24/08/2018,0.057,0.057,0.056,0.056,332311
27/08/2018,0.056,0.056,0.056,0.056,0
28/08/2018,0.059,0.059,0.059,0.059,20000
29/08/2018,0.056,0.056,0.056,0.056,34000
30/08/2018,0.056,0.056,0.056,0.056,0
31/08/2018,0.056,0.056,0.056,0.056,0
03/09/2018,0.056,0.056,0.056,0.056,0
04/09/2018,0.057,0.057,0.056,0.056,250000
05/09/2018,0.056,0.056,0.056,0.056,20000
06/09/2018,0.056,0.056,0.056,0.056,0
07/09/2018,0.056,0.056,0.056,0.056,68965
10/09/2018,0.056,0.056,0.056,0.056,0
11/09/2018,0.056,0.056,0.056,0.056,0
12/09/2018,0.056,0.056,0.056,0.056,200000
13/09/2018,0.056,0.056,0.056,0.056,0
14/09/2018,0.056,0.056,0.056,0.056,0
17/09/2018,0.056,0.056,0.056,0.056,0
18/09/2018,0.056,0.056,0.055,0.055,78871
19/09/2018,0.055,0.055,0.055,0.055,0
20/09/2018,0.055,0.055,0.055,0.055,0
21/09/2018,0.055,0.055,0.055,0.055,90000
24/09/2018,0.053,0.054,0.052,0.054,127633
25/09/2018,0.054,0.054,0.054,0.054,0
26/09/2018,0.054,0.054,0.054,0.054,0
27/09/2018,0.054,0.054,0.054,0.054,0
28/09/2018,0.054,0.054,0.054,0.054,0
01/10/2018,0.054,0.054,0.054,0.054,0
02/10/2018,0.054,0.054,0.054,0.054,54619
03/10/2018,0.053,0.053,0.052,0.052,81500
04/10/2018,0.052,0.052,0.052,0.052,0
05/10/2018,0.052,0.052,0.052,0.052,0
08/10/2018,0.052,0.052,0.052,0.052,0
09/10/2018,0.05,0.05,0.05,0.05,75000
10/10/2018,0.05,0.05,0.05,0.05,0
11/10/2018,0.05,0.05,0.05,0.05,0
12/10/2018,0.05,0.05,0.05,0.05,0
15/10/2018,0.048,0.048,0.048,0.048,67800
16/10/2018,0.048,0.048,0.048,0.048,0
17/10/2018,0.048,0.048,0.048,0.048,0
18/10/2018,0.048,0.048,0.048,0.048,0
19/10/2018,0.052,0.054,0.052,0.054,270858
22/10/2018,0.054,0.054,0.054,0.054,0
23/10/2018,0.054,0.054,0.054,0.054,0
24/10/2018,0.054,0.054,0.054,0.054,188915
25/10/2018,0.054,0.054,0.054,0.054,0
26/10/2018,0.053,0.053,0.053,0.053,30000
29/10/2018,0.053,0.053,0.053,0.053,30201
30/10/2018,0.053,0.053,0.053,0.053,0
31/10/2018,0.048,0.048,0.048,0.048,40000
01/11/2018,0.048,0.048,0.048,0.048,0
02/11/2018,0.048,0.048,0.048,0.048,0
05/11/2018,0.047,0.051,0.047,0.051,557983
06/11/2018,0.051,0.051,0.051,0.051,0
07/11/2018,0.051,0.051,0.051,0.051,0
08/11/2018,0.051,0.051,0.051,0.051,0
09/11/2018,0.051,0.051,0.051,0.051,0
12/11/2018,0.05,0.05,0.05,0.05,10000
13/11/2018,0.05,0.05,0.05,0.05,0
14/11/2018,0.05,0.05,0.05,0.05,0
15/11/2018,0.05,0.05,0.05,0.05,0
16/11/2018,0.05,0.05,0.05,0.05,0
19/11/2018,0.05,0.05,0.05,0.05,0
20/11/2018,0.05,0.05,0.05,0.05,0
21/11/2018,0.051,0.051,0.049,0.049,300000
22/11/2018,0.049,0.049,0.049,0.049,0
23/11/2018,0.045,0.045,0.044,0.045,380192
26/11/2018,0.045,0.045,0.045,0.045,0
27/11/2018,0.045,0.045,0.045,0.045,0
28/11/2018,0.045,0.045,0.045,0.045,0
29/11/2018,0.043,0.043,0.04,0.04,368654
30/11/2018,0.04,0.04,0.04,0.04,0
03/12/2018,0.04,0.04,0.04,0.04,0
04/12/2018,0.04,0.04,0.04,0.04,0
05/12/2018,0.04,0.04,0.04,0.04,0
06/12/2018,0.04,0.04,0.04,0.04,0
07/12/2018,0.04,0.04,0.04,0.04,0
10/12/2018,0.04,0.04,0.04,0.04,0
11/12/2018,0.039,0.039,0.039,0.039,18711
12/12/2018,0.039,0.039,0.039,0.039,31289
13/12/2018,0.039,0.039,0.039,0.039,250000
14/12/2018,0.039,0.039,0.039,0.039,0
17/12/2018,0.039,0.039,0.039,0.039,0
18/12/2018,0.039,0.039,0.039,0.039,0
19/12/2018,0.039,0.039,0.039,0.039,0
20/12/2018,0.038,0.039,0.038,0.039,220000
21/12/2018,0.039,0.039,0.039,0.039,0
24/12/2018,0.039,0.039,0.039,0.039,0
27/12/2018,0.039,0.039,0.039,0.039,0
28/12/2018,0.039,0.039,0.039,0.039,0
31/12/2018,0.039,0.039,0.039,0.039,0
02/01/2019,0.04,0.04,0.04,0.04,100000
03/01/2019,0.04,0.04,0.04,0.04,0
04/01/2019,0.04,0.04,0.04,0.04,36953
07/01/2019,0.04,0.04,0.04,0.04,0
08/01/2019,0.04,0.04,0.04,0.04,0
09/01/2019,0.041,0.041,0.04,0.04,42938
10/01/2019,0.04,0.04,0.04,0.04,0
11/01/2019,0.04,0.04,0.04,0.04,0
14/01/2019,0.04,0.04,0.04,0.04,0
15/01/2019,0.04,0.04,0.04,0.04,0
16/01/2019,0.04,0.04,0.04,0.04,0
17/01/2019,0.04,0.04,0.04,0.04,0
18/01/2019,0.04,0.04,0.04,0.04,0
21/01/2019,0.04,0.04,0.04,0.04,0
22/01/2019,0.04,0.04,0.04,0.04,0
23/01/2019,0.04,0.04,0.04,0.04,0
24/01/2019,0.04,0.04,0.04,0.04,371363
25/01/2019,0.04,0.04,0.04,0.04,0
29/01/2019,0.04,0.04,0.039,0.039,66066
30/01/2019,0.04,0.04,0.04,0.04,100000
31/01/2019,0.04,0.04,0.04,0.04,124887
01/02/2019,0.04,0.04,0.04,0.04,250000
04/02/2019,0.04,0.04,0.04,0.04,0
05/02/2019,0.04,0.04,0.04,0.04,0
06/02/2019,0.04,0.04,0.038,0.038,1246800
07/02/2019,0.039,0.039,0.039,0.039,100000
08/02/2019,0.039,0.039,0.038,0.038,405730
11/02/2019,0.038,0.038,0.038,0.038,0
12/02/2019,0.038,0.038,0.038,0.038,0
13/02/2019,0.038,0.038,0.038,0.038,0
14/02/2019,0.04,0.04,0.04,0.04,86473
15/02/2019,0.04,0.04,0.04,0.04,339243
18/02/2019,0.04,0.04,0.04,0.04,0
19/02/2019,0.041,0.041,0.04,0.04,27426
20/02/2019,0.04,0.04,0.04,0.04,16000
21/02/2019,0.04,0.04,0.04,0.04,0
22/02/2019,0.04,0.04,0.04,0.04,0
25/02/2019,0.04,0.04,0.04,0.04,200000
26/02/2019,0.04,0.04,0.04,0.04,0
27/02/2019,0.04,0.04,0.04,0.04,100000
28/02/2019,0.04,0.04,0.04,0.04,0
01/03/2019,0.04,0.04,0.04,0.04,0
04/03/2019,0.04,0.04,0.04,0.04,0
05/03/2019,0.04,0.04,0.04,0.04,0
06/03/2019,0.04,0.04,0.04,0.04,0
07/03/2019,0.04,0.04,0.04,0.04,0
08/03/2019,0.04,0.04,0.04,0.04,0
11/03/2019,0.04,0.04,0.04,0.04,0
12/03/2019,0.04,0.04,0.04,0.04,0
13/03/2019,0.04,0.04,0.04,0.04,0
14/03/2019,0.04,0.04,0.04,0.04,0
15/03/2019,0.04,0.04,0.04,0.04,0
18/03/2019,0.04,0.04,0.04,0.04,0
19/03/2019,0.039,0.04,0.039,0.04,100000
20/03/2019,0.038,0.038,0.038,0.038,72244
21/03/2019,0.038,0.038,0.038,0.038,0
22/03/2019,0.038,0.038,0.038,0.038,0
25/03/2019,0.044,0.055,0.044,0.053,2889230
26/03/2019,0.055,0.06,0.054,0.056,1958800
27/03/2019,0.055,0.055,0.05,0.05,56324
28/03/2019,0.052,0.053,0.052,0.052,146886
29/03/2019,0.052,0.052,0.052,0.052,0
01/04/2019,0.052,0.052,0.052,0.052,0
02/04/2019,0.052,0.052,0.052,0.052,0
03/04/2019,0.053,0.053,0.053,0.053,130000
04/04/2019,0.052,0.052,0.052,0.052,5000
05/04/2019,0.052,0.052,0.052,0.052,0
08/04/2019,0.054,0.056,0.054,0.056,304779
09/04/2019,0.056,0.057,0.056,0.056,692581
10/04/2019,0.06,0.062,0.056,0.056,1572000
11/04/2019,0.056,0.056,0.053,0.053,232700
12/04/2019,0.053,0.053,0.053,0.053,0
15/04/2019,0.05,0.05,0.05,0.05,100000
16/04/2019,0.05,0.05,0.05,0.05,0
17/04/2019,0.049,0.051,0.049,0.051,199300
18/04/2019,0.048,0.048,0.048,0.048,11000
23/04/2019,0.047,0.047,0.047,0.047,42809
24/04/2019,0.047,0.047,0.047,0.047,0
26/04/2019,0.047,0.047,0.047,0.047,0
29/04/2019,0.047,0.047,0.047,0.047,0
30/04/2019,0.047,0.047,0.047,0.047,250000
01/05/2019,0.047,0.047,0.047,0.047,0
02/05/2019,0.047,0.047,0.047,0.047,0
03/05/2019,0.046,0.046,0.046,0.046,100000
06/05/2019,0.046,0.046,0.046,0.046,0
07/05/2019,0.046,0.046,0.046,0.046,0
08/05/2019,0.046,0.046,0.046,0.046,0
09/05/2019,0.046,0.046,0.046,0.046,0
10/05/2019,0.046,0.046,0.046,0.046,0
13/05/2019,0.046,0.046,0.046,0.046,0
14/05/2019,0.045,0.045,0.045,0.045,7815
15/05/2019,0.045,0.045,0.045,0.045,0
16/05/2019,0.045,0.045,0.045,0.045,0
17/05/2019,0.043,0.043,0.043,0.043,15000
20/05/2019,0.04,0.04,0.038,0.038,357625
21/05/2019,0.038,0.038,0.038,0.038,0
22/05/2019,0.035,0.04,0.035,0.04,184680
23/05/2019,0.04,0.04,0.04,0.04,220598
24/05/2019,0.04,0.04,0.04,0.04,0
27/05/2019,0.04,0.04,0.04,0.04,150000
28/05/2019,0.04,0.04,0.04,0.04,0
29/05/2019,0.04,0.04,0.04,0.04,0
30/05/2019,0.04,0.04,0.04,0.04,0
31/05/2019,0.04,0.04,0.04,0.04,101708
03/06/2019,0.04,0.04,0.04,0.04,0
04/06/2019,0.04,0.04,0.04,0.04,0
05/06/2019,0.037,0.04,0.037,0.04,45000
06/06/2019,0.04,0.04,0.04,0.04,0
07/06/2019,0.04,0.04,0.04,0.04,0
11/06/2019,0.039,0.039,0.039,0.039,100000
12/06/2019,0.039,0.039,0.039,0.039,0
13/06/2019,0.036,0.038,0.036,0.038,18668
14/06/2019,0.039,0.04,0.039,0.039,404378
17/06/2019,0.043,0.043,0.043,0.043,55000
18/06/2019,0.043,0.043,0.043,0.043,70000
19/06/2019,0.043,0.043,0.043,0.043,0
20/06/2019,0.039,0.041,0.039,0.04,872534
21/06/2019,0.041,0.041,0.041,0.041,138478
24/06/2019,0.041,0.041,0.041,0.041,0
25/06/2019,0.041,0.041,0.041,0.041,7221
26/06/2019,0.041,0.041,0.041,0.041,0
27/06/2019,0.041,0.041,0.041,0.041,0
28/06/2019,0.041,0.044,0.041,0.044,151400
01/07/2019,0.044,0.044,0.044,0.044,0
02/07/2019,0.042,0.042,0.042,0.042,186164
03/07/2019,0.042,0.042,0.042,0.042,6614
04/07/2019,0.041,0.041,0.04,0.04,248966
05/07/2019,0.04,0.04,0.04,0.04,0
08/07/2019,0.04,0.04,0.04,0.04,0
09/07/2019,0.04,0.04,0.04,0.04,0
10/07/2019,0.04,0.04,0.04,0.04,0
11/07/2019,0.04,0.04,0.04,0.04,5506
12/07/2019,0.04,0.04,0.04,0.04,0
15/07/2019,0.04,0.04,0.04,0.04,80403
16/07/2019,0.039,0.039,0.037,0.039,39733
17/07/2019,0.038,0.038,0.038,0.038,453882
18/07/2019,0.039,0.04,0.039,0.04,254999
19/07/2019,0.04,0.04,0.04,0.04,204630
22/07/2019,0.041,0.041,0.04,0.04,306787
23/07/2019,0.04,0.04,0.04,0.04,145001
24/07/2019,0.039,0.039,0.039,0.039,2878
25/07/2019,0.037,0.037,0.037,0.037,206
26/07/2019,0.037,0.037,0.037,0.037,0
29/07/2019,0.038,0.038,0.038,0.038,52243
30/07/2019,0.038,0.038,0.038,0.038,17757
31/07/2019,0.038,0.038,0.038,0.038,0
01/08/2019,0.037,0.037,0.037,0.037,100000
02/08/2019,0.039,0.039,0.039,0.039,29302
05/08/2019,0.039,0.039,0.039,0.039,0
06/08/2019,0.039,0.039,0.039,0.039,0
07/08/2019,0.037,0.037,0.036,0.036,113372
08/08/2019,0.036,0.037,0.036,0.037,449737
09/08/2019,0.037,0.037,0.037,0.037,0
12/08/2019,0.037,0.037,0.037,0.037,0
13/08/2019,0.037,0.037,0.037,0.037,0
14/08/2019,0.037,0.037,0.037,0.037,0
15/08/2019,0.037,0.038,0.035,0.035,384975
16/08/2019,0.036,0.036,0.036,0.036,50000
19/08/2019,0.036,0.036,0.036,0.036,0
20/08/2019,0.031,0.031,0.031,0.031,20000
21/08/2019,0.031,0.031,0.031,0.031,0
22/08/2019,0.036,0.036,0.034,0.034,59933
23/08/2019,0.036,0.04,0.036,0.04,26382
26/08/2019,0.048,0.069,0.048,0.068,7500215
27/08/2019,0.068,0.069,0.063,0.069,1739797
28/08/2019,0.07,0.074,0.068,0.07,1653715
29/08/2019,0.07,0.07,0.066,0.068,864351
30/08/2019,0.068,0.07,0.066,0.068,601607
02/09/2019,0.071,0.074,0.069,0.073,1684706
03/09/2019,0.079,0.082,0.066,0.066,5806434
04/09/2019,0.066,0.066,0.062,0.065,351643
05/09/2019,0.065,0.065,0.06,0.06,737285
06/09/2019,0.06,0.062,0.059,0.061,510085
09/09/2019,0.061,0.061,0.061,0.061,121373
10/09/2019,0.061,0.061,0.061,0.061,0
11/09/2019,0.061,0.061,0.061,0.061,0
12/09/2019,0.066,0.069,0.063,0.064,274253
13/09/2019,0.065,0.073,0.065,0.073,555165
16/09/2019,0.071,0.071,0.071,0.071,11512
17/09/2019,0.073,0.073,0.072,0.072,20312
18/09/2019,0.071,0.071,0.071,0.071,13489
19/09/2019,0.072,0.073,0.072,0.073,62666
20/09/2019,0.073,0.073,0.073,0.073,0
23/09/2019,0.073,0.073,0.066,0.066,300700
24/09/2019,0.066,0.066,0.066,0.066,800
25/09/2019,0.066,0.066,0.066,0.066,0
26/09/2019,0.066,0.066,0.066,0.066,0
27/09/2019,0.066,0.066,0.066,0.066,0
30/09/2019,0.067,0.067,0.067,0.067,200000
01/10/2019,0.067,0.067,0.067,0.067,14000
02/10/2019,0.066,0.071,0.066,0.071,187838
03/10/2019,0.066,0.066,0.066,0.066,150000
04/10/2019,0.071,0.071,0.07,0.07,210000
07/10/2019,0.07,0.07,0.07,0.07,0
08/10/2019,0.067,0.067,0.066,0.066,174430
09/10/2019,0.068,0.068,0.067,0.067,438851
10/10/2019,0.068,0.069,0.068,0.069,165200
11/10/2019,0.07,0.071,0.07,0.071,150000
14/10/2019,0.071,0.075,0.07,0.07,447577
15/10/2019,0.073,0.073,0.07,0.07,89097
16/10/2019,0.07,0.07,0.07,0.07,0
17/10/2019,0.071,0.071,0.069,0.069,99276
18/10/2019,0.069,0.069,0.069,0.069,10000
21/10/2019,0.07,0.07,0.069,0.07,418745
22/10/2019,0.07,0.07,0.069,0.069,611630
23/10/2019,0.07,0.071,0.07,0.071,599928
24/10/2019,0.071,0.072,0.07,0.07,334408
25/10/2019,0.077,0.077,0.077,0.077,135481
28/10/2019,0.08,0.08,0.078,0.079,696572
29/10/2019,0.08,0.084,0.08,0.083,2508064
30/10/2019,0.09,0.09,0.08,0.082,1239308
31/10/2019,0.082,0.082,0.078,0.078,464900
01/11/2019,0.075,0.076,0.073,0.073,364947
04/11/2019,0.075,0.077,0.075,0.077,171597
05/11/2019,0.077,0.077,0.077,0.077,0
06/11/2019,0.078,0.078,0.078,0.078,6815
07/11/2019,0.076,0.076,0.074,0.074,82232
08/11/2019,0.076,0.076,0.068,0.071,371565
11/11/2019,0.071,0.074,0.069,0.069,243113
12/11/2019,0.068,0.069,0.066,0.068,1117008
13/11/2019,0.07,0.07,0.067,0.068,1013897
14/11/2019,0.068,0.07,0.068,0.07,380037
15/11/2019,0.067,0.067,0.067,0.067,50000
18/11/2019,0.07,0.07,0.07,0.07,18259
19/11/2019,0.07,0.071,0.07,0.071,237093
20/11/2019,0.072,0.072,0.071,0.071,53759
21/11/2019,0.071,0.071,0.068,0.068,150000
22/11/2019,0.068,0.07,0.068,0.07,69426
25/11/2019,0.075,0.075,0.07,0.07,392857
26/11/2019,0.07,0.07,0.07,0.07,14285
27/11/2019,0.07,0.07,0.07,0.07,0
28/11/2019,0.07,0.076,0.07,0.076,488792
29/11/2019,0.074,0.074,0.073,0.073,88639
02/12/2019,0.073,0.076,0.073,0.075,298159
03/12/2019,0.069,0.069,0.069,0.069,25000
04/12/2019,0.074,0.074,0.074,0.074,82407
05/12/2019,0.074,0.074,0.069,0.069,254000
06/12/2019,0.069,0.069,0.068,0.068,83000
09/12/2019,0.07,0.07,0.068,0.068,435000
10/12/2019,0.068,0.068,0.066,0.066,60000
11/12/2019,0.067,0.067,0.064,0.064,816932
12/12/2019,0.067,0.067,0.066,0.066,208827
13/12/2019,0.068,0.068,0.068,0.068,62500
16/12/2019,0.067,0.067,0.066,0.066,100928
17/12/2019,0.067,0.067,0.067,0.067,1818
18/12/2019,0.067,0.07,0.066,0.068,451428
19/12/2019,0.068,0.068,0.068,0.068,61824
20/12/2019,0.068,0.068,0.068,0.068,0
23/12/2019,0.07,0.077,0.07,0.074,191239
24/12/2019,0.071,0.071,0.07,0.071,175281
27/12/2019,0.071,0.071,0.071,0.071,14084
30/12/2019,0.071,0.072,0.071,0.072,381549
31/12/2019,0.072,0.072,0.071,0.071,320709
02/01/2020,0.071,0.071,0.071,0.071,152372
03/01/2020,0.071,0.071,0.071,0.071,0
06/01/2020,0.075,0.075,0.075,0.075,24363
07/01/2020,0.075,0.075,0.073,0.074,66789
08/01/2020,0.075,0.075,0.073,0.073,110181
09/01/2020,0.073,0.073,0.073,0.073,174698
10/01/2020,0.073,0.073,0.073,0.073,71200
13/01/2020,0.073,0.073,0.073,0.073,315759
14/01/2020,0.073,0.075,0.073,0.075,726125
15/01/2020,0.073,0.075,0.071,0.071,620757
16/01/2020,0.074,0.074,0.071,0.071,371997
17/01/2020,0.073,0.073,0.068,0.068,381419
20/01/2020,0.073,0.073,0.071,0.071,369324
21/01/2020,0.075,0.08,0.075,0.078,1494942
22/01/2020,0.08,0.088,0.08,0.085,1543545
23/01/2020,0.09,0.09,0.083,0.085,718521
24/01/2020,0.086,0.099,0.086,0.095,1600060
28/01/2020,0.096,0.099,0.091,0.093,2252505
29/01/2020,0.094,0.097,0.094,0.097,852901
30/01/2020,0.105,0.115,0.105,0.105,2552848
31/01/2020,0.11,0.11,0.105,0.105,1252549
03/02/2020,0.105,0.11,0.105,0.11,1134918
04/02/2020,0.11,0.11,0.105,0.105,1016053
05/02/2020,0.1,0.1,0.096,0.1,835399
06/02/2020,0.105,0.105,0.1,0.1,444131
07/02/2020,0.1,0.11,0.1,0.1,882786
10/02/2020,0.1,0.1,0.095,0.095,744864
11/02/2020,0.097,0.105,0.097,0.1,1014091
12/02/2020,0.099,0.099,0.096,0.098,260771
13/02/2020,0.098,0.1,0.096,0.1,271891
14/02/2020,0.1,0.1,0.096,0.099,406662
17/02/2020,0.099,0.1,0.098,0.1,104299
18/02/2020,0.1,0.1,0.1,0.1,167515
19/02/2020,0.1,0.105,0.1,0.105,630691
20/02/2020,0.11,0.11,0.105,0.105,386834
21/02/2020,0.105,0.105,0.1,0.105,475975
24/02/2020,0.105,0.105,0.1,0.105,838080
25/02/2020,0.105,0.105,0.096,0.099,163323
26/02/2020,0.097,0.097,0.09,0.092,443109
27/02/2020,0.094,0.098,0.092,0.095,226711
28/02/2020,0.086,0.086,0.075,0.077,1568146
02/03/2020,0.075,0.075,0.063,0.07,1611732
03/03/2020,0.077,0.079,0.069,0.075,859723
04/03/2020,0.078,0.079,0.078,0.079,86168
05/03/2020,0.079,0.079,0.079,0.079,40157
06/03/2020,0.077,0.079,0.075,0.075,237500
09/03/2020,0.075,0.075,0.067,0.072,290319
10/03/2020,0.069,0.069,0.064,0.069,458570
11/03/2020,0.069,0.069,0.069,0.069,29897
12/03/2020,0.065,0.065,0.062,0.062,135932
13/03/2020,0.065,0.065,0.056,0.056,619565
16/03/2020,0.051,0.051,0.042,0.044,428543
17/03/2020,0.041,0.06,0.041,0.06,790496
18/03/2020,0.055,0.055,0.05,0.055,265362
19/03/2020,0.054,0.054,0.047,0.047,342190
20/03/2020,0.045,0.048,0.045,0.048,191400
23/03/2020,0.048,0.048,0.045,0.046,249592
24/03/2020,0.05,0.05,0.045,0.045,207201
25/03/2020,0.045,0.045,0.045,0.045,0
26/03/2020,0.045,0.045,0.045,0.045,0
27/03/2020,0.045,0.045,0.045,0.045,0
30/03/2020,0.049,0.049,0.048,0.048,261559
31/03/2020,0.048,0.049,0.048,0.048,485650
01/04/2020,0.048,0.048,0.044,0.044,289999
02/04/2020,0.046,0.049,0.046,0.046,143419
03/04/2020,0.049,0.049,0.046,0.048,138098
06/04/2020,0.049,0.05,0.049,0.05,632397
07/04/2020,0.051,0.057,0.05,0.052,824007
08/04/2020,0.056,0.06,0.054,0.06,719000
09/04/2020,0.06,0.064,0.059,0.064,597502
14/04/2020,0.064,0.065,0.064,0.064,236999
15/04/2020,0.066,0.067,0.064,0.067,300000
16/04/2020,0.06,0.061,0.06,0.061,266700
17/04/2020,0.062,0.067,0.061,0.067,501618
20/04/2020,0.07,0.07,0.066,0.069,337833
21/04/2020,0.069,0.069,0.063,0.063,476108
22/04/2020,0.061,0.061,0.054,0.06,450728
23/04/2020,0.06,0.06,0.06,0.06,40000
24/04/2020,0.059,0.06,0.059,0.059,351796
27/04/2020,0.065,0.065,0.065,0.065,18000
28/04/2020,0.065,0.065,0.065,0.065,280001
29/04/2020,0.065,0.065,0.062,0.062,335829
30/04/2020,0.062,0.063,0.06,0.063,811052
01/05/2020,0.06,0.06,0.059,0.059,167841
04/05/2020,0.06,0.069,0.06,0.066,465682
05/05/2020,0.067,0.067,0.064,0.067,656046
06/05/2020,0.07,0.078,0.07,0.077,2034059
07/05/2020,0.074,0.074,0.073,0.074,696613
08/05/2020,0.075,0.077,0.074,0.074,1397325
11/05/2020,0.074,0.074,0.071,0.072,360762
12/05/2020,0.077,0.077,0.077,0.077,150000
13/05/2020,0.075,0.075,0.07,0.072,1011608
14/05/2020,0.072,0.072,0.069,0.071,519293
15/05/2020,0.072,0.072,0.072,0.072,196389
18/05/2020,0.073,0.075,0.073,0.074,872570
19/05/2020,0.075,0.077,0.075,0.077,625538
20/05/2020,0.079,0.089,0.079,0.088,2713231
21/05/2020,0.088,0.094,0.085,0.086,1718714
22/05/2020,0.086,0.087,0.083,0.083,212124
25/05/2020,0.086,0.089,0.086,0.086,458160
26/05/2020,0.087,0.087,0.082,0.085,715467
27/05/2020,0.085,0.085,0.082,0.083,212253
28/05/2020,0.082,0.087,0.082,0.087,278675
29/05/2020,0.087,0.087,0.087,0.087,116889
01/06/2020,0.087,0.092,0.087,0.088,1086743
02/06/2020,0.087,0.089,0.087,0.089,429605
03/06/2020,0.089,0.089,0.083,0.083,1428664
04/06/2020,0.085,0.089,0.084,0.085,777838
05/06/2020,0.085,0.088,0.083,0.084,414930
09/06/2020,0.083,0.084,0.083,0.083,211818
10/06/2020,0.082,0.084,0.082,0.084,130501
11/06/2020,0.086,0.089,0.085,0.085,535499
12/06/2020,0.082,0.082,0.08,0.08,1213984
15/06/2020,0.081,0.084,0.079,0.079,424178
16/06/2020,0.08,0.089,0.08,0.085,426166
17/06/2020,0.09,0.095,0.075,0.075,4015308
18/06/2020,0.076,0.079,0.075,0.077,877732
19/06/2020,0.077,0.077,0.076,0.077,770219
22/06/2020,0.083,0.083,0.077,0.077,314753
23/06/2020,0.077,0.08,0.076,0.08,505581
24/06/2020,0.08,0.083,0.079,0.082,660799
25/06/2020,0.083,0.087,0.083,0.087,378348
26/06/2020,0.088,0.09,0.088,0.088,1229669
29/06/2020,0.088,0.09,0.086,0.086,385008
30/06/2020,0.09,0.094,0.09,0.094,1420704
01/07/2020,0.095,0.095,0.09,0.093,1033240
02/07/2020,0.09,0.09,0.085,0.085,358192
03/07/2020,0.086,0.089,0.086,0.087,264340
06/07/2020,0.089,0.09,0.088,0.09,504948
07/07/2020,0.091,0.091,0.089,0.089,420552
08/07/2020,0.089,0.089,0.089,0.089,0
09/07/2020,0.089,0.089,0.089,0.089,0
10/07/2020,0.091,0.097,0.091,0.091,7840453
13/07/2020,0.1,0.11,0.097,0.11,6894482
14/07/2020,0.11,0.11,0.1,0.1,3717932
15/07/2020,0.105,0.125,0.105,0.11,2681851
16/07/2020,0.11,0.11,0.1,0.1,1089357
17/07/2020,0.105,0.105,0.1,0.1,1334983
20/07/2020,0.105,0.105,0.1,0.1,1566348
21/07/2020,0.105,0.11,0.093,0.096,3677475
22/07/2020,0.098,0.099,0.095,0.095,1206697
23/07/2020,0.099,0.11,0.099,0.1,3419535
24/07/2020,0.11,0.11,0.1,0.105,1397122
27/07/2020,0.105,0.105,0.105,0.105,0
28/07/2020,0.25,0.325,0.225,0.265,67224000
29/07/2020,0.25,0.27,0.227,0.24,11348930
30/07/2020,0.235,0.27,0.23,0.235,9239528
31/07/2020,0.23,0.25,0.23,0.24,7680940
03/08/2020,0.245,0.245,0.21,0.24,5349150
04/08/2020,0.24,0.24,0.22,0.225,2842092
05/08/2020,0.235,0.24,0.23,0.24,3631000
06/08/2020,0.25,0.26,0.22,0.23,8968329
07/08/2020,0.23,0.24,0.22,0.235,2158317
10/08/2020,0.235,0.24,0.227,0.24,3093954
11/08/2020,0.24,0.24,0.22,0.22,3282861
12/08/2020,0.215,0.215,0.185,0.19,5000148
13/08/2020,0.19,0.19,0.165,0.18,8688663
14/08/2020,0.185,0.2,0.185,0.185,2583698
17/08/2020,0.19,0.195,0.185,0.195,1282961
18/08/2020,0.2,0.2,0.185,0.19,2574364
19/08/2020,0.185,0.185,0.175,0.175,2738199
20/08/2020,0.175,0.185,0.175,0.18,1016635
21/08/2020,0.185,0.19,0.18,0.18,1019747
24/08/2020,0.18,0.185,0.18,0.18,1215425
25/08/2020,0.185,0.19,0.18,0.185,1257253
26/08/2020,0.18,0.19,0.165,0.165,2253480
27/08/2020,0.17,0.175,0.165,0.17,749574
28/08/2020,0.17,0.17,0.165,0.165,1366630
31/08/2020,0.18,0.185,0.17,0.175,634560
01/09/2020,0.18,0.195,0.175,0.195,2117425
02/09/2020,0.2,0.215,0.2,0.205,2256494
03/09/2020,0.205,0.23,0.2,0.22,2719654
04/09/2020,0.2,0.235,0.195,0.205,2495817
07/09/2020,0.195,0.2,0.175,0.185,2500051
08/09/2020,0.19,0.195,0.18,0.19,1514422
09/09/2020,0.175,0.18,0.165,0.18,4785537
10/09/2020,0.18,0.19,0.165,0.17,4913515
11/09/2020,0.175,0.18,0.17,0.18,706897
14/09/2020,0.185,0.185,0.175,0.18,1122548
15/09/2020,0.185,0.19,0.185,0.19,1613818
16/09/2020,0.195,0.2,0.195,0.2,3131473
17/09/2020,0.2,0.2,0.19,0.2,1525045
18/09/2020,0.19,0.215,0.19,0.215,2434068
21/09/2020,0.21,0.235,0.21,0.22,4137993
22/09/2020,0.215,0.215,0.195,0.205,1700425
23/09/2020,0.215,0.215,0.205,0.21,1256977
24/09/2020,0.195,0.2,0.19,0.195,1016125
25/09/2020,0.19,0.205,0.19,0.205,883121
28/09/2020,0.21,0.21,0.2,0.2,322273
29/09/2020,0.205,0.24,0.205,0.23,2539501
30/09/2020,0.23,0.235,0.225,0.235,1899705
01/10/2020,0.235,0.26,0.235,0.255,3516357
02/10/2020,0.255,0.265,0.24,0.24,4573067
05/10/2020,0.245,0.245,0.235,0.24,760986
06/10/2020,0.24,0.265,0.24,0.26,1805692
07/10/2020,0.26,0.265,0.255,0.255,1187838
08/10/2020,0.26,0.29,0.26,0.265,4973828
09/10/2020,0.27,0.28,0.265,0.28,757426
12/10/2020,0.295,0.305,0.285,0.295,3382972
13/10/2020,0.29,0.305,0.285,0.29,4469143
14/10/2020,0.29,0.29,0.265,0.28,1611608
15/10/2020,0.275,0.28,0.265,0.265,1098162
16/10/2020,0.265,0.27,0.26,0.27,820072
19/10/2020,0.27,0.272,0.26,0.26,1088055
20/10/2020,0.26,0.285,0.26,0.265,1280730
21/10/2020,0.265,0.28,0.26,0.26,1347284
22/10/2020,0.27,0.27,0.24,0.24,1162754
23/10/2020,0.245,0.255,0.245,0.25,549362
26/10/2020,0.25,0.265,0.24,0.245,1118547
27/10/2020,0.245,0.255,0.23,0.23,844309
28/10/2020,0.23,0.245,0.23,0.23,783129
29/10/2020,0.22,0.24,0.22,0.24,805712
30/10/2020,0.24,0.25,0.23,0.23,454680
02/11/2020,0.23,0.23,0.22,0.225,1423617
03/11/2020,0.23,0.235,0.22,0.22,891054
04/11/2020,0.225,0.24,0.225,0.24,1268423
05/11/2020,0.245,0.25,0.23,0.235,394098
06/11/2020,0.245,0.26,0.245,0.25,924819
09/11/2020,0.26,0.275,0.26,0.27,1273117
10/11/2020,0.245,0.275,0.245,0.25,1439750
11/11/2020,0.26,0.26,0.25,0.255,656844
12/11/2020,0.26,0.26,0.235,0.24,606962
13/11/2020,0.25,0.25,0.235,0.24,542525
16/11/2020,0.235,0.235,0.235,0.235,54202
17/11/2020,0.235,0.26,0.235,0.245,1065996
18/11/2020,0.245,0.265,0.245,0.25,1382003
19/11/2020,0.25,0.255,0.25,0.255,651747
20/11/2020,0.25,0.25,0.245,0.25,469383
23/11/2020,0.25,0.25,0.24,0.25,562603
24/11/2020,0.25,0.26,0.225,0.225,4161705
25/11/2020,0.22,0.23,0.215,0.225,1827843
26/11/2020,0.225,0.225,0.225,0.225,0
27/11/2020,0.225,0.225,0.225,0.225,0
30/11/2020,0.23,0.23,0.21,0.21,1216421
01/12/2020,0.215,0.225,0.215,0.225,653181
02/12/2020,0.235,0.235,0.225,0.225,730988
03/12/2020,0.23,0.23,0.22,0.22,826251
04/12/2020,0.22,0.225,0.22,0.22,208314
07/12/2020,0.215,0.215,0.205,0.205,1837078
08/12/2020,0.215,0.22,0.21,0.22,751856
09/12/2020,0.22,0.23,0.21,0.215,745182
10/12/2020,0.21,0.215,0.2,0.215,2199364
11/12/2020,0.215,0.215,0.205,0.21,843075
14/12/2020,0.21,0.21,0.2,0.2,1060384
15/12/2020,0.205,0.205,0.195,0.2,1527266
16/12/2020,0.25,0.255,0.21,0.22,6540739
17/12/2020,0.225,0.23,0.215,0.2275,1120519
18/12/2020,0.235,0.24,0.225,0.225,2057002
21/12/2020,0.225,0.23,0.21,0.225,1693811
22/12/2020,0.225,0.23,0.21,0.225,574178
23/12/2020,0.225,0.225,0.22,0.225,379557
24/12/2020,0.23,0.23,0.215,0.23,219584
29/12/2020,0.23,0.23,0.215,0.22,463373
30/12/2020,0.225,0.245,0.22,0.24,1447597
31/12/2020,0.24,0.25,0.24,0.24,674919
04/01/2021,0.24,0.26,0.24,0.25,1104862
05/01/2021,0.26,0.265,0.25,0.26,1282788
06/01/2021,0.26,0.265,0.245,0.245,1844859
07/01/2021,0.245,0.26,0.23,0.23,1498219
08/01/2021,0.235,0.24,0.225,0.23,575684
11/01/2021,0.22,0.22,0.205,0.205,1298184
12/01/2021,0.22,0.24,0.215,0.23,754558
13/01/2021,0.23,0.23,0.225,0.225,140178
14/01/2021,0.23,0.23,0.215,0.215,572474
15/01/2021,0.225,0.23,0.22,0.225,362926
18/01/2021,0.235,0.235,0.215,0.22,528573
19/01/2021,0.22,0.22,0.205,0.205,999272
20/01/2021,0.205,0.22,0.19,0.22,2230838
21/01/2021,0.22,0.22,0.215,0.215,755710
22/01/2021,0.215,0.215,0.2,0.2,1107972
25/01/2021,0.2,0.205,0.195,0.205,1056039
27/01/2021,0.205,0.21,0.195,0.2,1395048
28/01/2021,0.19,0.2,0.185,0.2,665160
29/01/2021,0.2,0.2,0.19,0.19,870544
01/02/2021,0.185,0.19,0.18,0.19,1043137
02/02/2021,0.185,0.2,0.185,0.19,177430
03/02/2021,0.205,0.21,0.195,0.21,1742065
04/02/2021,0.21,0.215,0.205,0.215,395274
05/02/2021,0.21,0.21,0.195,0.205,1049114
08/02/2021,0.21,0.21,0.195,0.195,415136
09/02/2021,0.2,0.2,0.19,0.2,717473
10/02/2021,0.2,0.2,0.19,0.19,401445
11/02/2021,0.19,0.2,0.19,0.2,282086
12/02/2021,0.2,0.2,0.19,0.2,450775
15/02/2021,0.19,0.19,0.18,0.185,272057
16/02/2021,0.185,0.2,0.185,0.195,341142
17/02/2021,0.195,0.195,0.185,0.185,395126
18/02/2021,0.19,0.19,0.18,0.18,950823
19/02/2021,0.18,0.185,0.175,0.175,633475
22/02/2021,0.175,0.185,0.175,0.18,148550
23/02/2021,0.185,0.185,0.18,0.18,95591
24/02/2021,0.185,0.185,0.18,0.18,1033700
25/02/2021,0.18,0.185,0.1775,0.185,192456
26/02/2021,0.19,0.19,0.175,0.175,462607
01/03/2021,0.19,0.19,0.175,0.175,534269
02/03/2021,0.19,0.195,0.16,0.17,3137836
03/03/2021,0.17,0.18,0.17,0.18,447789
04/03/2021,0.18,0.185,0.175,0.175,135569
05/03/2021,0.175,0.18,0.165,0.165,1310043
08/03/2021,0.16,0.17,0.15,0.15,1858773
09/03/2021,0.16,0.165,0.155,0.165,999250
10/03/2021,0.17,0.18,0.155,0.18,636641
11/03/2021,0.17,0.18,0.17,0.17,119000
12/03/2021,0.17,0.175,0.17,0.17,159065
15/03/2021,0.17,0.175,0.17,0.17,222949
16/03/2021,0.175,0.175,0.17,0.175,139273
17/03/2021,0.175,0.175,0.17,0.17,439666
18/03/2021,0.175,0.175,0.165,0.165,483874
19/03/2021,0.165,0.17,0.16,0.16,196850
22/03/2021,0.165,0.165,0.165,0.165,43834
23/03/2021,0.17,0.17,0.165,0.165,45716
24/03/2021,0.165,0.165,0.16,0.165,193098
25/03/2021,0.165,0.165,0.165,0.165,220922
26/03/2021,0.16,0.165,0.16,0.16,636787
29/03/2021,0.16,0.165,0.155,0.155,605213
30/03/2021,0.16,0.16,0.155,0.16,720699
31/03/2021,0.155,0.155,0.15,0.15,600705
01/04/2021,0.15,0.155,0.145,0.15,463998
06/04/2021,0.15,0.15,0.14,0.15,1203116
07/04/2021,0.155,0.155,0.145,0.15,528228
08/04/2021,0.145,0.15,0.145,0.145,697537
09/04/2021,0.145,0.16,0.145,0.145,1212839
12/04/2021,0.145,0.15,0.145,0.145,351748
13/04/2021,0.15,0.15,0.14,0.14,152225
14/04/2021,0.14,0.14,0.13,0.135,1656434
15/04/2021,0.135,0.135,0.135,0.135,896599
16/04/2021,0.14,0.14,0.13,0.135,875653
19/04/2021,0.13,0.135,0.13,0.13,1106459
20/04/2021,0.125,0.13,0.125,0.125,1797515
21/04/2021,0.12,0.13,0.12,0.12,3545202
22/04/2021,0.12,0.13,0.12,0.13,1458834
23/04/2021,0.12,0.135,0.115,0.13,1712744
26/04/2021,0.13,0.15,0.13,0.15,1241265
27/04/2021,0.15,0.15,0.13,0.135,620785
28/04/2021,0.14,0.14,0.13,0.135,1450543
29/04/2021,0.13,0.13,0.13,0.13,278765
30/04/2021,0.13,0.14,0.13,0.135,729460
03/05/2021,0.14,0.145,0.135,0.14,1252336
04/05/2021,0.145,0.17,0.145,0.145,1750234
05/05/2021,0.155,0.155,0.145,0.145,890352
06/05/2021,0.155,0.155,0.145,0.145,1137695
07/05/2021,0.15,0.15,0.14,0.14,257292
10/05/2021,0.14,0.145,0.14,0.145,495839
11/05/2021,0.145,0.145,0.14,0.14,156470
12/05/2021,0.135,0.14,0.135,0.135,325823
13/05/2021,0.14,0.14,0.135,0.14,314610
14/05/2021,0.14,0.14,0.125,0.125,852751
17/05/2021,0.125,0.13,0.12,0.12,254153
18/05/2021,0.13,0.135,0.12,0.13,425209
19/05/2021,0.135,0.135,0.125,0.13,60509
20/05/2021,0.1275,0.1275,0.125,0.125,388509
21/05/2021,0.13,0.135,0.13,0.135,920643
24/05/2021,0.14,0.14,0.14,0.14,263166
25/05/2021,0.14,0.15,0.135,0.14,985970
26/05/2021,0.14,0.155,0.14,0.15,3506311
27/05/2021,0.155,0.155,0.145,0.145,171310
28/05/2021,0.15,0.17,0.15,0.17,1559888
31/05/2021,0.165,0.165,0.145,0.15,1832933
01/06/2021,0.15,0.155,0.145,0.15,328245
02/06/2021,0.155,0.16,0.145,0.145,498116
03/06/2021,0.145,0.145,0.145,0.145,130592
04/06/2021,0.145,0.145,0.135,0.14,389297
07/06/2021,0.14,0.155,0.14,0.145,692516
08/06/2021,0.155,0.16,0.15,0.155,1463957
09/06/2021,0.16,0.16,0.15,0.16,1094732
10/06/2021,0.16,0.16,0.16,0.16,404102
11/06/2021,0.16,0.165,0.15,0.16,698819
15/06/2021,0.155,0.16,0.15,0.16,769160
16/06/2021,0.16,0.16,0.145,0.145,329904
17/06/2021,0.145,0.15,0.14,0.15,681933
18/06/2021,0.145,0.15,0.145,0.145,504277
21/06/2021,0.14,0.14,0.13,0.13,1136732
22/06/2021,0.15,0.155,0.14,0.15,2045128
23/06/2021,0.15,0.155,0.15,0.15,953379
24/06/2021,0.15,0.15,0.14,0.14,739071
25/06/2021,0.14,0.14,0.135,0.135,470478
28/06/2021,0.14,0.14,0.13,0.13,450369
29/06/2021,0.13,0.13,0.125,0.125,726460
30/06/2021,0.125,0.13,0.125,0.13,1262956
