Date,Open,High,Low,Close,Volume
28/11/2002,1.75,1.75,1.68,1.7,860440
29/11/2002,1.73,1.75,1.73,1.75,334350
02/12/2002,1.75,1.75,1.74,1.75,339590
03/12/2002,1.75,1.75,1.73,1.73,262279
04/12/2002,1.72,1.72,1.7,1.7,295947
05/12/2002,1.7,1.7,1.64,1.66,211800
06/12/2002,1.68,1.68,1.6,1.68,205235
09/12/2002,1.68,1.68,1.66,1.67,21000
10/12/2002,1.66,1.66,1.63,1.63,90800
11/12/2002,1.65,1.68,1.65,1.66,98500
12/12/2002,1.65,1.7,1.65,1.7,125640
13/12/2002,1.67,1.72,1.67,1.72,66100
16/12/2002,1.7,1.72,1.7,1.72,34194
17/12/2002,1.75,1.75,1.73,1.73,51334
18/12/2002,1.71,1.73,1.71,1.73,102800
19/12/2002,1.72,1.72,1.7,1.7,518250
20/12/2002,1.71,1.74,1.71,1.74,21119
23/12/2002,1.74,1.74,1.73,1.73,44700
24/12/2002,1.73,1.74,1.73,1.74,9000
27/12/2002,1.72,1.72,1.7,1.7,6500
30/12/2002,1.71,1.71,1.71,1.71,1000
31/12/2002,1.73,1.75,1.73,1.75,102000
02/01/2003,1.75,1.75,1.74,1.75,66496
03/01/2003,1.75,1.75,1.75,1.75,0
06/01/2003,1.73,1.73,1.72,1.72,29747
07/01/2003,1.71,1.72,1.71,1.71,479864
08/01/2003,1.72,1.72,1.7,1.71,218116
09/01/2003,1.73,1.73,1.71,1.71,9822
10/01/2003,1.71,1.71,1.7,1.71,220000
13/01/2003,1.72,1.73,1.72,1.73,206244
14/01/2003,1.75,1.85,1.75,1.85,2246799
15/01/2003,1.86,1.9,1.86,1.9,304015
16/01/2003,1.9,1.9,1.86,1.88,46545
17/01/2003,1.87,1.88,1.84,1.84,55950
20/01/2003,1.84,1.84,1.82,1.84,125198
21/01/2003,1.84,1.84,1.8,1.81,125505
22/01/2003,1.82,1.87,1.82,1.85,727822
23/01/2003,1.87,1.89,1.85,1.85,91410
24/01/2003,1.85,1.88,1.85,1.88,27529
28/01/2003,1.87,1.87,1.84,1.84,375996
29/01/2003,1.84,1.84,1.83,1.83,24617
30/01/2003,1.82,1.82,1.82,1.82,2000
31/01/2003,1.82,1.83,1.8,1.82,69383
03/02/2003,1.83,1.85,1.8,1.85,514922
04/02/2003,1.85,1.85,1.83,1.85,29500
05/02/2003,1.85,1.85,1.8,1.8,48000
06/02/2003,1.84,1.84,1.8,1.83,33216
07/02/2003,1.82,1.84,1.82,1.84,38784
10/02/2003,1.78,1.78,1.78,1.78,11600
11/02/2003,1.78,1.78,1.78,1.78,0
12/02/2003,1.78,1.78,1.75,1.75,184400
13/02/2003,1.75,1.77,1.75,1.75,240052
14/02/2003,1.74,1.74,1.72,1.72,23900
17/02/2003,1.73,1.74,1.73,1.74,27200
18/02/2003,1.74,1.74,1.73,1.73,18000
19/02/2003,1.73,1.75,1.73,1.75,49700
20/02/2003,1.72,1.75,1.72,1.75,19500
21/02/2003,1.75,1.8,1.73,1.77,40750
24/02/2003,1.78,1.78,1.75,1.78,96000
25/02/2003,1.78,1.78,1.78,1.78,0
26/02/2003,1.77,1.77,1.75,1.76,39163
27/02/2003,1.74,1.75,1.73,1.73,21400
28/02/2003,1.72,1.74,1.72,1.74,890356
03/03/2003,1.76,1.76,1.72,1.72,7984
04/03/2003,1.72,1.72,1.72,1.72,48000
05/03/2003,1.72,1.72,1.72,1.72,5400
06/03/2003,1.74,1.74,1.74,1.74,13700
07/03/2003,1.74,1.77,1.74,1.77,44307
10/03/2003,1.76,1.77,1.76,1.77,17800
11/03/2003,1.75,1.75,1.72,1.72,208272
12/03/2003,1.71,1.74,1.68,1.68,67900
13/03/2003,1.68,1.69,1.67,1.69,13050
14/03/2003,1.7,1.71,1.68,1.68,697378
17/03/2003,1.69,1.69,1.68,1.68,21875
18/03/2003,1.67,1.69,1.67,1.69,42645
19/03/2003,1.7,1.7,1.7,1.7,60000
20/03/2003,1.75,1.78,1.75,1.77,145123
21/03/2003,1.77,1.78,1.77,1.78,40345
24/03/2003,1.76,1.78,1.75,1.78,501806
25/03/2003,1.76,1.77,1.76,1.77,22500
26/03/2003,1.77,1.77,1.77,1.77,3900
27/03/2003,1.76,1.77,1.75,1.77,108500
28/03/2003,1.77,1.77,1.74,1.74,93639
31/03/2003,1.74,1.79,1.74,1.79,174361
01/04/2003,1.77,1.77,1.75,1.76,160000
02/04/2003,1.76,1.76,1.76,1.76,23900
03/04/2003,1.77,1.78,1.77,1.78,26656
04/04/2003,1.78,1.79,1.77,1.78,123882
07/04/2003,1.8,1.85,1.8,1.85,75632
08/04/2003,1.87,1.87,1.83,1.85,58236
09/04/2003,1.84,1.87,1.84,1.87,20574
10/04/2003,1.87,1.88,1.87,1.88,24832
11/04/2003,1.87,1.88,1.86,1.86,27000
14/04/2003,1.86,1.86,1.85,1.86,12900
15/04/2003,1.86,1.9,1.86,1.9,52538
16/04/2003,1.9,1.95,1.9,1.92,248194
17/04/2003,1.95,1.95,1.95,1.95,16156
22/04/2003,1.95,1.95,1.92,1.95,145613
23/04/2003,1.94,1.95,1.92,1.95,18695
24/04/2003,1.93,1.94,1.93,1.93,60000
28/04/2003,1.92,1.95,1.92,1.95,69426
29/04/2003,1.95,1.95,1.93,1.94,60330
30/04/2003,1.94,1.96,1.94,1.96,82600
01/05/2003,1.96,1.96,1.94,1.94,16400
02/05/2003,1.96,2.02,1.96,2.02,183600
05/05/2003,2.05,2.1,2.01,2.04,283369
06/05/2003,2.02,2.04,2.02,2.04,218000
07/05/2003,2.04,2.04,2.03,2.04,25000
08/05/2003,2.03,2.04,2,2.04,67000
09/05/2003,2.04,2.04,2.02,2.02,80000
12/05/2003,2.03,2.03,2.03,2.03,12400
13/05/2003,2.04,2.05,2.04,2.05,14019
14/05/2003,2.05,2.07,2.05,2.05,331682
15/05/2003,2.05,2.07,2.05,2.06,163543
16/05/2003,2.07,2.08,2.07,2.07,82700
19/05/2003,2.08,2.09,2.08,2.08,380310
20/05/2003,2.08,2.09,2.08,2.08,1074360
21/05/2003,2.09,2.14,2.08,2.14,211250
22/05/2003,2.13,2.14,2.05,2.06,158030
23/05/2003,2.06,2.07,2.04,2.05,52409
26/05/2003,2.04,2.04,2.03,2.03,6500
27/05/2003,2,2,1.92,2,117579
28/05/2003,2,2,1.99,2,94344
29/05/2003,2,2.01,2,2,60000
30/05/2003,2,2,1.91,2,114553
02/06/2003,2,2,1.95,2,26337
03/06/2003,2,2,2,2,48363
04/06/2003,2,2.01,2,2,34537
05/06/2003,2,2.01,2,2.01,20000
06/06/2003,2.02,2.02,1.98,2,41069
10/06/2003,2,2,2,2,9569
11/06/2003,2,2,2,2,65000
12/06/2003,2,2,1.95,1.95,141000
13/06/2003,1.95,1.95,1.93,1.93,28000
16/06/2003,1.93,1.95,1.93,1.95,64234
17/06/2003,1.95,1.97,1.95,1.95,71168
18/06/2003,1.98,1.98,1.95,1.95,21200
19/06/2003,1.96,1.96,1.95,1.96,20800
20/06/2003,1.94,1.96,1.94,1.95,26760
23/06/2003,1.95,1.96,1.95,1.96,45395
24/06/2003,1.96,1.98,1.96,1.98,69600
25/06/2003,1.99,2.02,1.98,2.02,72350
26/06/2003,2.02,2.03,2.02,2.03,58484
27/06/2003,2.03,2.06,2.03,2.06,59500
30/06/2003,2.07,2.11,2.04,2.04,132881
01/07/2003,2.04,2.04,2.04,2.04,17987
02/07/2003,2.05,2.05,2.04,2.05,1424700
03/07/2003,2.05,2.07,2.05,2.07,78191
04/07/2003,2.07,2.07,2.07,2.07,0
07/07/2003,2.05,2.05,2.05,2.05,6000
08/07/2003,2.02,2.05,2.01,2.05,32900
09/07/2003,2.05,2.05,2.03,2.04,151152
10/07/2003,2.04,2.04,2.02,2.03,115600
11/07/2003,2.05,2.05,2.05,2.05,17323
14/07/2003,2.04,2.05,2.03,2.05,112430
15/07/2003,2.05,2.05,2.05,2.05,109247
16/07/2003,2.05,2.07,2.05,2.07,92000
17/07/2003,2.1,2.12,2.1,2.12,43500
18/07/2003,2.14,2.2,2.14,2.2,16490
21/07/2003,2.25,2.25,2.2,2.2,382750
22/07/2003,2.2,2.24,2.2,2.22,48843
23/07/2003,2.22,2.23,2.22,2.23,23000
24/07/2003,2.2,2.2,2.16,2.2,25000
25/07/2003,2.18,2.24,2.18,2.24,87687
28/07/2003,2.25,2.27,2.25,2.27,45910
29/07/2003,2.27,2.27,2.27,2.27,53097
30/07/2003,2.27,2.31,2.27,2.3,147209
31/07/2003,2.32,2.4,2.32,2.4,65608
01/08/2003,2.4,2.4,2.36,2.39,77800
04/08/2003,2.39,2.39,2.39,2.39,67881
05/08/2003,2.4,2.45,2.4,2.41,628755
06/08/2003,2.41,2.41,2.39,2.4,49940
07/08/2003,2.4,2.4,2.4,2.4,24200
08/08/2003,2.38,2.47,2.38,2.47,33049
11/08/2003,2.47,2.53,2.46,2.51,78802
12/08/2003,2.51,2.51,2.46,2.5,89376
13/08/2003,2.49,2.49,2.47,2.47,53684
14/08/2003,2.46,2.46,2.4,2.42,53897
15/08/2003,2.42,2.42,2.4,2.4,54219
18/08/2003,2.4,2.4,2.37,2.37,12416
19/08/2003,2.37,2.4,2.36,2.36,28475
20/08/2003,2.36,2.4,2.35,2.4,93700
21/08/2003,2.4,2.41,2.4,2.41,311040
22/08/2003,2.42,2.48,2.42,2.48,63000
25/08/2003,2.44,2.5,2.44,2.5,87660
26/08/2003,2.51,2.55,2.51,2.54,28610
27/08/2003,2.54,2.6,2.54,2.56,118495
28/08/2003,2.56,2.58,2.53,2.58,41440
29/08/2003,2.6,2.6,2.59,2.6,136213
01/09/2003,2.57,2.6,2.52,2.6,299085
02/09/2003,2.65,2.68,2.62,2.62,33046
03/09/2003,2.65,2.77,2.62,2.77,364040
04/09/2003,2.74,2.78,2.7,2.75,962133
05/09/2003,2.7,2.75,2.68,2.71,558833
08/09/2003,2.71,2.75,2.7,2.74,291632
09/09/2003,2.73,2.73,2.69,2.69,618259
10/09/2003,2.68,2.68,2.6,2.6,859900
11/09/2003,2.6,2.64,2.6,2.64,532478
12/09/2003,2.62,2.68,2.62,2.68,445350
15/09/2003,2.67,2.74,2.67,2.73,251497
16/09/2003,2.68,2.71,2.68,2.71,152500
17/09/2003,2.7,2.74,2.7,2.74,303342
18/09/2003,2.75,2.84,2.75,2.84,168818
19/09/2003,2.81,2.9,2.81,2.88,124330
22/09/2003,2.88,2.9,2.88,2.88,146728
23/09/2003,2.9,2.9,2.88,2.89,68456
24/09/2003,2.88,2.9,2.88,2.9,181511
25/09/2003,2.91,2.91,2.9,2.9,221903
26/09/2003,2.91,2.92,2.9,2.92,201375
29/09/2003,2.91,2.92,2.86,2.92,48328
30/09/2003,2.92,3.05,2.92,3.05,88873
01/10/2003,3,3.09,3,3.08,291446
02/10/2003,3.16,3.25,3.16,3.19,353430
03/10/2003,3.2,3.22,3.19,3.22,309303
06/10/2003,3.19,3.21,3.13,3.13,58879
07/10/2003,3.1,3.14,3.05,3.06,390174
08/10/2003,3.04,3.05,2.97,3.05,134447
09/10/2003,3.03,3.1,3.03,3.1,293226
10/10/2003,3.1,3.18,3.1,3.16,148963
13/10/2003,3.16,3.19,3.14,3.16,328397
14/10/2003,3.16,3.21,3.16,3.2,322161
15/10/2003,3.19,3.26,3.19,3.26,139079
16/10/2003,3.3,3.42,3.28,3.35,189562
17/10/2003,3.34,3.4,3.32,3.4,68527
20/10/2003,3.4,3.5,3.4,3.44,77089
21/10/2003,3.43,3.45,3.41,3.45,37869
22/10/2003,3.45,3.5,3.45,3.5,114406
23/10/2003,3.6,3.78,3.56,3.56,1707625
24/10/2003,3.56,3.63,3.55,3.59,157864
27/10/2003,3.59,3.59,3.52,3.53,31150
28/10/2003,3.5,3.5,3.29,3.4,263213
29/10/2003,3.31,3.35,3.3,3.3,170763
30/10/2003,3.34,3.4,3.34,3.4,140775
31/10/2003,3.4,3.4,3.37,3.38,30459
03/11/2003,3.31,3.31,3.26,3.3,35636
04/11/2003,3.28,3.28,3.21,3.21,103632
05/11/2003,3.2,3.2,3.12,3.14,47550
06/11/2003,3.13,3.13,2.9,3,372786
07/11/2003,2.95,3.2,2.95,3.15,2360867
10/11/2003,3.15,3.15,3.09,3.12,569005
11/11/2003,3.15,3.22,3.15,3.2,496241
12/11/2003,3.19,3.2,3.16,3.2,206571
13/11/2003,3.22,3.22,3.2,3.2,1046100
14/11/2003,3.2,3.21,3.19,3.19,27341
17/11/2003,3.18,3.2,3.18,3.18,34622
18/11/2003,3.18,3.18,3.13,3.18,56218
19/11/2003,3.17,3.17,3.16,3.16,152044
20/11/2003,3.16,3.16,3.1,3.1,83671
21/11/2003,3.08,3.08,2.98,3,238978
24/11/2003,2.94,2.95,2.9,2.92,135453
25/11/2003,2.92,2.92,2.82,2.87,184890
26/11/2003,2.85,2.94,2.82,2.94,340792
27/11/2003,2.96,3.1,2.96,3.1,48315
28/11/2003,3.1,3.15,3.1,3.14,109361
01/12/2003,3.17,3.19,3.1,3.13,172892
02/12/2003,3.14,3.2,3.13,3.19,130840
03/12/2003,3.15,3.16,3.14,3.15,223068
04/12/2003,3.15,3.15,3.11,3.13,126374
05/12/2003,3.13,3.2,3.13,3.2,114940
08/12/2003,3.25,3.25,3.1,3.1,239220
09/12/2003,3.18,3.2,3.17,3.19,67592
10/12/2003,3.19,3.19,3.15,3.17,41522
11/12/2003,3.17,3.18,3.15,3.18,93819
12/12/2003,3.22,3.25,3.15,3.18,81756
15/12/2003,3.18,3.33,3.18,3.33,154157
16/12/2003,3.32,3.33,3.25,3.29,134464
17/12/2003,3.29,3.31,3.25,3.31,82006
18/12/2003,3.31,3.31,3.2,3.2,192356
19/12/2003,3.18,3.25,3.17,3.25,111074
22/12/2003,3.25,3.25,3.23,3.25,38815
23/12/2003,3.25,3.25,3.24,3.25,13005
24/12/2003,3.25,3.25,3.24,3.24,9676
29/12/2003,3.24,3.26,3.24,3.26,30775
30/12/2003,3.27,3.28,3.26,3.27,19622
31/12/2003,3.27,3.27,3.27,3.27,16562
02/01/2004,3.3,3.3,3.3,3.3,3000
05/01/2004,3.3,3.34,3.3,3.32,69942
06/01/2004,3.3,3.3,3.22,3.26,215802
07/01/2004,3.25,3.25,3.13,3.13,101974
08/01/2004,3.07,3.15,3,3.14,354935
09/01/2004,3.14,3.14,3.1,3.12,241776
12/01/2004,3.1,3.13,3.1,3.12,272199
13/01/2004,3.12,3.12,3.05,3.05,38944
14/01/2004,3.02,3.02,2.95,2.95,147204
15/01/2004,3,3.02,2.99,3,843943
16/01/2004,3,3.07,3,3.05,259114
19/01/2004,3.5,3.5,3.26,3.29,869537
20/01/2004,3.35,3.37,3.3,3.31,665511
21/01/2004,3.33,3.34,3.29,3.29,226490
22/01/2004,3.3,3.3,3.28,3.28,176666
23/01/2004,3.28,3.28,3.27,3.27,134725
27/01/2004,3.28,3.29,3.25,3.25,214638
28/01/2004,3.26,3.26,3.22,3.23,559241
29/01/2004,3.23,3.25,3.16,3.18,323983
30/01/2004,3.18,3.2,3.18,3.2,61430
02/02/2004,3.2,3.2,3.15,3.15,109036
03/02/2004,3.15,3.21,3.15,3.17,415336
04/02/2004,3.15,3.18,3.14,3.14,211339
05/02/2004,3.14,3.17,3.14,3.15,404586
06/02/2004,3.15,3.17,3.15,3.16,58830
09/02/2004,3.16,3.2,3.16,3.2,64133
10/02/2004,3.21,3.23,3.19,3.19,130051
11/02/2004,3.19,3.2,3.17,3.17,127671
12/02/2004,3.2,3.22,3.19,3.2,116712
13/02/2004,3.2,3.2,3.16,3.17,42663
16/02/2004,3.17,3.17,3.15,3.16,69937
17/02/2004,3.16,3.16,3.14,3.14,192435
18/02/2004,3.13,3.14,3.11,3.12,560551
19/02/2004,3.16,3.18,3.15,3.17,152868
20/02/2004,3.15,3.25,3.13,3.25,80091
23/02/2004,3.24,3.24,3.15,3.15,100794
24/02/2004,3.15,3.23,3.15,3.2,49112
25/02/2004,3.18,3.25,3.18,3.25,30798
26/02/2004,3.27,3.27,3.25,3.27,61495
27/02/2004,3.27,3.27,3.12,3.2,218382
01/03/2004,3.23,3.24,3.15,3.17,108822
02/03/2004,3.2,3.26,3.2,3.26,474794
03/03/2004,3.28,3.33,3.26,3.33,182190
04/03/2004,3.34,3.34,3.26,3.3,61175
05/03/2004,3.32,3.37,3.32,3.35,103355
08/03/2004,3.35,3.35,3.32,3.35,61754
09/03/2004,3.36,3.36,3.32,3.32,182360
10/03/2004,3.33,3.33,3.25,3.25,108107
11/03/2004,3.26,3.31,3.25,3.3,210710
12/03/2004,3.31,3.33,3.29,3.29,175773
15/03/2004,3.3,3.39,3.3,3.38,154917
16/03/2004,3.3,3.36,3.28,3.36,135925
17/03/2004,3.35,3.36,3.31,3.35,208560
18/03/2004,3.34,3.36,3.31,3.33,118705
19/03/2004,3.33,3.34,3.31,3.31,493277
22/03/2004,3.3,3.31,3.26,3.26,116146
23/03/2004,3.2,3.2,3.11,3.15,305388
24/03/2004,3.14,3.14,3.13,3.13,415431
25/03/2004,3.13,3.25,3.13,3.25,202562
26/03/2004,3.28,3.28,3.24,3.26,524584
29/03/2004,3.23,3.23,3.16,3.16,106537
30/03/2004,3.15,3.23,3.15,3.18,184620
31/03/2004,3.2,3.21,3.2,3.2,100494
01/04/2004,3.2,3.23,3.2,3.22,70774
02/04/2004,3.22,3.26,3.22,3.25,14802
05/04/2004,3.25,3.25,3.18,3.18,73019
06/04/2004,3.2,3.2,3.18,3.18,24730
07/04/2004,3.18,3.21,3.16,3.2,209114
08/04/2004,3.17,3.2,3.16,3.2,57809
13/04/2004,3.16,3.17,3.14,3.14,107591
14/04/2004,3.14,3.15,3.1,3.1,87627
15/04/2004,3.05,3.05,2.8,2.94,274820
16/04/2004,2.96,3.05,2.96,3.05,751157
19/04/2004,3.07,3.14,3.06,3.14,100932
20/04/2004,3.12,3.13,3.09,3.13,66615
21/04/2004,3.12,3.12,3.09,3.09,183768
22/04/2004,3.09,3.11,3.05,3.05,142401
23/04/2004,3.05,3.05,3,3,185604
26/04/2004,3,3.05,2.95,2.97,152395
27/04/2004,3,3.1,3,3.1,14303
28/04/2004,3.11,3.12,3.05,3.08,73143
29/04/2004,3.03,3.03,2.97,2.97,164827
30/04/2004,2.96,3.05,2.93,3.04,97800
03/05/2004,3,3,2.93,2.93,81530
04/05/2004,2.93,3,2.92,2.94,193158
05/05/2004,2.94,3.02,2.94,3.02,227180
06/05/2004,3.01,3.02,3,3.01,186000
07/05/2004,3,3,2.99,3,40300
10/05/2004,2.99,2.99,2.91,2.91,72537
11/05/2004,2.9,2.91,2.81,2.86,53903
12/05/2004,2.85,2.85,2.77,2.78,169474
13/05/2004,2.75,2.75,2.62,2.7,687220
14/05/2004,2.69,2.74,2.65,2.74,103317
17/05/2004,2.75,2.85,2.74,2.76,203676
18/05/2004,2.76,2.78,2.74,2.78,582619
19/05/2004,2.78,2.85,2.78,2.82,118086
20/05/2004,2.82,2.82,2.72,2.75,196777
21/05/2004,2.77,2.8,2.77,2.8,207187
24/05/2004,2.78,2.81,2.78,2.8,148030
25/05/2004,2.8,2.8,2.77,2.77,71979
26/05/2004,2.78,2.79,2.77,2.79,51452
27/05/2004,2.77,2.85,2.77,2.85,97342
28/05/2004,2.85,3,2.85,3,128673
31/05/2004,3,3,2.95,2.95,165095
01/06/2004,2.97,2.97,2.9,2.91,140921
02/06/2004,2.9,2.95,2.87,2.87,79914
03/06/2004,2.86,2.91,2.85,2.89,80140
04/06/2004,2.89,2.9,2.85,2.9,58919
07/06/2004,2.9,2.99,2.9,2.97,53288
08/06/2004,3,3,2.97,2.99,137639
09/06/2004,2.98,2.98,2.93,2.96,685599
10/06/2004,2.96,2.97,2.94,2.96,566019
11/06/2004,2.95,2.95,2.82,2.84,257791
15/06/2004,2.75,2.79,2.74,2.77,417092
16/06/2004,2.77,2.85,2.77,2.8,314736
17/06/2004,2.84,2.87,2.81,2.87,738902
18/06/2004,2.9,2.95,2.89,2.95,149829
21/06/2004,2.9,2.95,2.9,2.95,99481
22/06/2004,2.92,2.93,2.9,2.93,170716
23/06/2004,2.93,2.93,2.9,2.91,317849
24/06/2004,2.9,2.91,2.85,2.91,235772
25/06/2004,2.85,2.87,2.85,2.86,77479
28/06/2004,2.86,2.89,2.86,2.86,106609
29/06/2004,2.86,2.92,2.86,2.92,169040
30/06/2004,2.92,2.93,2.87,2.9,338280
01/07/2004,2.89,2.9,2.88,2.88,29000
02/07/2004,2.89,2.94,2.89,2.9,165505
05/07/2004,2.93,2.96,2.92,2.95,39592
06/07/2004,2.95,2.98,2.95,2.97,100247
07/07/2004,2.97,2.99,2.97,2.99,2772130
08/07/2004,2.99,3.16,2.98,3.14,695063
09/07/2004,3.13,3.13,3.05,3.09,275759
12/07/2004,3.09,3.14,3.08,3.13,288628
13/07/2004,3.14,3.14,3.1,3.1,237599
14/07/2004,3.13,3.13,3.05,3.05,104869
15/07/2004,3.05,3.07,3,3,192528
16/07/2004,3,3.05,3,3.02,1156490
19/07/2004,3.11,3.11,3.05,3.1,33664
20/07/2004,3.11,3.11,3,3,106824
21/07/2004,3.05,3.13,3.05,3.1,373857
22/07/2004,3.1,3.11,3.06,3.06,235234
23/07/2004,3.11,3.11,3.07,3.11,164615
26/07/2004,3.11,3.12,3.08,3.1,234570
27/07/2004,3.12,3.16,3.11,3.13,177588
28/07/2004,3.15,3.28,3.15,3.27,361109
29/07/2004,3.28,3.33,3.27,3.3,257214
30/07/2004,3.31,3.31,3.25,3.3,210404
02/08/2004,3.32,3.44,3.31,3.4,201965
03/08/2004,3.4,3.43,3.31,3.31,192714
04/08/2004,3.31,3.33,3.27,3.3,244082
05/08/2004,3.3,3.32,3.28,3.32,77063
06/08/2004,3.3,3.31,3.25,3.26,103756
09/08/2004,3.3,3.3,3.21,3.23,102914
10/08/2004,3.23,3.24,3.23,3.23,44912
11/08/2004,3.23,3.27,3.23,3.27,336077
12/08/2004,3.27,3.27,3.23,3.23,109786
13/08/2004,3.23,3.27,3.23,3.24,38104
16/08/2004,3.25,3.27,3.22,3.24,196327
17/08/2004,3.25,3.25,3.2,3.23,134448
18/08/2004,3.23,3.23,3.2,3.23,90873
19/08/2004,3.24,3.29,3.24,3.29,190632
20/08/2004,3.3,3.3,3.25,3.25,55500
23/08/2004,3.3,3.35,3.3,3.35,121906
24/08/2004,3.31,3.46,3.24,3.43,1772149
25/08/2004,3.45,3.58,3.45,3.54,715407
26/08/2004,3.56,3.69,3.56,3.69,338792
27/08/2004,3.7,3.79,3.7,3.77,290015
30/08/2004,3.75,3.75,3.67,3.67,205380
31/08/2004,3.7,3.92,3.7,3.91,675480
01/09/2004,3.9,4,3.9,3.95,532654
02/09/2004,3.97,3.97,3.91,3.96,652387
03/09/2004,3.94,3.94,3.82,3.88,74504
06/09/2004,3.89,3.9,3.84,3.84,258767
07/09/2004,3.84,3.84,3.79,3.79,62297
08/09/2004,3.78,3.78,3.74,3.75,122865
09/09/2004,3.71,3.92,3.71,3.88,170492
10/09/2004,3.9,3.98,3.9,3.92,131439
13/09/2004,3.98,4.02,3.96,4.02,442877
14/09/2004,4.04,4.15,4.03,4.15,200359
15/09/2004,4.15,4.2,4,4.07,356204
16/09/2004,4.05,4.08,4,4.04,484276
17/09/2004,4.04,4.06,4.02,4.02,796556
20/09/2004,4,4,3.85,3.9,285415
21/09/2004,3.9,4,3.88,3.97,230609
22/09/2004,3.95,3.95,3.86,3.87,388203
23/09/2004,3.83,3.85,3.81,3.82,198743
24/09/2004,3.81,3.9,3.81,3.85,424272
27/09/2004,3.86,3.89,3.85,3.86,73055
28/09/2004,3.85,3.88,3.83,3.83,254321
29/09/2004,3.83,3.87,3.82,3.87,79226
30/09/2004,3.85,3.9,3.84,3.9,150368
01/10/2004,3.86,3.88,3.84,3.84,143055
04/10/2004,3.9,3.9,3.84,3.86,25209
05/10/2004,3.81,3.86,3.65,3.86,532350
06/10/2004,3.86,3.97,3.86,3.95,388460
07/10/2004,3.95,3.95,3.95,3.95,0
08/10/2004,3.95,3.95,3.95,3.95,9632
11/10/2004,4.75,4.96,4.64,4.86,3506181
12/10/2004,4.87,5.25,4.87,5.2,3629381
13/10/2004,5.19,5.19,5.02,5.17,944032
14/10/2004,5.16,5.27,5.1,5.25,400704
15/10/2004,5.29,5.35,5.24,5.25,547106
18/10/2004,5.2,5.25,5.15,5.22,578019
19/10/2004,5.2,5.25,5.2,5.22,548643
20/10/2004,5.2,5.22,5.17,5.2,642477
21/10/2004,5.2,5.22,5.18,5.2,568231
22/10/2004,5.2,5.23,5.18,5.22,528564
25/10/2004,5.22,5.27,5.22,5.25,97542
26/10/2004,5.27,5.28,5.2,5.2,128550
27/10/2004,5.2,5.3,5.2,5.3,1029366
28/10/2004,5.3,5.32,5.27,5.29,1222518
29/10/2004,5.25,5.27,5.18,5.26,434574
01/11/2004,5.24,5.24,5.12,5.13,849000
02/11/2004,5.11,5.17,5.11,5.15,367150
03/11/2004,5.15,5.17,5.14,5.16,1087325
04/11/2004,5.19,5.2,5.17,5.18,922509
05/11/2004,5.18,5.18,5.1,5.1,410164
08/11/2004,5.01,5.04,4.93,5.04,1191838
09/11/2004,5.05,5.12,5.05,5.12,222213
10/11/2004,5.1,5.1,5.05,5.09,355633
11/11/2004,5.08,5.08,5,5.08,271347
12/11/2004,5.03,5.1,5.01,5.09,86774
15/11/2004,5.1,5.1,5.05,5.06,376489
16/11/2004,5.04,5.04,4.97,5,696464
17/11/2004,5.01,5.06,4.98,5.05,422558
18/11/2004,5.06,5.19,5.06,5.19,150342
19/11/2004,5.14,5.2,5.14,5.2,757221
22/11/2004,5.2,5.2,5.16,5.19,350835
23/11/2004,5.19,5.24,5.19,5.22,557573
24/11/2004,5.25,5.4,5.24,5.34,259325
25/11/2004,5.38,5.45,5.38,5.45,540217
26/11/2004,5.46,5.48,5.44,5.44,567928
29/11/2004,5.43,5.43,5.23,5.37,498941
30/11/2004,5.35,5.48,5.35,5.46,402640
01/12/2004,5.45,5.45,5.38,5.4,1466308
02/12/2004,5.45,5.45,5.37,5.39,406057
03/12/2004,5.36,5.37,5.33,5.36,237534
06/12/2004,5.31,5.37,5.31,5.35,153321
07/12/2004,5.34,5.4,5.33,5.34,507052
08/12/2004,5.33,5.33,5.21,5.22,791133
09/12/2004,5.2,5.28,5.2,5.26,528569
10/12/2004,5.26,5.3,5.22,5.25,417749
13/12/2004,5.25,5.27,5.2,5.2,781885
14/12/2004,5.25,5.25,5.16,5.19,277608
15/12/2004,5.19,5.27,5.19,5.19,383020
16/12/2004,5.22,5.27,5.22,5.25,573058
17/12/2004,5.25,5.49,5.25,5.49,685288
20/12/2004,5.6,5.71,5.46,5.5,595377
21/12/2004,5.54,5.62,5.5,5.62,312040
22/12/2004,5.63,5.66,5.63,5.63,88257
23/12/2004,5.63,5.63,5.48,5.53,159725
24/12/2004,5.54,5.54,5.4,5.5,125315
29/12/2004,5.55,5.56,5.53,5.53,51325
30/12/2004,5.55,5.67,5.55,5.66,97432
31/12/2004,5.7,5.8,5.67,5.67,99137
04/01/2005,5.7,5.8,5.7,5.77,28325
05/01/2005,5.77,5.77,5.67,5.7,185481
06/01/2005,5.67,5.7,5.58,5.58,67779
07/01/2005,5.65,5.7,5.64,5.64,188020
10/01/2005,5.64,5.72,5.59,5.65,278727
11/01/2005,5.65,5.65,5.54,5.57,173029
12/01/2005,5.5,5.57,5.47,5.5,152372
13/01/2005,5.52,5.54,5.5,5.52,336774
14/01/2005,5.52,5.58,5.52,5.56,124058
17/01/2005,5.5,5.7,5.5,5.65,649068
18/01/2005,5.8,5.81,5.75,5.78,499599
19/01/2005,5.8,5.8,5.6,5.71,332634
20/01/2005,5.64,5.65,5.57,5.57,465982
21/01/2005,5.58,5.6,5.4,5.42,140209
24/01/2005,5.4,5.52,5.39,5.39,211533
25/01/2005,5.4,5.58,5.4,5.53,285369
27/01/2005,5.6,5.6,5.53,5.56,124891
28/01/2005,5.62,5.68,5.61,5.68,158014
31/01/2005,5.69,5.98,5.69,5.94,481666
01/02/2005,5.94,5.95,5.88,5.91,227998
02/02/2005,5.92,5.92,5.66,5.7,152583
03/02/2005,5.7,5.81,5.69,5.8,133088
04/02/2005,5.79,5.8,5.73,5.73,81994
07/02/2005,5.8,5.8,5.69,5.69,101797
08/02/2005,5.69,5.72,5.66,5.68,127866
09/02/2005,5.68,5.78,5.68,5.71,239620
10/02/2005,5.75,5.75,5.55,5.57,178021
11/02/2005,5.63,5.65,5.58,5.6,357883
14/02/2005,5.6,5.68,5.6,5.65,82530
15/02/2005,5.76,5.85,5.71,5.84,77687
16/02/2005,5.9,5.9,5.61,5.67,183151
17/02/2005,5.7,5.82,5.65,5.65,163953
18/02/2005,5.65,5.86,5.65,5.8,201328
21/02/2005,5.82,5.89,5.71,5.82,103960
22/02/2005,5.85,6,5.85,5.94,361283
23/02/2005,5.94,5.94,5.72,5.75,156360
24/02/2005,5.78,5.9,5.73,5.77,170030
25/02/2005,5.8,5.8,5.58,5.75,165871
28/02/2005,6.05,6.26,5.99,6.2,664407
01/03/2005,6.36,6.55,6.28,6.55,642916
02/03/2005,6.5,6.5,6.3,6.34,460060
03/03/2005,6.34,6.47,6.31,6.42,188100
04/03/2005,6.52,6.59,6.25,6.25,819206
07/03/2005,6.32,6.45,6.32,6.35,374658
08/03/2005,6.4,6.56,6.4,6.55,715347
09/03/2005,6.6,6.79,6.56,6.71,669085
10/03/2005,6.7,6.79,6.7,6.75,801373
11/03/2005,6.8,6.81,6.73,6.73,495083
14/03/2005,6.75,6.95,6.75,6.8,328399
15/03/2005,6.9,6.99,6.83,6.83,582367
16/03/2005,6.75,7,6.72,6.85,354689
17/03/2005,6.89,7.05,6.85,7.05,820889
18/03/2005,7.09,7.3,7.09,7.12,671552
21/03/2005,7.12,7.15,7.05,7.06,387157
22/03/2005,7,7,6.85,6.98,982410
23/03/2005,6.85,6.95,6.76,6.81,505711
24/03/2005,6.75,6.75,6.6,6.66,131939
29/03/2005,6.66,6.81,6.64,6.64,332863
30/03/2005,6.58,6.81,6.42,6.78,661118
31/03/2005,6.8,6.89,6.73,6.82,453565
01/04/2005,6.85,6.98,6.8,6.98,176259
04/04/2005,6.98,6.98,6.8,6.97,366649
05/04/2005,6.91,7.06,6.9,7.06,185531
06/04/2005,7.11,7.11,7.02,7.02,528045
07/04/2005,7,7,6.83,7,135233
08/04/2005,7,7.14,7,7.14,145142
11/04/2005,7.15,7.17,7.1,7.17,166730
12/04/2005,7.15,7.17,7.11,7.11,244143
13/04/2005,7.11,7.11,6.93,7,198635
14/04/2005,7,7,6.84,6.9,202102
15/04/2005,6.9,6.9,6.52,6.6,375173
18/04/2005,6.3,6.35,6.1,6.32,801638
19/04/2005,6.3,6.52,6.28,6.5,2284896
20/04/2005,6.69,6.71,6.54,6.71,683408
21/04/2005,6.65,6.72,6.62,6.67,212871
22/04/2005,6.79,6.8,6.58,6.6,243055
26/04/2005,6.65,6.79,6.65,6.7,1156506
27/04/2005,6.65,6.74,6.55,6.71,201874
28/04/2005,6.71,6.95,6.7,6.95,189082
29/04/2005,6.9,6.95,6.87,6.91,332535
02/05/2005,6.94,6.98,6.85,6.94,225511
03/05/2005,6.97,7.03,6.81,6.81,246007
04/05/2005,6.59,6.78,6.58,6.7,623709
05/05/2005,6.7,6.8,6.7,6.78,563095
06/05/2005,6.78,6.85,6.78,6.85,266022
09/05/2005,6.8,7.03,6.75,7.01,332698
10/05/2005,7.1,7.26,7.1,7.25,847307
11/05/2005,7.4,7.4,7.13,7.15,315643
12/05/2005,7.15,7.17,7.11,7.12,319697
13/05/2005,7.1,7.15,7,7.15,233874
16/05/2005,7.18,7.18,7,7.11,164752
17/05/2005,7.09,7.09,6.95,7,551761
18/05/2005,6.87,7,6.87,6.98,234451
19/05/2005,6.98,7.08,6.95,6.98,584731
20/05/2005,6.97,7.05,6.95,6.98,130329
23/05/2005,6.96,6.98,6.81,6.95,336807
24/05/2005,6.94,7.1,6.9,7.04,800292
25/05/2005,7.08,7.08,7.03,7.06,273209
26/05/2005,7.07,7.09,7.03,7.04,511328
27/05/2005,7.04,7.15,7.04,7.1,580571
30/05/2005,7.2,7.22,7.12,7.17,306382
31/05/2005,7.19,7.19,7.04,7.04,340657
01/06/2005,7.1,7.19,7.04,7.18,523080
02/06/2005,7.21,7.3,7.19,7.2,416561
03/06/2005,7.22,7.34,7.21,7.33,241304
06/06/2005,7.41,7.6,7.41,7.6,484645
07/06/2005,7.75,7.75,7.11,7.24,692813
08/06/2005,7.27,7.45,7.22,7.29,506106
09/06/2005,7.3,7.3,7.05,7.08,385539
10/06/2005,7.1,7.25,7.1,7.17,456537
14/06/2005,7.21,7.33,7.21,7.25,490857
15/06/2005,7.27,7.36,7.12,7.13,250049
16/06/2005,7.16,7.34,7.16,7.2,624002
17/06/2005,7.2,7.24,7.16,7.2,315599
20/06/2005,7.26,7.4,7.22,7.22,254601
21/06/2005,7.32,7.38,7.29,7.3,201816
22/06/2005,7.32,7.4,7.32,7.35,717506
23/06/2005,7.4,7.45,7.32,7.36,517731
24/06/2005,7.26,7.29,7.22,7.23,492416
27/06/2005,7.38,7.54,7.38,7.38,275460
28/06/2005,7.5,7.5,7.39,7.46,328561
29/06/2005,7.51,7.54,7.4,7.54,270094
30/06/2005,7.63,7.89,7.63,7.89,636509
01/07/2005,7.79,7.84,7.64,7.84,477322
04/07/2005,7.84,7.84,7.61,7.61,583729
05/07/2005,7.6,7.65,7.32,7.32,552392
06/07/2005,7.3,7.42,7.28,7.35,732908
07/07/2005,7.34,7.34,7.11,7.14,462005
08/07/2005,7,7.3,6.99,7.2,285616
11/07/2005,7.32,7.42,7.26,7.31,231912
12/07/2005,7.37,7.5,7.37,7.48,681055
13/07/2005,7.53,7.63,7.42,7.63,362040
14/07/2005,7.75,7.75,7.51,7.62,317771
15/07/2005,7.69,7.69,7.41,7.44,60828
18/07/2005,7.41,7.42,7.26,7.31,293464
19/07/2005,7.24,7.34,7.24,7.25,798855
20/07/2005,7.28,7.37,7.2,7.2,380533
21/07/2005,7.2,7.46,7.2,7.4,793811
22/07/2005,7.47,7.61,7.43,7.6,224655
25/07/2005,7.67,7.78,7.6,7.77,411453
26/07/2005,7.75,7.77,7.67,7.75,467783
27/07/2005,7.75,7.82,7.75,7.79,124999
28/07/2005,7.84,7.87,7.8,7.87,312532
29/07/2005,7.91,8.02,7.83,8,273333
01/08/2005,8.19,8.2,8.06,8.06,345948
02/08/2005,8,8.02,7.86,7.95,195713
03/08/2005,7.94,7.95,7.85,7.88,675430
04/08/2005,7.9,8.1,7.89,7.92,184154
05/08/2005,8,8.02,7.89,7.92,232530
08/08/2005,7.88,8,7.88,7.92,275355
09/08/2005,7.95,8,7.89,8,267671
10/08/2005,8.01,8.11,8.01,8.05,364755
11/08/2005,8.12,8.25,8.12,8.22,168166
12/08/2005,8.25,8.35,8.25,8.32,375781
15/08/2005,8.32,8.43,8.32,8.41,334095
16/08/2005,8.41,8.42,8.33,8.42,292206
17/08/2005,8.42,8.42,8.15,8.33,153487
18/08/2005,8.21,8.24,8.1,8.15,241335
19/08/2005,8.15,8.38,8.15,8.28,78171
22/08/2005,8.28,8.44,8.28,8.44,287887
23/08/2005,8.49,8.59,8.47,8.53,267641
24/08/2005,8.52,8.52,8.4,8.45,342712
25/08/2005,8.8,9.15,8.8,9.11,878441
26/08/2005,9.13,9.3,9.02,9.25,414203
29/08/2005,9.3,9.71,9.25,9.55,446599
30/08/2005,9.6,9.6,9.32,9.46,404993
31/08/2005,9.4,9.6,9.39,9.53,256723
01/09/2005,9.57,9.95,9.57,9.85,634426
02/09/2005,9.85,9.93,9.72,9.82,655951
05/09/2005,9.8,9.8,9.6,9.72,512309
06/09/2005,9.72,10,9.72,9.9,766622
07/09/2005,10.01,10.25,10.01,10.15,1635537
08/09/2005,10.19,10.25,10.02,10.02,637704
09/09/2005,10.02,10.06,9.61,9.88,515378
12/09/2005,9.92,10.05,9.92,10,491517
13/09/2005,10,10,9.93,9.95,348651
14/09/2005,9.95,10.01,9.95,9.98,559636
15/09/2005,9.8,9.82,9.66,9.66,1251689
16/09/2005,9.66,9.84,9.64,9.82,679420
19/09/2005,9.82,9.82,9.66,9.74,166830
20/09/2005,9.82,9.85,9.67,9.72,765353
21/09/2005,9.78,9.95,9.72,9.95,490535
22/09/2005,10,10.15,9.96,10,252933
23/09/2005,10,10.15,9.97,10.15,644567
26/09/2005,10.28,10.38,10.19,10.33,434029
27/09/2005,10.44,10.7,10.3,10.52,793348
28/09/2005,10.58,10.58,10.45,10.47,1137243
29/09/2005,10.46,10.55,10.35,10.35,644306
30/09/2005,10.34,10.45,10.2,10.24,535374
03/10/2005,10.24,10.74,10.24,10.61,296438
04/10/2005,10.65,10.65,10.28,10.36,421154
05/10/2005,10.24,10.24,9.65,9.99,771106
06/10/2005,9.7,9.7,9.16,9.37,1830185
07/10/2005,9.3,10.14,9.25,9.87,1564672
10/10/2005,10.01,10.09,9.9,9.9,331078
11/10/2005,9.85,9.96,9.5,9.91,381375
12/10/2005,9.95,10.09,9.95,10.05,277732
13/10/2005,10,10.05,9.9,9.99,696794
14/10/2005,9.89,9.89,9.67,9.75,318117
17/10/2005,9.85,9.85,9.6,9.65,221719
18/10/2005,9.56,9.74,9.51,9.61,777479
19/10/2005,9.5,9.53,9.35,9.37,1196192
20/10/2005,9.43,9.7,9.2,9.27,267125
21/10/2005,9.1,9.25,8.85,9.2,596140
24/10/2005,9.03,9.1,8.95,9,409786
25/10/2005,9.02,9.39,9.02,9.3,518284
26/10/2005,9.49,9.5,9.37,9.46,355405
27/10/2005,9.5,9.65,9.49,9.58,353472
28/10/2005,9.6,9.74,9.5,9.62,201883
31/10/2005,9.8,9.88,9.58,9.8,304431
01/11/2005,9.82,9.87,9.75,9.8,95857
02/11/2005,9.8,9.92,9.78,9.85,398653
03/11/2005,10,10,9.86,10,242835
04/11/2005,10,10.19,9.98,10.12,330513
07/11/2005,10.1,10.25,9.9,10.05,340143
08/11/2005,10.05,10.25,10,10.08,807625
09/11/2005,10.05,10.2,10.03,10.05,259929
10/11/2005,10.05,10.23,10.05,10.12,138193
11/11/2005,10.2,10.27,10.07,10.11,338212
14/11/2005,10.12,10.42,10.07,10.41,646740
15/11/2005,10.55,10.58,10.22,10.39,419670
16/11/2005,10.4,10.6,10.4,10.6,181251
17/11/2005,10.72,10.78,10.53,10.62,144342
18/11/2005,10.67,10.95,10.65,10.9,185310
21/11/2005,11,11.45,10.95,11,542556
22/11/2005,11.2,11.2,10.85,10.9,287679
23/11/2005,10.96,11,10.86,10.87,322850
24/11/2005,10.9,10.96,10.88,10.9,844185
25/11/2005,10.91,10.94,10.67,10.8,308682
28/11/2005,10.8,11.2,10.8,11.08,314529
29/11/2005,11.39,11.4,11.1,11.15,429306
30/11/2005,11.18,11.3,11.18,11.19,719137
01/12/2005,11.15,11.25,10.89,10.95,379462
02/12/2005,11.1,11.23,10.66,10.8,285004
05/12/2005,10.8,11,10.72,10.75,250497
06/12/2005,10.67,10.8,10.6,10.78,499623
07/12/2005,10.8,11,10.8,11,214936
08/12/2005,11,11.01,10.92,10.96,844043
09/12/2005,10.9,11.18,10.9,11,379310
12/12/2005,11.15,11.15,10.96,11,611727
13/12/2005,10.99,11.18,10.95,11.02,342051
14/12/2005,11,11.14,11,11.1,269101
15/12/2005,11.22,11.35,11.06,11.25,725648
16/12/2005,11.35,11.49,11.22,11.49,382918
19/12/2005,11.65,11.9,11.54,11.73,800713
20/12/2005,11.73,11.95,11.6,11.9,541158
21/12/2005,12,12.08,11.82,11.95,499143
22/12/2005,11.95,12.01,11.51,11.84,287198
23/12/2005,11.95,12.1,11.86,11.87,100479
28/12/2005,11.91,12.25,11.91,12.25,277988
29/12/2005,12.3,12.3,12.2,12.23,278641
30/12/2005,12.25,12.3,12.17,12.3,221273
03/01/2006,12.38,12.5,12.3,12.3,267937
04/01/2006,12.35,12.47,12.06,12.19,261553
05/01/2006,12.1,12.31,12,12.2,192164
06/01/2006,12.27,12.32,12.13,12.22,202043
09/01/2006,12.23,12.45,12.23,12.45,243547
10/01/2006,12.5,12.75,12.5,12.55,1468785
11/01/2006,12.65,12.95,12.63,12.72,873239
12/01/2006,12.75,12.8,12.7,12.75,860414
13/01/2006,12.73,12.73,12.66,12.69,431900
16/01/2006,12.7,12.73,12.65,12.71,778338
17/01/2006,12.71,12.98,12.71,12.9,544711
18/01/2006,13,13.25,13,13.11,1026815
19/01/2006,13.5,13.8,13.37,13.59,773844
20/01/2006,13.68,13.68,12.98,13.5,273229
23/01/2006,13.2,13.35,13.07,13.25,362395
24/01/2006,13.29,13.65,13.29,13.6,662755
25/01/2006,13.6,13.93,13.6,13.84,354899
27/01/2006,14.03,14.06,13.9,14,643763
30/01/2006,14.25,14.4,14.11,14.2,316683
31/01/2006,14.25,14.49,14.24,14.36,882226
01/02/2006,14.65,14.65,14.15,14.3,1092684
02/02/2006,14.35,14.35,13.9,13.95,562920
03/02/2006,14.01,14.25,13.93,14.05,795130
06/02/2006,14.15,14.2,13.92,14,765474
07/02/2006,14,14.03,13.45,13.82,438705
08/02/2006,13.45,13.75,13.35,13.42,517994
09/02/2006,13.4,13.69,12.5,13.2,1129347
10/02/2006,13.36,13.57,13.2,13.39,606344
13/02/2006,13.38,13.38,12.96,13.15,712502
14/02/2006,12.95,13.4,12.95,13.35,821936
15/02/2006,13.4,13.5,13.2,13.37,367530
16/02/2006,13.42,13.42,12.86,13,399799
17/02/2006,13.05,13.22,13.01,13.2,740167
20/02/2006,13.15,13.31,13.15,13.2,239701
21/02/2006,13.22,14.05,13.22,13.81,519993
22/02/2006,14,14.15,13.91,14.02,677315
23/02/2006,14.11,14.19,13.55,13.7,1140714
24/02/2006,13.56,13.73,13.21,13.33,881694
27/02/2006,13.4,13.71,13.35,13.42,409693
28/02/2006,14.61,16.05,14.61,15.9,2395029
01/03/2006,16,16.4,15.92,16.3,1158727
02/03/2006,16.55,17.47,16.52,17.19,1208041
03/03/2006,17.02,17.39,16.63,17.15,800799
06/03/2006,17.16,17.24,16.8,16.97,1164304
07/03/2006,16.9,17.4,16.88,17.3,710560
08/03/2006,17.3,18.05,17.29,17.88,464545
09/03/2006,18,18.3,17.9,18.1,734927
10/03/2006,18.04,18.05,17.6,17.75,317819
13/03/2006,17.74,17.8,17.3,17.8,414223
14/03/2006,17.9,19.13,17.9,18.82,2362756
15/03/2006,19.29,19.96,19.29,19.5,2122315
16/03/2006,19.5,19.5,19.02,19.17,1770056
17/03/2006,19.4,19.79,19.27,19.3,1945129
20/03/2006,19.71,19.71,19.37,19.5,1484462
21/03/2006,19.65,19.91,19.55,19.7,1184164
22/03/2006,19.78,19.99,19.77,19.86,1141911
23/03/2006,19.86,19.87,19.4,19.6,448623
24/03/2006,19.55,19.55,19.18,19.37,568073
27/03/2006,19.3,19.36,18.56,18.56,772390
28/03/2006,18.19,18.48,18.1,18.41,1074711
29/03/2006,18.38,19.21,18.37,19.1,595074
30/03/2006,19.25,19.25,18.5,18.72,248842
31/03/2006,18.71,18.91,18.64,18.82,418426
03/04/2006,18.82,18.91,18.51,18.65,277536
04/04/2006,18.8,18.97,18.27,18.27,591035
05/04/2006,18.32,18.74,18.32,18.71,624980
06/04/2006,19,19.03,18.66,18.71,351169
07/04/2006,18.75,18.87,18.5,18.62,521356
10/04/2006,18.62,19.17,18.45,18.75,601951
11/04/2006,18.99,19.09,18.81,18.85,653963
12/04/2006,18.8,18.8,18.51,18.54,918709
13/04/2006,18.53,18.55,18.2,18.34,334319
18/04/2006,18.59,19.35,18.59,19.25,628184
19/04/2006,19.9,19.98,19.41,19.85,1174026
20/04/2006,20.01,20.21,19.62,20,755784
21/04/2006,19.89,19.89,19.33,19.33,712144
24/04/2006,19.72,19.94,19.61,19.61,540415
26/04/2006,19.7,19.9,19.54,19.6,619829
27/04/2006,19.6,19.96,19.6,19.92,758666
28/04/2006,19.9,19.9,19.34,19.5,737505
01/05/2006,19.4,19.4,18.9,19.09,603005
02/05/2006,19.45,19.8,19,19.26,755379
03/05/2006,19.1,19.2,18.75,19.19,462294
04/05/2006,19.15,19.15,18.35,18.41,439830
05/05/2006,18.49,19,18.49,18.88,559313
08/05/2006,19,19.12,18.95,19,519583
09/05/2006,19.3,19.36,19.04,19.19,539501
10/05/2006,19.59,19.65,19.32,19.4,284201
11/05/2006,19.98,20.2,19.51,19.51,1144146
12/05/2006,19.45,19.65,19.24,19.3,707545
15/05/2006,18.85,20.1,18.5,19.77,1614602
16/05/2006,19.7,19.7,19.18,19.4,1031520
17/05/2006,19.77,20,19.31,19.85,534330
18/05/2006,19.46,20.17,19.42,20.16,742251
19/05/2006,20.24,20.58,20.21,20.38,534040
22/05/2006,20.96,21.03,20.5,20.6,781111
23/05/2006,20.6,20.68,20,20.13,953611
24/05/2006,20.68,21,20.5,20.79,452304
25/05/2006,21.4,21.4,20.95,21.25,741831
26/05/2006,21.58,21.69,21.48,21.55,833176
29/05/2006,21.8,22.04,21.66,22.04,564341
30/05/2006,22.18,22.34,21.99,22.2,996488
31/05/2006,22.2,22.91,21.8,22.91,9078083
01/06/2006,22.91,23.35,22.65,22.87,1369124
02/06/2006,22.9,22.9,21.1,21.22,2210805
05/06/2006,21.3,21.5,21.28,21.5,1257355
06/06/2006,21.36,21.36,20.58,20.9,945195
07/06/2006,20.84,20.84,20.1,20.55,1000623
08/06/2006,20.4,20.4,19.25,19.55,1743398
09/06/2006,19.25,19.42,18.86,19,1368073
13/06/2006,18.95,19.05,18.3,18.5,1226396
14/06/2006,18,19.26,17.6,18.98,1816201
15/06/2006,19.39,19.81,19.35,19.47,1614742
16/06/2006,19.9,19.9,19.36,19.5,1373050
19/06/2006,19.49,19.49,19.1,19.2,215168
20/06/2006,19.01,19.34,18.8,19,318991
21/06/2006,19,19.65,19,19.09,643708
22/06/2006,19.5,19.5,19.1,19.25,449779
23/06/2006,19.3,19.3,18.92,19,389767
26/06/2006,19,19.15,18.82,18.98,845754
27/06/2006,19.25,19.38,19.2,19.3,879591
28/06/2006,19.25,19.25,18.9,19.1,418978
29/06/2006,19.35,19.78,19.06,19.56,672242
30/06/2006,20.3,20.49,19.92,20.1,1033120
03/07/2006,20.35,20.74,20.25,20.52,630060
04/07/2006,20.53,20.53,20.1,20.35,697300
05/07/2006,20.15,20.39,20.15,20.33,517008
06/07/2006,20.12,20.45,20.12,20.35,415444
07/07/2006,20.5,20.69,20.5,20.6,568040
10/07/2006,20.7,20.9,20.55,20.85,685584
11/07/2006,21.2,21.25,20.43,20.65,546625
12/07/2006,20.7,20.97,20.7,20.91,425619
13/07/2006,20.85,21.38,20.66,21.25,598746
14/07/2006,21.28,21.28,20,20.2,887070
17/07/2006,19.95,19.97,19.68,19.97,293555
18/07/2006,19.7,20.14,19.7,19.75,395690
19/07/2006,19.8,20.06,19.62,19.66,462873
20/07/2006,20.11,20.19,19.81,19.9,581957
21/07/2006,19.89,19.99,19.6,19.8,271430
24/07/2006,19.8,19.8,19.43,19.55,279243
25/07/2006,19.8,20.1,19.72,19.98,405810
26/07/2006,20.06,20.11,19.6,19.85,614390
27/07/2006,19.66,20,19.55,19.91,1121841
28/07/2006,20,20.05,19.73,19.75,670620
31/07/2006,20,20.6,19.55,20.05,613608
01/08/2006,20.1,20.28,19.99,20.05,393348
02/08/2006,19.6,20.29,19.6,19.65,556626
03/08/2006,20,20.05,19.7,19.8,152295
04/08/2006,19.75,19.99,19.7,19.72,164131
07/08/2006,19.7,19.9,19.66,19.8,92657
08/08/2006,19.92,20.17,19.79,20.12,628282
09/08/2006,20.3,20.3,19.67,19.84,689241
10/08/2006,19.7,20.19,19.62,19.95,275841
11/08/2006,20.16,20.16,19.9,19.9,594593
14/08/2006,19.8,20.39,19.8,20.05,499965
15/08/2006,20.25,20.27,19.9,20,285061
16/08/2006,20.1,20.36,19.97,20.27,339175
17/08/2006,20.45,20.9,20.45,20.8,524680
18/08/2006,21,21,20.46,20.65,327603
21/08/2006,20.94,21,20.53,20.6,240905
22/08/2006,20.58,20.7,20.45,20.52,234209
23/08/2006,20.59,20.6,20.4,20.43,190945
24/08/2006,20.54,20.54,19.94,20,430331
25/08/2006,20.25,20.39,20.03,20.25,612808
28/08/2006,20.6,20.64,20.39,20.51,223647
29/08/2006,19.9,20,19.11,19.3,1404080
30/08/2006,19.21,19.43,18.42,18.69,1600588
31/08/2006,18.53,18.55,17.81,18.08,4159252
01/09/2006,18.1,18.1,17.6,17.9,2182833
04/09/2006,17.98,17.98,17.41,17.48,1265504
05/09/2006,17.44,18.11,17.13,18.03,1605498
06/09/2006,18.25,18.3,17.75,17.91,1410613
07/09/2006,17.59,18.01,17.42,17.85,1903492
08/09/2006,17.9,17.9,17.66,17.8,727082
11/09/2006,17.65,17.93,16.99,16.99,1266341
12/09/2006,16.3,16.3,15.61,15.75,2508419
13/09/2006,15.58,16.29,15.3,16.2,2345012
14/09/2006,16.4,16.99,16.4,16.88,2945087
15/09/2006,16.7,16.78,16.51,16.78,1106159
18/09/2006,16.45,16.69,16.22,16.55,754767
19/09/2006,16.78,16.8,16.3,16.4,1049058
20/09/2006,15.99,16.11,15.85,15.9,1195060
21/09/2006,15.95,16.08,15.73,15.8,1287642
22/09/2006,15.35,15.85,15.35,15.61,1058194
25/09/2006,15.6,15.92,15.6,15.61,678114
26/09/2006,15.6,15.74,15.45,15.5,923920
27/09/2006,15.81,16.74,15.81,16.59,1813760
28/09/2006,16.8,17.17,16.38,16.6,1028792
29/09/2006,16.41,16.8,16.31,16.8,1010081
02/10/2006,16.68,17,16.67,16.91,424805
03/10/2006,16.8,16.8,16.35,16.55,1650056
04/10/2006,16.3,16.37,16.14,16.22,2194948
05/10/2006,16.35,16.47,16.3,16.34,1347091
06/10/2006,16.3,16.54,16.3,16.45,1466871
09/10/2006,16.56,16.94,16.56,16.9,772690
10/10/2006,16.96,17.4,16.96,17.4,1702867
11/10/2006,17.85,18.16,17.45,18.16,1997786
12/10/2006,18.04,18.06,17.91,18,1036648
13/10/2006,18.14,18.47,18.14,18.45,1074944
16/10/2006,18.5,18.87,18.38,18.85,762698
17/10/2006,18.86,18.98,17.7,18.19,976571
18/10/2006,18,18.32,17.85,18,784861
19/10/2006,17.85,17.99,17.41,17.71,1175863
20/10/2006,17.84,18.45,17.84,18.22,798095
23/10/2006,18.1,18.41,17.89,18.15,421917
24/10/2006,18.35,18.63,18.17,18.4,1041683
25/10/2006,18.2,18.66,17.65,18.09,830958
26/10/2006,18.2,18.39,18.01,18.25,1287275
27/10/2006,18.4,18.4,18.08,18.15,401152
30/10/2006,18.2,18.25,18.03,18.2,325453
31/10/2006,18.07,18.23,18.03,18.15,782310
01/11/2006,18.2,18.74,18.15,18.68,940786
02/11/2006,18.75,19.07,18.41,18.93,1596311
03/11/2006,18.6,18.76,18.51,18.59,1041495
06/11/2006,18.99,19.42,18.84,19.22,1095516
07/11/2006,19.8,19.89,19.38,19.68,671787
08/11/2006,19.68,19.68,19.2,19.29,655728
09/11/2006,19.27,19.39,19,19.08,413839
10/11/2006,19.4,19.64,19.04,19.5,1238967
13/11/2006,19.47,19.62,19.23,19.38,368457
14/11/2006,19.4,19.4,19.26,19.35,506483
15/11/2006,19.66,19.75,19.5,19.59,522901
16/11/2006,19.45,19.45,18.53,18.94,697034
17/11/2006,18.84,19.5,18.6,19.4,489745
20/11/2006,19.5,19.5,19.05,19.05,511328
21/11/2006,19.33,19.37,19.04,19.15,760525
22/11/2006,19.2,19.31,19,19.05,956114
23/11/2006,19.05,19.5,19.02,19.5,451231
24/11/2006,19.2,19.3,19.09,19.12,477844
27/11/2006,19.07,19.28,18.91,19.03,314459
28/11/2006,18.71,18.9,18.4,18.64,466227
29/11/2006,18.4,19.19,18.4,19.05,639603
30/11/2006,19.11,19.24,19.02,19.13,382406
01/12/2006,19.22,19.26,19.01,19.08,319439
04/12/2006,18.85,19.19,18.73,19.14,434685
05/12/2006,19.05,19.09,18.63,18.74,606163
06/12/2006,18.73,19.1,18.73,19.09,337305
07/12/2006,18.99,19.15,18.98,19.1,235922
08/12/2006,19,19.05,18.61,18.61,538331
11/12/2006,18.83,19.1,18.81,19.09,315582
12/12/2006,19,19.38,19,19.25,476747
13/12/2006,19.25,19.39,19.14,19.3,675525
14/12/2006,19.3,19.45,19.15,19.38,368970
15/12/2006,19.38,19.5,19.28,19.28,246584
18/12/2006,19.5,19.95,19.45,19.91,1296102
19/12/2006,19.8,20.88,19.74,20.7,1546696
20/12/2006,21,21.1,20.72,20.95,1119445
21/12/2006,21.1,21.27,20.8,21.1,1066023
22/12/2006,21.2,21.38,20.96,21.26,478806
27/12/2006,21.25,21.33,20.96,21.2,113958
28/12/2006,21.2,21.2,20.92,21,279932
29/12/2006,21.2,21.48,21.2,21.28,165030
02/01/2007,21.4,21.49,21.28,21.3,242716
03/01/2007,21.35,21.35,20.9,21.15,288880
04/01/2007,21,21,20.55,20.65,561695
05/01/2007,20.5,20.63,20.06,20.26,339025
08/01/2007,20,20.34,19.76,20,550480
09/01/2007,20.3,20.37,19.96,20.3,372816
10/01/2007,20.26,20.26,19.62,19.8,535989
11/01/2007,20.08,20.15,19.39,19.62,373149
12/01/2007,19.69,20.1,19.16,20.1,544518
15/01/2007,20.17,20.46,20.14,20.38,280600
16/01/2007,20.3,20.56,20.29,20.3,237190
17/01/2007,20.2,20.58,19.86,20.33,570982
18/01/2007,20.64,20.65,20.19,20.3,399341
19/01/2007,20.12,20.21,20.08,20.1,500581
22/01/2007,20.15,20.3,19.93,19.97,515499
23/01/2007,20.2,20.51,20.13,20.25,513217
24/01/2007,20.6,20.64,20.37,20.5,350252
25/01/2007,21.5,21.98,21.26,21.9,1467151
29/01/2007,22,22.01,21.24,21.63,590314
30/01/2007,21.8,21.81,21.63,21.78,608003
31/01/2007,21.75,21.83,21.51,21.51,556216
01/02/2007,21.55,22.15,21.55,21.8,707933
02/02/2007,22.15,22.15,21.31,21.4,408275
05/02/2007,21.4,21.67,21.4,21.55,437377
06/02/2007,21.8,22.07,21.53,22.05,628536
07/02/2007,22.3,22.8,22.23,22.6,1012076
08/02/2007,22.6,22.6,22.6,22.6,0
09/02/2007,22.6,22.6,22.6,22.6,0
12/02/2007,22.6,22.6,22.6,22.6,0
13/02/2007,22.6,22.6,22.6,22.6,0
14/02/2007,27.19,27.79,26.82,27.3,3981221
15/02/2007,27.52,28.72,27.41,28.32,1720050
16/02/2007,28.04,28.05,27.24,27.72,790032
19/02/2007,27.92,28.09,27.67,28,321844
20/02/2007,27.51,27.73,27.27,27.66,615712
21/02/2007,28,28.25,27.66,28.2,627730
22/02/2007,28.34,28.34,27.63,28.25,747689
23/02/2007,28.2,28.79,27.87,28.7,929566
26/02/2007,28.45,28.45,27.92,28.19,556351
27/02/2007,28.43,28.43,27.89,28.14,515736
28/02/2007,26.94,28.08,26.85,27.4,1331941
01/03/2007,27.2,27.44,26.02,26.5,832074
02/03/2007,26.61,27.29,26.37,26.5,964117
05/03/2007,26.15,26.15,24.82,24.99,644606
06/03/2007,25.41,26.5,25.24,26.3,806354
07/03/2007,27.24,27.45,26.23,26.88,2577787
08/03/2007,26.88,26.88,26.22,26.33,545683
09/03/2007,26.9,27.14,26.65,26.8,751469
12/03/2007,26.7,27.45,26.69,27.21,508937
13/03/2007,27.5,27.9,27.49,27.5,1178260
14/03/2007,27.12,27.29,26.5,26.5,462969
15/03/2007,27.1,27.25,26.8,26.92,960989
16/03/2007,26.87,27.36,26.43,26.9,424732
19/03/2007,27.1,27.58,27.1,27.44,711824
20/03/2007,27.8,27.87,27.67,27.79,964669
21/03/2007,27.66,27.84,27.5,27.7,515454
22/03/2007,28.01,28.33,28.01,28.3,773246
23/03/2007,28.02,28.11,27.78,27.98,401255
26/03/2007,28.1,28.2,27.91,28.19,509325
27/03/2007,28.49,28.49,28.25,28.25,627886
28/03/2007,28.35,28.35,27.51,27.64,454890
29/03/2007,27.3,28.25,27.3,28.19,529794
30/03/2007,28.19,28.35,27.23,27.79,680670
02/04/2007,27.25,27.37,26.8,27.15,412564
03/04/2007,27.79,27.79,27.34,27.7,454867
04/04/2007,27.9,27.9,27.13,27.3,468498
05/04/2007,27.3,27.39,26.61,26.65,733045
10/04/2007,27.01,27.23,26.85,27.23,436378
11/04/2007,27.5,27.57,26.91,27.3,493288
12/04/2007,27.38,27.38,26.68,26.68,380510
13/04/2007,26.9,27,26.61,26.66,188523
16/04/2007,26.99,27.45,26.81,27.25,347333
17/04/2007,27.72,27.87,26.95,26.95,628057
18/04/2007,27.21,27.73,27.13,27.5,633423
19/04/2007,27.61,27.62,26.91,26.95,588802
20/04/2007,27.51,27.52,26.93,26.96,251362
23/04/2007,27.22,27.3,26.66,27.09,352833
24/04/2007,26.78,27.2,26.78,26.92,653013
26/04/2007,27.35,28.11,27.35,27.85,857602
27/04/2007,27.94,27.94,26.78,26.81,534512
30/04/2007,27.28,27.54,27.13,27.5,633493
01/05/2007,27.25,27.35,26.79,26.95,349730
02/05/2007,26.96,27.5,26.96,27.5,478957
03/05/2007,27.22,27.59,27.13,27.39,316124
04/05/2007,27.68,27.95,27.52,27.91,279215
07/05/2007,28,28.29,27.84,28.09,519241
08/05/2007,28.29,28.7,28.06,28.41,1176582
09/05/2007,28.25,28.33,27.95,28.17,374300
10/05/2007,28.35,30.05,28.35,30.05,802530
11/05/2007,29.9,29.9,28.89,29,467481
14/05/2007,29.96,29.96,29.16,29.3,538482
15/05/2007,29.4,29.8,29.34,29.5,573809
16/05/2007,29.49,29.85,29.42,29.5,295049
17/05/2007,30,30.34,29.5,30.15,583029
18/05/2007,30.5,30.5,30.1,30.3,335610
21/05/2007,30.5,30.5,30.17,30.4,318110
22/05/2007,30.4,30.4,29.95,30,371776
23/05/2007,30,30.29,29.7,29.8,626411
24/05/2007,29.49,29.49,29.05,29.16,651054
25/05/2007,29.07,29.41,29.06,29.06,186864
28/05/2007,29.3,29.6,28.58,28.8,371428
29/05/2007,28.8,29.6,28.64,29.47,257569
30/05/2007,29.3,29.5,28.26,28.95,427865
31/05/2007,28.95,30.1,28.95,29.78,833171
01/06/2007,29.98,30.99,29.78,30.75,746684
04/06/2007,30.9,31.2,30.15,30.7,414940
05/06/2007,30.66,30.78,30.31,30.45,375758
06/06/2007,30,30.33,29.57,30.11,854392
07/06/2007,28.91,29.98,28.9,29.9,371504
08/06/2007,29,29.28,28.58,29.01,594303
12/06/2007,29.21,29.21,28.2,28.8,435280
13/06/2007,28,29.17,27.82,29.15,848313
14/06/2007,29.28,29.5,28.27,28.85,663326
15/06/2007,28.9,29.32,28.9,29.09,338884
18/06/2007,29.2,29.94,29.16,29.69,729161
19/06/2007,29.67,29.74,29.21,29.7,451677
20/06/2007,29.45,29.8,29.39,29.39,615703
21/06/2007,29.54,29.99,29.06,29.95,1287192
22/06/2007,30.06,31.49,30.06,31,996242
25/06/2007,30.96,32.17,30.96,31.77,1060993
26/06/2007,31.77,33.03,31.77,32.68,779677
27/06/2007,32.7,33.24,32.18,33.09,1360122
28/06/2007,33.17,34.99,33.17,34.06,743699
29/06/2007,34.6,34.95,33.2,34,1066978
02/07/2007,33.96,34,33.17,33.3,774655
03/07/2007,33.73,33.91,33.18,33.23,752774
04/07/2007,33.64,33.8,33.36,33.53,628710
05/07/2007,33.65,34.16,33.62,34.13,645210
06/07/2007,34.13,34.23,33.79,34.1,508468
09/07/2007,34.6,36.33,34.6,36.12,762222
10/07/2007,36.1,36.15,35.21,35.63,576188
11/07/2007,35.63,35.87,35.6,35.73,399854
12/07/2007,35.96,36.39,35.7,36,684376
13/07/2007,36.3,36.5,36.09,36.25,501234
16/07/2007,36.7,37.5,36.16,36.25,506502
17/07/2007,36.31,36.53,36.18,36.35,573293
18/07/2007,36.09,36.16,35.11,35.11,1044432
19/07/2007,35.75,36.66,35.6,36,773586
20/07/2007,36.15,36.22,35.63,35.8,606981
23/07/2007,35.75,36,34.99,35.6,358402
24/07/2007,35.99,36.01,35.77,35.85,847224
25/07/2007,35.6,35.84,35.4,35.4,808312
26/07/2007,35.9,35.99,34.9,35.34,914749
27/07/2007,34.05,34.77,34.05,34.5,879339
30/07/2007,34.36,34.4,33.73,33.8,624768
31/07/2007,33.73,34.58,33.73,33.9,424462
01/08/2007,33.8,34.19,32.31,32.31,572684
02/08/2007,33.72,33.75,32.74,33.35,655917
03/08/2007,33.85,34.18,33.35,33.83,326381
06/08/2007,33.24,33.83,32.1,33.26,371744
07/08/2007,34.05,34.05,32.81,32.91,380267
08/08/2007,32.91,33.79,32.84,33.43,401589
09/08/2007,33.95,34.92,33.58,34.7,1050003
10/08/2007,33.33,34.28,32.95,33.9,1026626
13/08/2007,33.7,34.07,33.18,33.6,401010
14/08/2007,33.64,33.7,32.9,32.95,393783
15/08/2007,32.25,32.9,31.77,31.82,595848
16/08/2007,31.9,31.9,28.9,29.99,1926303
17/08/2007,30,30.28,28.3,28.9,1162232
20/08/2007,30.54,31.7,29.93,31.18,1177178
21/08/2007,32,33.15,31.2,33.03,690847
22/08/2007,32.5,34.3,32.5,33.4,362163
23/08/2007,34,35.55,33.25,33.7,811328
24/08/2007,34.04,34.8,33.94,34,661114
27/08/2007,35.75,37.01,35.62,36.78,698050
28/08/2007,36.92,37.45,36.4,37.3,631604
29/08/2007,36.5,37.49,36.01,37.2,427193
30/08/2007,37.8,38.29,37.72,38,773655
31/08/2007,38.15,38.8,37.9,38.6,531306
03/09/2007,38.6,38.75,37.83,37.97,390475
04/09/2007,37.93,37.99,37.58,37.84,232288
05/09/2007,38.23,38.49,36.64,37.2,547960
06/09/2007,36.81,38.23,36.81,37.9,570565
07/09/2007,38.15,38.45,37.97,38.1,2100972
10/09/2007,37.1,38,37,37.7,226518
11/09/2007,37.44,38.08,37.34,37.69,231805
12/09/2007,37.72,38.11,37.5,37.73,401200
13/09/2007,37.69,38.08,37.1,38,314306
14/09/2007,38.1,38.45,37.9,38.45,562637
17/09/2007,38.5,38.97,38.27,38.5,427141
18/09/2007,38.34,38.75,37.32,38.2,571724
19/09/2007,39.3,40.2,39.3,40.2,1123210
20/09/2007,40,40.5,39.59,40.45,1348655
21/09/2007,39.75,40.31,39.69,40.05,363608
24/09/2007,40.19,40.51,39.53,39.8,322873
25/09/2007,39.8,40.22,39.74,40.13,605300
26/09/2007,39.96,41.1,39.84,40.8,473981
27/09/2007,40.85,42.5,40.85,42.2,432112
28/09/2007,42,43,41.2,42.41,548646
01/10/2007,43,43.2,42.36,42.8,306947
02/10/2007,42.85,44,42.56,44,773033
03/10/2007,43.8,44.07,42.9,43.1,848001
04/10/2007,42.65,42.8,42.14,42.35,448765
05/10/2007,42.7,43.74,42.69,42.99,332085
08/10/2007,43.15,43.8,43.15,43.6,453091
09/10/2007,43.12,43.85,43.11,43.62,559622
10/10/2007,43.15,44.37,42.8,44.15,556658
11/10/2007,43.6,44.92,43.53,44.64,522847
12/10/2007,44,44.59,43.97,44.45,305338
15/10/2007,44.2,44.58,44,44.45,721173
16/10/2007,44.42,44.6,44.15,44.32,971290
17/10/2007,44.7,45.29,44.4,44.9,659743
18/10/2007,45.48,46.58,45.16,46.3,624768
19/10/2007,46.42,46.88,45.64,46.44,660389
22/10/2007,44.5,45.76,43.87,44.65,612896
23/10/2007,44.66,45.7,44.65,45.47,619776
24/10/2007,45.02,46.68,45.01,45.95,870332
25/10/2007,46.6,47.62,46.39,46.7,971909
26/10/2007,47.49,50,47.49,47.91,979756
29/10/2007,49,49.85,49,49.6,706190
30/10/2007,49.6,49.72,48.73,48.79,341013
31/10/2007,48.06,48.87,47.59,48,846120
01/11/2007,48.01,48.8,45.7,48.1,824374
02/11/2007,46.2,46.9,46.19,46.59,719648
05/11/2007,47.7,48,46.6,46.7,414818
06/11/2007,47,47,46.54,46.66,584531
07/11/2007,47,49.2,47,49.18,885206
08/11/2007,48.2,48.35,47.42,48.12,963529
09/11/2007,48.15,48.9,47.75,48.88,585536
12/11/2007,48.01,48.39,46.67,47.4,471972
13/11/2007,47.4,47.95,47.03,47.56,421092
14/11/2007,48.8,49.35,47.91,48.22,577825
15/11/2007,48,48.29,47.35,48.04,573424
16/11/2007,47.15,47.83,45.8,46.2,264025
19/11/2007,46.2,47,45.25,45.7,532796
20/11/2007,44.86,45.2,43.88,44,735459
21/11/2007,44.61,44.97,44,44.35,596333
22/11/2007,44.4,44.65,42.93,43.25,391296
23/11/2007,43.73,44.79,42.65,42.8,563156
26/11/2007,43.02,45.75,43,44.98,830636
27/11/2007,44.26,44.48,43.29,44.04,584779
28/11/2007,43.64,45.01,43.64,44.93,544939
29/11/2007,45.71,47.49,45.4,47.33,714370
30/11/2007,47.89,50.08,47.21,50.08,1690190
03/12/2007,50.16,50.16,49.07,49.5,496257
04/12/2007,49.3,50.15,48.41,50.15,927075
05/12/2007,50.06,52.21,49.78,51.95,900414
06/12/2007,52.5,53.01,52.29,52.55,544923
07/12/2007,52.5,54.19,52.5,53.82,460744
10/12/2007,52.98,53.3,52.3,52.53,628051
11/12/2007,52.25,53.18,51.02,52.8,445288
12/12/2007,51.75,52.76,51.01,52.19,607838
13/12/2007,52.08,52.68,51.82,52.17,475422
14/12/2007,51.7,51.7,50.5,50.91,714287
17/12/2007,50.72,50.78,48.1,48.52,562737
18/12/2007,47,47.5,46.6,47.15,767876
19/12/2007,47.99,49.5,46.84,48.5,885317
20/12/2007,48.89,49.49,48.6,48.9,1388212
21/12/2007,48.91,50.5,48.39,49.5,422341
24/12/2007,49.78,50.91,49.78,50.3,99250
27/12/2007,50.31,51.79,50.31,51.25,159897
28/12/2007,51.45,52,51,52,151254
31/12/2007,51.8,52.63,51.25,52,163390
02/01/2008,51.7,52.41,51.49,51.58,200216
03/01/2008,50.03,50.46,49.8,50.46,316738
04/01/2008,50.57,51.85,50.57,51.06,259437
07/01/2008,49.2,49.48,48.26,48.41,607053
08/01/2008,49.37,49.38,48.41,48.95,422789
09/01/2008,48.45,48.49,46.67,47.26,828541
10/01/2008,46.86,47.01,45.5,46.14,826669
11/01/2008,45.77,45.9,43.7,44.5,1107994
14/01/2008,42.27,43.35,42.21,43.2,703150
15/01/2008,43.7,44.28,42.68,43.33,964871
16/01/2008,42.2,43.59,42,42.39,881911
17/01/2008,42.1,42.21,41.56,42.2,880739
18/01/2008,40.75,41.47,40.2,41,703074
21/01/2008,40.9,41.2,38.25,38.25,1294230
22/01/2008,35,35.76,33.3,34.6,1949578
23/01/2008,36.56,37.85,32.32,34.2,1538898
24/01/2008,34.5,36.15,33.93,35.31,1308409
25/01/2008,37,40,37,39.78,1399173
29/01/2008,40,40.26,38.2,38.93,1343038
30/01/2008,39.8,39.95,39,39,604980
31/01/2008,37.49,39.26,36.32,39.26,1201634
01/02/2008,40.05,41,39.61,40.1,732567
04/02/2008,41.8,42.51,40.72,42.36,700242
05/02/2008,42,42.8,39.54,41.5,774493
06/02/2008,39.9,40.93,39.7,39.88,657142
07/02/2008,39.2,39.34,37.7,38.55,1020553
08/02/2008,38.82,39.79,37.8,37.81,755365
11/02/2008,38.64,39,37.92,38.5,654936
12/02/2008,39.6,40,36.51,36.8,1433318
13/02/2008,37.17,38.36,36.85,37.3,643858
14/02/2008,38.04,38.75,36.57,37.01,1124588
15/02/2008,36.5,36.85,35.75,35.88,914276
18/02/2008,35.7,36.49,35.61,36.19,690708
19/02/2008,36.91,37.32,36.03,36.5,484329
20/02/2008,36.5,36.71,34.53,35,781053
21/02/2008,36.39,36.95,35.4,36.52,878460
22/02/2008,36.52,37.18,36.08,37.05,821139
25/02/2008,38,38.8,37.3,37.85,1414000
26/02/2008,38.76,41.01,38.7,40,1639897
27/02/2008,39.2,41.97,38.5,40.94,1220211
28/02/2008,40.35,40.5,38.16,38.33,824068
29/02/2008,37.76,38.32,37.01,37.54,621887
03/03/2008,37.06,37.11,36.36,36.51,510629
04/03/2008,36.75,36.75,34.33,34.7,956456
05/03/2008,34.6,35.51,34.6,34.9,570071
06/03/2008,35.12,35.85,34.65,35.67,507478
07/03/2008,34.6,34.65,33.18,33.55,1536974
10/03/2008,32.39,33.92,32.05,33.03,668139
11/03/2008,32.68,32.98,32.01,32.73,918511
12/03/2008,33.6,34.25,33.45,34,1107379
13/03/2008,33.56,33.63,32.33,32.98,844700
14/03/2008,32.76,33.05,31.59,32.42,825355
17/03/2008,31.4,32.68,30.45,32.56,720365
18/03/2008,32.2,32.43,31.51,31.8,1491567
19/03/2008,32.7,33,31.6,31.86,2579784
20/03/2008,31,31,29.62,30.12,2754287
25/03/2008,31,32.33,30.72,31,1991928
26/03/2008,30.85,31.12,30.57,30.62,1073333
27/03/2008,30.85,33.8,30.72,33.38,1912278
28/03/2008,32.8,32.8,32.25,32.51,1496565
31/03/2008,32.5,33.85,32.36,33.47,992410
01/04/2008,33.5,35.72,33.4,35.29,1592106
02/04/2008,36,36.23,35.79,35.97,1576751
03/04/2008,36.5,36.5,36,36.3,1114615
04/04/2008,36.4,36.5,36.09,36.49,988536
07/04/2008,36.49,37.25,36.32,36.9,529260
08/04/2008,37.5,37.91,37,37.66,834738
09/04/2008,36.75,37.08,36.17,36.53,899472
10/04/2008,36.17,37.27,35.3,35.76,664781
11/04/2008,36.58,37.49,36.05,36.5,626382
14/04/2008,35.06,35.3,35,35.16,369824
15/04/2008,35.62,36.03,34.8,35.93,444529
16/04/2008,36.5,37.59,36.5,37.43,576989
17/04/2008,38,38,37.04,37.47,590658
18/04/2008,37.87,37.95,36.59,36.75,528842
21/04/2008,38,38.91,37.76,38.9,713081
22/04/2008,38.11,38.51,37.26,37.54,584989
23/04/2008,38,38.71,37.55,38.4,1442126
24/04/2008,38.35,38.83,37.73,38.2,830992
28/04/2008,38.9,40.65,38.67,39.98,912038
29/04/2008,39.98,39.98,38.84,39.16,607099
30/04/2008,38.95,39.09,38.13,38.8,1091476
01/05/2008,38.1,38.41,37.6,38.1,1141473
02/05/2008,38.5,40.99,38.5,40.35,1034694
05/05/2008,40.44,40.44,39.32,40,875388
06/05/2008,39.96,41.38,39.8,41.04,639857
07/05/2008,40.43,40.9,39.23,39.5,743055
08/05/2008,38.16,39.46,38.09,38.8,1169124
09/05/2008,38.62,39.55,38.62,38.82,651589
12/05/2008,39,40.56,38.89,40.2,410939
13/05/2008,40.41,41.58,39.5,41.58,754375
14/05/2008,41.86,42.37,41.24,41.98,1080441
15/05/2008,41.15,41.76,41.01,41.4,782261
16/05/2008,41.6,42.48,41.13,41.13,770801
19/05/2008,40.3,42.14,40,41.95,1147085
20/05/2008,41.12,41.86,40.45,41,772707
21/05/2008,40.4,40.64,40.21,40.43,807899
22/05/2008,40.12,40.42,39.5,39.7,684759
23/05/2008,39,39.36,37.39,37.98,1419813
26/05/2008,37.31,37.8,37.05,37.42,796268
27/05/2008,37.82,38.11,37.5,37.85,406016
28/05/2008,38,38.23,37,37.45,567132
29/05/2008,37.82,37.91,37.33,37.7,892677
30/05/2008,37.4,37.99,36.7,37.3,583437
02/06/2008,37.69,39.45,37.4,39.23,1169472
03/06/2008,39,39.49,38.56,39.26,605816
04/06/2008,38.8,38.94,37.14,37.73,657332
05/06/2008,37.85,37.85,36,36.19,908033
06/06/2008,37,37.98,36.68,37.85,860514
10/06/2008,36.19,37.48,36.19,37.09,853134
11/06/2008,36.7,36.9,35.7,36.05,843997
12/06/2008,35.4,37,35.32,36.35,568169
13/06/2008,36.35,36.95,36.11,36.5,446041
16/06/2008,36.96,36.96,36.26,36.92,492050
17/06/2008,36.9,37.49,36.33,37.09,780802
18/06/2008,37.1,38.49,36.72,38.49,897997
19/06/2008,38.44,38.86,38.24,38.64,1618362
20/06/2008,38.5,38.77,37.66,38.54,1126546
23/06/2008,37.9,38.2,37.4,37.97,838486
24/06/2008,37.64,38.35,37.03,37.86,492635
25/06/2008,37.38,38,37.05,38,426887
26/06/2008,38.81,39.52,38.51,38.87,690467
27/06/2008,37.3,38.28,37.24,38.15,572511
30/06/2008,38,39.1,37.54,37.86,796974
01/07/2008,37.5,38.33,37.1,38,897583
02/07/2008,37.11,37.21,35.6,36.2,998631
03/07/2008,35.16,35.17,32.08,33.1,1967285
04/07/2008,34.92,34.92,33.16,33.49,1155101
07/07/2008,33,33.38,31.61,32.11,640388
08/07/2008,32.7,33.32,31.81,32.16,1453009
09/07/2008,33.5,33.5,32.43,33.24,762596
10/07/2008,33,33.8,32.67,33.5,813898
11/07/2008,33.5,33.72,33.02,33.53,719851
14/07/2008,33,33.74,32.9,33.3,324292
15/07/2008,32.62,33.3,32.62,32.7,667696
16/07/2008,32.88,33.26,32.27,32.49,588174
17/07/2008,33.47,33.47,32.25,32.35,491997
18/07/2008,32.4,32.68,31.03,31.1,793668
21/07/2008,32.4,33.8,32.35,33.6,561377
22/07/2008,32.93,33.46,32.71,32.95,354265
23/07/2008,33.6,34.33,33.12,33.4,926141
24/07/2008,33.5,34,33.13,33.7,1242108
25/07/2008,33.45,33.45,31.68,32.15,888384
28/07/2008,32.15,32.9,31.33,31.75,782312
29/07/2008,31.7,31.7,30.7,31,1388704
30/07/2008,31.8,31.8,31,31.2,415631
31/07/2008,32,32.41,31.81,31.99,801956
01/08/2008,32,32,30.5,30.85,459505
04/08/2008,31.63,32.08,31.01,31.85,617072
05/08/2008,30.86,31.25,29.88,31.16,980180
06/08/2008,31.47,32.24,30.54,31.89,859687
07/08/2008,32.64,33.5,32.42,33.5,792597
08/08/2008,33.4,33.86,32.42,33.12,817100
11/08/2008,33.67,33.67,32.6,33.45,790535
12/08/2008,35.2,35.2,34.39,34.68,824454
13/08/2008,34.7,34.75,32.55,32.93,789341
14/08/2008,33.03,34.48,32.79,34.15,754198
15/08/2008,34.3,34.55,33.87,34.36,560039
18/08/2008,34.7,35.41,34.45,35.07,802608
19/08/2008,35.07,35.42,33.22,33.5,1011292
20/08/2008,34,35.19,33.75,34.92,645268
21/08/2008,34.23,34.64,33.65,34.15,576887
22/08/2008,35.55,35.55,34.46,34.79,763085
25/08/2008,35.5,36.18,35.09,35.14,552476
26/08/2008,35.1,35.6,34.1,35.56,405096
27/08/2008,35.98,36.08,35.1,35.8,568189
28/08/2008,35.81,37.36,35.73,37.32,667969
29/08/2008,38,38,36.42,37.06,632691
01/09/2008,37,37.64,36.66,37.48,315565
02/09/2008,37.85,38.01,37.17,37.4,423046
03/09/2008,36.5,37.1,35.5,36.1,933725
04/09/2008,35.6,35.85,33.75,34.82,1128688
05/09/2008,33.08,33.46,32.54,32.8,2165051
08/09/2008,33.25,34.22,33.06,33.8,579852
09/09/2008,33.8,34.06,33.04,33.21,790834
10/09/2008,31.8,32.74,31.27,32.03,634018
11/09/2008,31.3,31.3,30.53,30.85,1864048
12/09/2008,31.32,31.81,31.15,31.49,1300850
15/09/2008,31.26,32.54,31.26,32,803400
16/09/2008,30.9,31.28,30.15,30.64,1037795
17/09/2008,30.78,31.43,30.4,30.99,1585299
18/09/2008,30,30.25,29,30,1897729
19/09/2008,30.75,31.92,30.1,31.64,1108956
22/09/2008,32.3,32.85,32.04,32.61,878713
23/09/2008,32.2,33.51,31.67,32.85,556296
24/09/2008,32.86,34.12,32.26,32.94,719922
25/09/2008,33.19,34.81,33.02,34.21,397525
26/09/2008,34.5,34.85,33.74,34.6,455693
29/09/2008,34.85,34.85,32.61,33.55,802495
30/09/2008,30.9,31.5,30.2,30.3,1247327
01/10/2008,31.75,31.83,30.6,31.2,1049794
02/10/2008,31.5,31.5,30.21,30.3,434765
03/10/2008,29.7,29.85,28.76,28.76,695310
06/10/2008,28.1,28.19,25.8,25.9,930728
07/10/2008,24.02,26.3,23.4,26.01,3266737
08/10/2008,24.7,26,24.45,24.47,863980
09/10/2008,24,24.15,22.54,24,1740895
10/10/2008,22,22.98,20.11,21.52,1578310
13/10/2008,21.91,22.62,21.6,22.45,1191480
14/10/2008,25,26,23.27,24.1,1168612
15/10/2008,23,23,20.85,22.5,2859079
16/10/2008,20.17,20.2,18.54,19.7,1309316
17/10/2008,20.31,20.45,16.85,17.46,3013400
20/10/2008,18.2,18.74,17.7,18.1,2297187
21/10/2008,19.5,20.81,19.48,20,1082363
22/10/2008,20,20.6,19.9,20.18,1063673
23/10/2008,19.24,19.24,16.93,17.15,2168111
24/10/2008,17.4,17.9,15.56,15.86,1248776
27/10/2008,15.4,15.4,14.3,15,2020164
28/10/2008,14.4,14.68,13.92,13.98,22340700
29/10/2008,15,15.2,14.37,14.51,3035847
30/10/2008,14.95,15.25,14.4,14.5,1731032
31/10/2008,14.65,15.05,14.1,14.95,1860105
03/11/2008,15.6,16.7,15.6,16.5,1524313
04/11/2008,16.2,17.64,15.89,17.6,1076420
05/11/2008,19,19,18,18.26,1469338
06/11/2008,17.58,17.58,16.55,16.85,976734
07/11/2008,15.89,15.9,14.74,15.25,1915002
10/11/2008,15.73,16.38,15,15.04,1295740
11/11/2008,14.8,14.83,13.8,14.1,1282184
12/11/2008,13.8,14,13.52,13.75,847680
13/11/2008,12.8,12.8,11.74,12.17,2299166
14/11/2008,13.14,13.14,12.46,12.85,4068732
17/11/2008,13,13.66,12.52,13.23,616082
18/11/2008,13.05,13.43,12.68,13.1,1001081
19/11/2008,13.2,13.47,12.08,13.29,1807851
20/11/2008,12.23,12.44,11.95,11.96,2584407
21/11/2008,11.45,11.77,11,11.42,2108475
24/11/2008,11.58,11.75,10.62,11,2213510
25/11/2008,11.49,11.85,11.4,11.7,2645484
26/11/2008,11.9,12.9,11.76,12.3,1628367
27/11/2008,13,13.6,12.76,13,3009900
28/11/2008,13.1,13.89,13.08,13.42,2587166
01/12/2008,13.89,13.9,12.97,12.97,840146
02/12/2008,12.15,13.3,12.1,12.56,1042837
03/12/2008,13,13.31,11.9,11.9,1085739
04/12/2008,12.29,12.29,11.65,11.82,1352366
05/12/2008,11.85,12.1,11.26,11.26,966931
08/12/2008,11.54,12.48,11.46,12.3,2000196
09/12/2008,13.15,13.49,12.92,13.1,1535578
10/12/2008,12.97,13.29,12.55,13.05,1429188
11/12/2008,13.3,13.5,12.75,13.46,1100582
12/12/2008,13.1,13.75,12.89,13.13,861839
15/12/2008,13.89,14.8,13.78,14.6,1184024
16/12/2008,14.37,14.54,13.56,13.64,1489921
17/12/2008,14.72,14.75,14.16,14.65,1228514
18/12/2008,14.65,14.65,13.94,14.49,2536883
19/12/2008,14.11,14.3,13.27,13.92,1222464
22/12/2008,13.7,13.7,12.57,12.78,896298
23/12/2008,12.6,12.64,12.01,12.28,1359577
24/12/2008,12.25,12.6,12.18,12.55,311246
29/12/2008,12.99,13.45,12.84,13.32,548511
30/12/2008,13.45,14.1,13.43,13.93,396221
31/12/2008,14,14.32,14,14.13,715161
02/01/2009,14,14.24,14,14.15,442885
05/01/2009,14.55,15.65,14.51,15.17,1516804
06/01/2009,15.1,15.57,15.04,15.27,1017095
07/01/2009,15.79,16.34,15.75,16,2135682
08/01/2009,15,15.06,14.3,14.57,1209404
09/01/2009,14.9,15.18,14.76,15.1,817674
12/01/2009,14.66,14.95,14.5,14.87,497647
13/01/2009,14.39,14.49,13.61,14.01,875939
14/01/2009,14,14.35,13.8,14.04,1010808
15/01/2009,13.51,13.72,13.21,13.3,815778
16/01/2009,13.3,14.06,13.3,13.7,1018266
19/01/2009,14,14.25,13.85,14.03,834889
20/01/2009,13.85,13.85,13.1,13.27,921190
21/01/2009,12.79,13.44,12.69,13.39,1123695
22/01/2009,13.35,13.7,12.9,13.13,1238038
23/01/2009,12.62,12.91,12.55,12.6,1012967
27/01/2009,12.81,13.27,12.8,13.15,971751
28/01/2009,13.2,14.12,13.2,14.12,601853
29/01/2009,14.6,14.85,14.5,14.85,1024406
30/01/2009,14.5,15.17,14.33,15.09,916008
02/02/2009,14.61,14.62,13.9,13.9,650410
03/02/2009,13.52,13.53,12.92,13.05,1240084
04/02/2009,13.02,13.07,12,12,2180383
05/02/2009,11.9,12.05,11.6,11.75,2839584
06/02/2009,11.99,12.29,11.81,11.9,1599873
09/02/2009,12.29,12.29,11.93,12,2434546
10/02/2009,12.01,12.42,12,12.33,970399
11/02/2009,12,12.2,11.92,12.14,874940
12/02/2009,12.25,13.05,12.25,12.79,1099615
13/02/2009,12.89,13.7,12.85,13.6,947880
16/02/2009,13.63,13.89,13.18,13.35,839876
17/02/2009,13.59,13.89,13.47,13.65,1257293
18/02/2009,13.31,13.49,13.22,13.4,1363139
19/02/2009,13.3,13.72,13.24,13.58,1879175
20/02/2009,13.35,13.59,13.15,13.4,798892
23/02/2009,13.38,13.6,12.8,13.32,1354820
24/02/2009,13.08,13.47,12.97,13.4,1343133
25/02/2009,14.25,14.73,14.09,14.68,1835982
26/02/2009,14.83,15.09,14.8,15.09,1978646
27/02/2009,15,15.95,15,15.95,2393693
02/03/2009,15.52,15.59,15.14,15.42,1201853
03/03/2009,15.1,15.34,14.8,15.2,1594546
04/03/2009,14.82,15.13,14.59,14.75,886831
05/03/2009,15.22,15.78,15.1,15.1,1505023
06/03/2009,14.99,15.06,14.53,14.85,1045244
09/03/2009,15.18,15.64,14.99,15.63,837892
10/03/2009,15.5,15.84,15.33,15.7,1209614
11/03/2009,16.25,16.74,15.9,16.59,1027083
12/03/2009,16.63,16.81,15.85,15.85,615680
13/03/2009,16.45,17.65,16.26,17.4,1737051
16/03/2009,17.59,18.23,16.67,16.85,1917215
17/03/2009,17.09,17.69,17.09,17.6,1311765
18/03/2009,17.89,18.42,17.61,17.62,1643983
19/03/2009,17.75,18.1,17.7,17.8,2381992
20/03/2009,17.95,18.58,17.9,18.58,2242607
23/03/2009,17.28,18.15,17.25,18.02,1546695
24/03/2009,18.5,19.14,18.46,18.69,1389243
25/03/2009,18.5,18.6,17.8,17.84,1120637
26/03/2009,18.2,18.6,17.9,18.6,1616175
27/03/2009,18.49,18.6,18.39,18.44,1043878
30/03/2009,18.15,18.29,17.31,17.37,876431
31/03/2009,17.1,18,17.05,18,1890757
01/04/2009,17.93,18.31,17.62,17.8,700415
02/04/2009,17.9,19.44,17.78,18.97,1437889
03/04/2009,19.22,19.6,18.33,18.47,1294387
06/04/2009,18.65,18.68,17.78,18.28,943411
07/04/2009,18.25,18.52,17.89,18.09,785925
08/04/2009,17.9,17.94,17.6,17.67,1205255
09/04/2009,17.91,18.54,17.8,18.54,863545
14/04/2009,18.93,18.99,18.55,18.58,702269
15/04/2009,18.39,18.76,18.36,18.58,781544
16/04/2009,18.72,19.37,18.45,18.72,850286
17/04/2009,19.37,19.98,19.11,19.5,1138131
20/04/2009,19.79,19.9,19,19.2,509370
21/04/2009,18.74,18.93,18.43,18.66,782741
22/04/2009,18.74,19.12,18.17,18.37,1075105
23/04/2009,18.75,19.39,18.49,19.24,738562
24/04/2009,19.55,19.66,18.65,18.96,704180
27/04/2009,19,19.28,18.5,18.69,839454
28/04/2009,18.9,19.32,18.42,18.45,961765
29/04/2009,18.31,18.52,17.81,17.95,745135
30/04/2009,18.41,18.65,18.21,18.27,1311711
01/05/2009,18.19,18.72,18.15,18.52,766408
04/05/2009,18.86,19.89,18.77,19.89,1085184
05/05/2009,20.5,20.73,20.25,20.45,1909755
06/05/2009,20.45,20.59,19.59,19.98,1178751
07/05/2009,20.75,22.4,20.7,21.52,2367439
08/05/2009,21.45,23.21,21.37,23.15,1702604
11/05/2009,24.28,24.83,23.01,23.45,1762580
12/05/2009,22.83,22.9,22.01,22.67,1445087
13/05/2009,22.5,22.5,21.8,21.8,1424308
14/05/2009,21,21.18,20.11,20.93,1475724
15/05/2009,21.77,22.08,21.77,22,1006538
18/05/2009,21.55,21.55,20.51,20.51,1017073
19/05/2009,21.59,21.97,21.2,21.44,759599
20/05/2009,21.53,21.54,20.67,20.88,982459
21/05/2009,21.1,21.88,20.53,21.61,1094389
22/05/2009,20.92,21.2,20.64,20.86,1028477
25/05/2009,21.2,21.79,20.93,21.57,660064
26/05/2009,21.37,21.9,21.07,21.6,592297
27/05/2009,22.01,22.75,22.01,22.75,834998
28/05/2009,22.31,22.38,21.75,21.94,1059080
29/05/2009,22.1,22.77,22.05,22.5,1375703
01/06/2009,22.56,22.81,21.77,22.57,1085226
02/06/2009,23,23.4,22.88,23.14,1411259
03/06/2009,22.6,23.79,22.6,23.17,932945
04/06/2009,22.93,23.41,22.12,22.55,1308195
05/06/2009,22.76,23.35,22.56,22.8,1867079
09/06/2009,23.26,23.47,22.5,22.5,1340486
10/06/2009,23.09,24.1,23.01,23.87,1943922
11/06/2009,24,25.66,23.96,25.4,910040
12/06/2009,25.74,25.82,24.6,25.18,1341586
15/06/2009,25.05,25.87,24.91,25.19,1169478
16/06/2009,24.6,24.76,23.9,23.9,1551974
17/06/2009,23.41,23.49,22.25,22.95,2018656
18/06/2009,22.6,22.99,22.46,22.99,1460957
19/06/2009,24.15,24.63,23.99,24.13,1100283
22/06/2009,24.53,24.92,23.66,24.4,1051058
23/06/2009,23.16,23.49,22.3,22.66,1587070
24/06/2009,22.56,22.97,22.55,22.6,847595
25/06/2009,22.79,24.12,22.71,23.9,1226805
26/06/2009,24.3,24.66,23.9,24.03,1047556
29/06/2009,23.98,24.03,23.03,23.13,744431
30/06/2009,23.64,23.96,23.54,23.81,949487
01/07/2009,23.04,23.52,22.7,23.32,788789
02/07/2009,23.4,23.74,23.09,23.15,598271
03/07/2009,22.68,23.26,22.51,22.85,667501
06/07/2009,22.81,22.95,22.03,22.08,783094
07/07/2009,22.2,22.26,21.5,21.7,1093733
08/07/2009,21.05,21.53,20.23,21.48,2326021
09/07/2009,21,21.49,20.68,20.95,1035478
10/07/2009,21.1,21.29,20.76,20.8,869069
13/07/2009,20.8,21.57,20.75,21.25,973597
14/07/2009,21.8,22.2,21.71,22.19,735317
15/07/2009,22.63,22.9,22.34,22.67,939352
16/07/2009,23.74,23.88,23.13,23.36,1196656
17/07/2009,23.59,23.59,22.91,23,1052848
20/07/2009,23.5,23.95,23.24,23.72,763346
21/07/2009,23.96,24.1,23.21,23.6,958500
22/07/2009,23.75,24.1,23.68,23.99,1004001
23/07/2009,24.04,24.66,23.88,24.48,1120468
24/07/2009,24.94,24.98,24.15,24.3,1515419
27/07/2009,24.31,25.48,24.31,25.31,910680
28/07/2009,25.54,25.91,24.85,25.58,1434378
29/07/2009,25.48,25.69,25.12,25.37,881849
30/07/2009,25,25.3,24.81,25.2,780165
31/07/2009,25.55,25.98,25.36,25.81,1005885
03/08/2009,25.54,26.55,25.51,26.33,671913
04/08/2009,26.55,27,25.81,25.86,1116072
05/08/2009,25.88,25.92,25.18,25.26,768897
06/08/2009,25.5,25.9,25.42,25.51,536959
07/08/2009,25.61,25.76,25.34,25.55,831829
10/08/2009,25.7,25.83,25.33,25.45,818177
11/08/2009,25.66,26.39,25.53,26,948660
12/08/2009,25.53,25.7,25.3,25.43,1259447
13/08/2009,25.75,26.09,25.6,26.01,810523
14/08/2009,27.47,27.9,27.3,27.35,1525803
17/08/2009,27.25,27.83,26.51,27.37,872530
18/08/2009,27.3,27.3,26.53,26.72,929853
19/08/2009,27.55,28.23,27.53,27.82,1323667
20/08/2009,28.25,28.73,27.63,27.9,1288562
21/08/2009,27,27.8,26.15,26.84,2115299
24/08/2009,25.4,26.47,25.21,25.83,2155496
25/08/2009,26.05,27.66,25.92,27.54,2584454
26/08/2009,27.12,29.14,27.12,28.78,1437822
27/08/2009,28.31,29.04,28.06,28.78,1387211
28/08/2009,28.49,29.72,28.35,29.3,1347883
31/08/2009,29.3,29.62,28.2,28.47,1553815
01/09/2009,28.15,29.17,28,28.84,866000
02/09/2009,28,28.52,27.51,27.88,1584673
03/09/2009,27.98,28.2,27.67,27.79,954634
04/09/2009,28.05,28.72,28.03,28.55,836766
07/09/2009,28.6,29.06,28.05,28.97,1375666
08/09/2009,29.1,30.06,29.07,29.71,2016276
09/09/2009,29.42,29.9,29.42,29.48,1404347
10/09/2009,29.21,29.67,28.9,29.15,1229160
11/09/2009,29.14,29.45,28.51,28.75,1185262
14/09/2009,28.75,28.77,28.08,28.35,1071947
15/09/2009,28.4,28.8,28.32,28.72,1410522
16/09/2009,28.8,29.6,28.8,29.47,1046685
17/09/2009,29.54,29.79,29.2,29.27,1650873
18/09/2009,29.36,29.6,28.81,28.97,1511732
21/09/2009,29,29.48,28.86,29.17,882016
22/09/2009,29,29.64,28.99,29.2,1053231
23/09/2009,29.35,29.7,29.35,29.5,709214
24/09/2009,28.92,29.46,28.9,29.1,1468678
25/09/2009,29.15,29.5,28.82,29.13,1371647
28/09/2009,29.23,29.61,29.2,29.56,773413
29/09/2009,29.7,29.88,29.49,29.66,813670
30/09/2009,29.68,29.73,29.48,29.71,724371
01/10/2009,29.74,30.79,29.37,29.48,1143454
02/10/2009,29,29.27,28.9,28.99,836152
05/10/2009,28.75,28.98,28.3,28.3,453388
06/10/2009,28.86,29.44,28.8,29.05,641651
07/10/2009,29.5,30.86,29.41,30.66,1199644
08/10/2009,30.85,31.79,29.71,29.9,1423594
09/10/2009,30.2,30.3,29.11,29.27,1381213
12/10/2009,29.7,30.3,29.57,30,777412
13/10/2009,30.2,30.2,29.66,29.79,885994
14/10/2009,29.9,30.1,29.63,29.96,967935
15/10/2009,30.01,30.33,29.96,30.25,982788
16/10/2009,30.47,30.47,29.75,29.9,821938
19/10/2009,29.85,29.95,29.25,29.43,547898
20/10/2009,29.58,30.28,29.58,29.9,990046
21/10/2009,29.9,29.97,29.71,29.8,1227238
22/10/2009,29.78,30,29.38,29.45,642681
23/10/2009,30.09,30.09,28.94,29.04,1070758
26/10/2009,28.89,29.15,28.5,29,690961
27/10/2009,28.87,28.94,26.57,26.68,2767616
28/10/2009,26.75,27.52,26.7,26.95,2290165
29/10/2009,27,27.07,25.53,25.7,3321979
30/10/2009,26.61,27,26.29,26.4,1560177
02/11/2009,25.7,25.87,25.4,25.5,1398476
03/11/2009,25.7,26.05,25.11,25.47,1455751
04/11/2009,25.74,25.75,25.07,25.31,971199
05/11/2009,25.6,26.4,25.41,25.55,1151135
06/11/2009,26.25,27.68,26.16,27.48,1450204
09/11/2009,27.59,27.93,26.86,27.08,1058021
10/11/2009,27.44,27.77,27.35,27.58,1194492
11/11/2009,27.72,27.83,27.11,27.57,1120740
12/11/2009,27.97,28,26.87,26.9,819943
13/11/2009,26.9,27.45,26.68,26.95,794243
16/11/2009,27,27.39,27,27.34,511156
17/11/2009,27.67,27.84,27.35,27.47,531034
18/11/2009,27.25,27.37,26.66,26.86,1299176
19/11/2009,27.13,27.15,26.81,27.03,809445
20/11/2009,26.88,26.99,26.56,26.95,967595
23/11/2009,27.05,27.29,26.94,27.15,711736
24/11/2009,27.45,27.49,26.92,27,769993
25/11/2009,27.01,27.39,26.83,27,950989
26/11/2009,27.14,27.48,26.77,26.77,1118140
27/11/2009,26.35,26.41,25.52,25.85,1064695
30/11/2009,26.02,26.71,26.01,26.52,765350
01/12/2009,26.38,27.15,26.13,26.66,551536
02/12/2009,27.23,27.39,27.03,27.3,1033747
03/12/2009,27.28,27.85,27.05,27.78,1078335
04/12/2009,27.4,27.6,27.11,27.2,1021094
07/12/2009,27.66,28.12,27.05,28.01,1066524
08/12/2009,27.8,28.14,27.35,28.12,872907
09/12/2009,27.57,28.1,27.22,28.1,871227
10/12/2009,28.22,28.48,28.04,28.08,1502268
11/12/2009,28.28,28.34,27.87,28,860650
14/12/2009,27.99,27.99,27.4,27.67,582262
15/12/2009,27.95,27.99,27.38,27.51,860794
16/12/2009,27.59,28.29,27.54,27.93,610374
17/12/2009,28.08,28.8,27.7,27.99,1638669
18/12/2009,27.9,27.9,27.22,27.45,792905
21/12/2009,27.85,28.19,27.73,27.93,405785
22/12/2009,28,28.2,27.6,28,392551
23/12/2009,28,28.68,27.8,28.36,432427
24/12/2009,28.33,28.76,28.28,28.76,284335
29/12/2009,28.94,29.04,28.73,28.94,394298
30/12/2009,29,29.04,28.55,28.6,273069
31/12/2009,28.99,29.12,28.86,29.08,420643
04/01/2010,29.26,29.49,28.85,29.4,218161
05/01/2010,29.5,29.5,29.01,29.18,621418
06/01/2010,29.3,29.57,28.86,28.95,782633
07/01/2010,29,30.24,28.99,30.05,835423
08/01/2010,30.21,30.95,30.21,30.46,837903
11/01/2010,30.28,30.28,29.53,30.04,1150593
12/01/2010,29.9,29.92,29.31,29.35,1244204
13/01/2010,25.85,26.5,25.71,25.99,7095077
14/01/2010,25.85,25.9,25.1,25.7,3974499
15/01/2010,25.8,25.8,25.2,25.35,1711967
18/01/2010,25.21,25.86,25.21,25.57,1344766
19/01/2010,25.5,25.55,24.76,24.76,2497885
20/01/2010,24.92,25.06,24.2,24.48,2682850
21/01/2010,24.41,24.5,24.01,24.15,1774200
22/01/2010,23.7,24.17,23,24,2122766
25/01/2010,23.6,24.33,23.5,24.31,946337
27/01/2010,24.18,24.31,23.28,23.38,1793985
28/01/2010,23.52,24.11,23.38,23.49,1334414
29/01/2010,23.31,23.86,23.14,23.59,1518096
01/02/2010,23.59,23.59,22.7,22.75,1090491
02/02/2010,23.1,23.75,23.01,23.45,1494158
03/02/2010,23.85,24.14,23.8,23.88,975944
04/02/2010,23.71,23.8,23.52,23.7,1455960
05/02/2010,23.02,23.16,22.62,22.9,1125535
08/02/2010,23.2,23.32,22.6,22.69,624342
09/02/2010,22.51,22.87,22.06,22.7,937074
10/02/2010,22.91,23.19,22.21,22.44,871488
11/02/2010,22.39,23.16,22.35,23.12,829815
12/02/2010,23.51,23.53,22.77,22.92,1036244
15/02/2010,22.98,23.11,22.65,22.92,353371
16/02/2010,22.98,23.56,22.97,23.3,626530
17/02/2010,24.18,24.18,23.74,24,658543
18/02/2010,24.5,24.5,23.62,24.15,822172
19/02/2010,24.3,24.65,23.9,24.47,1345041
22/02/2010,24.9,25.04,24.66,24.92,810141
23/02/2010,25.01,25.25,24.8,25.11,906780
24/02/2010,24.94,24.94,24.53,24.69,1153112
25/02/2010,24.97,25.22,24.06,24.36,680254
26/02/2010,24.12,24.58,23.76,24.58,821715
01/03/2010,24.85,25.1,24.42,24.88,645002
02/03/2010,24.91,24.98,24.29,24.45,560728
03/03/2010,24.57,24.81,24.37,24.62,694324
04/03/2010,24.53,24.94,24.53,24.87,727955
05/03/2010,24.92,24.93,24.55,24.59,1439912
08/03/2010,24.98,24.98,24.49,24.49,1027748
09/03/2010,24.55,25.42,24.54,25.17,1948194
10/03/2010,25.48,26.03,25.42,25.68,1642135
11/03/2010,25.88,25.97,25.23,25.64,790152
12/03/2010,25.94,25.94,25.58,25.72,422668
15/03/2010,25.59,25.79,25.39,25.54,548315
16/03/2010,25.45,25.55,25.02,25.19,636584
17/03/2010,25.55,26.38,25.55,26.2,1472229
18/03/2010,26.49,26.5,25.78,26.15,925257
19/03/2010,26.11,26.3,25.9,26.22,605171
22/03/2010,25.99,25.99,25.31,25.39,816871
23/03/2010,25.74,26.07,25.74,25.85,861743
24/03/2010,26,26.05,25.5,25.62,597457
25/03/2010,25.57,25.88,25.39,25.65,1423162
26/03/2010,25.52,25.55,25.11,25.41,1167518
29/03/2010,25.33,25.49,25.16,25.25,815410
30/03/2010,25.6,25.61,25.33,25.5,624102
31/03/2010,25.52,25.75,25.41,25.45,1003975
01/04/2010,25.58,25.69,25.41,25.59,620469
06/04/2010,25.85,26.44,25.83,26.36,1318355
07/04/2010,26.44,26.94,26.36,26.72,1351571
08/04/2010,26.78,26.84,26.32,26.55,981320
09/04/2010,26.62,26.76,26.51,26.6,420930
12/04/2010,26.79,26.96,26.68,26.85,1082800
13/04/2010,26.9,26.92,26.75,26.83,1354168
14/04/2010,26.98,27.5,26.88,27.36,1604426
15/04/2010,27.5,27.69,26.91,27.5,1147532
16/04/2010,27.5,27.56,26.77,26.83,1115644
19/04/2010,26.62,26.62,26.27,26.47,1073025
20/04/2010,26.76,26.87,26.4,26.53,541252
21/04/2010,27.06,27.13,26.86,26.94,1024807
22/04/2010,27,27.19,26.73,27.1,926940
23/04/2010,26.88,26.94,26.65,26.82,1023578
27/04/2010,26.85,27,26.6,26.8,1008535
28/04/2010,26.15,26.58,26.02,26.35,1750187
29/04/2010,26.35,26.68,26.2,26.43,1041169
30/04/2010,26.57,26.75,26.55,26.65,1194704
03/05/2010,26.49,26.7,25.88,26.68,842416
04/05/2010,26.76,26.78,26.02,26.16,802495
05/05/2010,25.32,25.94,25.2,25.89,1054662
06/05/2010,25.5,25.61,25.04,25.47,1025169
07/05/2010,24.39,25.25,24.25,24.78,1623159
10/05/2010,25.3,25.46,24.9,25.46,1001938
11/05/2010,25.64,25.88,24.83,25.06,725622
12/05/2010,25.65,26.4,25.57,25.91,854508
13/05/2010,26.34,26.81,26.15,26.8,706949
14/05/2010,26.73,26.73,25.98,26.48,2419769
17/05/2010,26.08,26.19,25.5,25.55,895897
18/05/2010,25.83,25.94,24.67,25.05,1458229
19/05/2010,24.71,24.98,24.33,24.53,978128
20/05/2010,24.52,24.95,23.9,24.1,1091063
21/05/2010,23.07,23.69,22.8,23.45,2050026
24/05/2010,23.11,24.25,22.94,24.24,1428855
25/05/2010,23.95,24.19,23.16,23.21,1277114
26/05/2010,24.16,24.51,23.82,24.08,2404366
27/05/2010,24.1,24.95,23.96,24.5,2353007
28/05/2010,24.83,25.15,24.26,25.06,1138573
31/05/2010,25.1,25.4,24.47,24.67,776226
01/06/2010,24.42,24.66,23.91,24.48,926719
02/06/2010,24.48,24.59,23.51,23.8,1348814
03/06/2010,24.39,24.48,23.97,24.11,1159927
04/06/2010,24.22,24.97,24.13,24.26,1546867
07/06/2010,23.76,23.76,23.01,23.13,1457386
08/06/2010,23.01,23.39,23.01,23.25,2178622
09/06/2010,23.45,23.57,23.1,23.25,843161
10/06/2010,23.52,23.61,23.03,23.22,829752
11/06/2010,23.82,23.82,23.21,23.47,1274042
15/06/2010,23.65,23.97,23.33,23.67,1128543
16/06/2010,23.7,24.02,23.57,23.7,1180454
17/06/2010,23.65,23.79,23.03,23.11,1606805
18/06/2010,22.95,23.04,22.35,22.36,2402392
21/06/2010,22.84,22.85,22.4,22.54,1645690
22/06/2010,22.48,22.76,22.41,22.52,982548
23/06/2010,22.38,22.42,22.12,22.18,1358327
24/06/2010,22.28,22.39,22,22.02,711299
25/06/2010,21.7,21.87,21.5,21.8,1182675
28/06/2010,22.1,22.32,21.87,22.15,1280147
29/06/2010,22.32,22.83,22.1,22.12,1176600
30/06/2010,21.79,22.29,21.36,22.21,1225533
01/07/2010,22.15,22.15,20.8,21.2,1461981
02/07/2010,21.62,21.7,21.05,21.22,695081
05/07/2010,21.5,21.5,20.82,20.94,827616
06/07/2010,20.61,21.17,20.21,20.96,1922338
07/07/2010,21,21.36,20.92,20.94,1048735
08/07/2010,21.5,21.68,21.1,21.3,1324196
09/07/2010,21.6,21.73,21.29,21.52,1196116
12/07/2010,21.6,21.72,21.4,21.59,938300
13/07/2010,21.7,21.71,21.28,21.4,1271344
14/07/2010,21.7,21.85,21.56,21.85,1165911
15/07/2010,21.85,21.85,21.3,21.5,875756
16/07/2010,21.5,21.7,21.03,21.07,740007
19/07/2010,20.96,20.96,20.35,20.35,1361680
20/07/2010,20.35,20.66,19.95,19.98,3038430
21/07/2010,20.4,20.55,20.22,20.42,2308806
22/07/2010,20.65,21.48,20.6,21.27,1686249
23/07/2010,21.86,22.57,21.62,22.49,2218017
26/07/2010,22.52,22.6,22.03,22.45,1156741
27/07/2010,22.57,22.73,22.29,22.56,796122
28/07/2010,22.6,22.99,22.53,22.99,1112017
29/07/2010,22.9,23,22.64,22.96,610024
30/07/2010,22.86,23.23,22.67,23.14,1554774
02/08/2010,23.27,23.33,22.9,23.03,511625
03/08/2010,23.33,23.52,23.25,23.52,767294
04/08/2010,23.52,23.73,23.3,23.37,1064094
05/08/2010,23.49,23.49,23.29,23.4,899579
06/08/2010,23.44,23.48,23.28,23.4,602449
09/08/2010,23.23,23.86,23.2,23.74,685482
10/08/2010,23.7,23.74,23.2,23.3,778923
11/08/2010,23.1,23.15,22.54,22.61,932456
12/08/2010,22.2,22.23,21.91,22.03,1363332
13/08/2010,21.89,22.19,21.7,22.19,1394495
16/08/2010,21.82,22.19,21.76,22.13,781227
17/08/2010,22.2,22.37,22.05,22.35,1350837
18/08/2010,22.89,22.96,22.7,22.82,1175466
19/08/2010,22.84,23,22.63,22.89,1004562
20/08/2010,22.47,22.69,22.36,22.64,978849
23/08/2010,22.64,22.77,22.31,22.49,1049777
24/08/2010,22.37,22.49,22.14,22.24,737668
25/08/2010,21.49,21.49,20.08,20.2,3563969
26/08/2010,20.6,21.48,20.42,21.12,3999292
27/08/2010,21.07,21.08,20.8,21.07,1864467
30/08/2010,21.36,21.53,21.01,21.17,857997
31/08/2010,20.75,21,20.74,20.77,1817011
01/09/2010,20.85,21.25,20.8,21.25,1798216
02/09/2010,21.78,21.86,21.44,21.7,1542722
03/09/2010,21.8,21.91,21.6,21.9,1132678
06/09/2010,21.96,22.22,21.6,22.18,1396510
07/09/2010,22.17,22.89,22.13,22.69,1278017
08/09/2010,22.63,22.75,22.46,22.5,1234694
09/09/2010,22.74,23,22.66,22.94,1015392
10/09/2010,22.98,23.28,22.96,23.05,980725
13/09/2010,23.2,23.32,23.08,23.19,768062
14/09/2010,23.2,23.35,22.97,23,900753
15/09/2010,23.18,23.34,23.05,23.34,872716
16/09/2010,23.3,23.34,22.66,22.86,2428385
17/09/2010,22.91,23.34,22.85,23.23,946454
20/09/2010,23.19,23.44,23.12,23.36,734731
21/09/2010,23.5,23.6,22.99,23.03,1255668
22/09/2010,22.84,22.99,22.51,22.71,670102
23/09/2010,22.51,22.58,22.16,22.22,1358907
24/09/2010,22.08,22.26,21.54,22.01,2339536
27/09/2010,22.55,22.71,22.46,22.67,824297
28/09/2010,22.6,22.72,22.49,22.6,353692
29/09/2010,22.9,22.9,22.65,22.69,578500
30/09/2010,22.8,22.8,22.25,22.25,1098473
01/10/2010,22.46,22.46,21.82,22.13,631543
04/10/2010,22.29,22.87,22.22,22.6,468789
05/10/2010,22.5,23.32,22.27,23.05,1611395
06/10/2010,23.45,24.17,23.32,24.1,2209805
07/10/2010,23.83,23.9,23.43,23.55,1486400
08/10/2010,23.3,23.4,22.86,23.15,1100351
11/10/2010,23.51,23.58,23.23,23.3,672357
12/10/2010,23.02,23.1,22.75,22.87,985527
13/10/2010,23.04,23.21,22.86,22.94,982694
14/10/2010,23.1,23.35,23.06,23.26,989935
15/10/2010,23.15,23.4,23.15,23.28,1138041
18/10/2010,23.39,23.48,23.27,23.41,1019486
19/10/2010,23.49,23.75,23.35,23.46,1136680
20/10/2010,23.3,23.39,22.94,23.33,622213
21/10/2010,23.6,23.61,23.4,23.48,9614469
22/10/2010,23.09,23.15,22.88,23.15,2332876
25/10/2010,23.2,23.35,23.12,23.19,1086366
26/10/2010,23.05,23.25,21.91,22.36,1901338
27/10/2010,22.06,22.86,22.06,22.61,2487992
28/10/2010,22.65,22.88,22.52,22.76,1033591
29/10/2010,22.85,23.04,22.71,22.95,2045035
01/11/2010,22.75,22.95,22.63,22.9,424730
02/11/2010,23.05,23.4,23.01,23.22,863147
03/11/2010,23.25,23.54,23.25,23.44,764133
04/11/2010,23.55,23.73,23.49,23.66,807945
05/11/2010,24.15,25.37,24.15,25.1,2713829
08/11/2010,25.35,25.49,25.26,25.31,1714091
09/11/2010,25.2,25.81,25.18,25.72,2194764
10/11/2010,25.5,25.8,25.19,25.42,1131302
11/11/2010,25.66,25.72,25.43,25.44,808044
12/11/2010,25.3,25.69,24.86,25.3,2067543
15/11/2010,25.42,26.5,25.36,26.41,2629866
16/11/2010,26.08,26.39,26.01,26.2,1371907
17/11/2010,25.35,26.14,25.35,25.9,1746165
18/11/2010,26.05,26.52,25.9,26.42,1304653
19/11/2010,26.65,27.04,26.48,26.96,1174673
22/11/2010,27.12,27.3,26.82,26.9,799101
23/11/2010,26.82,26.85,26.07,26.12,1295404
24/11/2010,25.63,25.86,25.47,25.63,1371808
25/11/2010,25.59,25.77,25.01,25.15,1438016
26/11/2010,25.55,26.06,25.37,25.72,1407105
29/11/2010,25.41,25.92,25.19,25.89,800458
30/11/2010,25.82,25.83,25.1,25.2,1297434
01/12/2010,25.02,25.65,24.81,25,1551736
02/12/2010,25.5,26.19,25.45,25.84,1430196
03/12/2010,26.35,26.84,25.97,26.64,1847045
06/12/2010,26.7,26.73,26.19,26.4,808552
07/12/2010,26.57,26.79,26.32,26.52,880222
08/12/2010,26.92,27.1,26.79,26.95,2219179
09/12/2010,26.81,27.1,26.65,27,1484126
10/12/2010,27.19,27.59,27.05,27.27,2622137
13/12/2010,27.57,27.59,27.18,27.2,541838
14/12/2010,27.06,27.56,27.06,27.45,1433132
15/12/2010,27.59,27.79,27.2,27.2,732057
16/12/2010,27.1,27.37,26.9,26.95,1802934
17/12/2010,26.88,27.27,26.88,26.91,1207586
20/12/2010,26.85,27.16,26.85,26.85,480308
21/12/2010,27.2,27.3,26.92,27.2,567850
22/12/2010,27.45,27.46,26.87,26.91,456895
23/12/2010,26.85,27.07,26.85,26.98,380872
24/12/2010,27.1,27.44,26.91,27.04,851256
29/12/2010,27,27.2,26.69,27.01,346959
30/12/2010,27.03,27.2,26.76,26.88,305884
31/12/2010,26.92,27.05,26.74,26.74,175102
04/01/2011,26.68,26.9,26.41,26.73,478757
05/01/2011,26.57,26.92,26.51,26.81,667965
06/01/2011,26.8,26.9,26.49,26.9,791616
07/01/2011,26.9,27.16,26.78,27.11,728829
10/01/2011,27.2,27.69,27.12,27.63,871331
11/01/2011,27.52,28.01,27.5,28.01,2015414
12/01/2011,28.15,28.17,27.7,27.94,829604
13/01/2011,28,28.47,27.8,28.47,1016510
14/01/2011,28.3,28.41,28.07,28.3,382470
17/01/2011,28.2,28.31,27.92,28.02,435269
18/01/2011,28,28.45,27.68,28.4,862529
19/01/2011,28.45,28.96,28.23,28.91,633183
20/01/2011,28.55,28.71,28.42,28.62,1250827
21/01/2011,28.5,28.68,28.1,28.28,1105527
24/01/2011,28.09,28.34,27.93,28.06,553057
25/01/2011,28,28.57,27.89,28.3,620050
27/01/2011,28.5,28.5,28,28.18,362680
28/01/2011,28,28.26,27.53,27.64,1053080
31/01/2011,27.3,27.84,27.13,27.65,642347
01/02/2011,27.28,28.29,27.28,28,667104
02/02/2011,28.58,28.67,28.37,28.59,801874
03/02/2011,28.36,28.73,28.27,28.6,906458
04/02/2011,28.51,28.91,28.4,28.88,696295
07/02/2011,28.9,29.73,28.84,29.46,956578
08/02/2011,29.69,30.19,29.39,29.77,1315875
09/02/2011,29.62,29.67,28.64,28.8,1402369
10/02/2011,28.6,29.3,28.6,29.19,641722
11/02/2011,29,29.1,28.52,28.52,740757
14/02/2011,29,29.73,28.82,29.45,1681772
15/02/2011,29.27,29.27,28.91,29.15,752636
16/02/2011,29,29.37,28.9,29.28,645866
17/02/2011,29.45,29.46,28.68,28.75,759836
18/02/2011,28.8,29.22,28.74,29.19,852049
21/02/2011,29.04,29.14,28.35,28.46,1076197
22/02/2011,28.65,28.66,28.01,28.34,793253
23/02/2011,28,29.23,27.71,29.19,1487041
24/02/2011,29,29.84,29,29.73,1472531
25/02/2011,29.5,30,29.4,29.95,2173187
28/02/2011,29.6,30.21,29.48,30.15,1082791
01/03/2011,30.16,30.73,30.16,30.58,2535409
02/03/2011,30.25,30.41,30,30.3,737886
03/03/2011,30.1,30.77,30.05,30.58,749983
04/03/2011,30.32,31,30.32,31,1302333
07/03/2011,31.27,31.39,30.98,31.06,901516
08/03/2011,30.58,31.67,30.21,31.35,1217440
09/03/2011,31.33,31.47,30.89,31.1,1050453
10/03/2011,31.02,31.27,29.91,29.99,1236675
11/03/2011,29.23,30,29.23,29.86,1223144
14/03/2011,29.55,29.66,29.18,29.46,942804
15/03/2011,29.51,29.53,28.72,28.92,839016
16/03/2011,28.33,29.46,28.33,29.01,1532615
17/03/2011,28.95,29.44,28.42,29.31,1722969
18/03/2011,29.55,30.31,29.44,30.09,1400513
21/03/2011,29.7,29.92,29.36,29.7,844099
22/03/2011,30.23,30.36,29.79,29.89,791364
23/03/2011,29.89,30.4,29.86,30.01,694652
24/03/2011,29.95,30.57,29.95,30.57,580962
25/03/2011,30.55,31.18,30.48,30.91,974013
28/03/2011,30.91,31.27,30.64,31.05,657897
29/03/2011,30.8,31.08,30.66,31.08,778464
30/03/2011,31.02,31.63,30.99,31.51,1828518
31/03/2011,31.29,31.48,30.81,30.98,752030
01/04/2011,30.85,31.29,30.84,31.19,617520
04/04/2011,31.3,31.66,31.28,31.4,609010
05/04/2011,31.49,31.5,31.27,31.31,1212898
06/04/2011,31.38,31.77,31.3,31.67,1398470
07/04/2011,31.99,33.23,31.91,33.1,3078986
08/04/2011,33.11,33.42,32.97,33.42,1523558
11/04/2011,33.1,33.61,33.05,33.41,769360
12/04/2011,32.96,33.25,31.8,31.88,1170821
13/04/2011,31.42,31.78,30.87,31.37,1613237
14/04/2011,31.25,31.4,30.64,31,1374736
15/04/2011,31.06,31.35,30.83,30.97,783819
18/04/2011,31.23,31.85,31,31.6,813140
19/04/2011,31.41,31.41,30.8,30.89,817269
20/04/2011,30.91,31.44,30.9,31.44,833856
21/04/2011,32,32.08,31.46,31.6,923098
27/04/2011,31.99,32,31.62,31.82,996962
28/04/2011,32.47,32.5,31.68,31.69,1256336
29/04/2011,31.4,31.49,30.2,30.35,1535427
02/05/2011,30.25,30.62,29.38,30.25,810062
03/05/2011,29.62,30.14,29.48,29.99,722555
04/05/2011,29.46,29.88,29.42,29.7,904797
05/05/2011,29.16,29.68,29.15,29.5,1105078
06/05/2011,29.05,29.32,28.77,28.83,1361064
09/05/2011,29.2,29.4,29.01,29.16,805023
10/05/2011,29.48,29.67,28.72,29.04,822013
11/05/2011,29.2,29.25,28.86,29.21,1149136
12/05/2011,28.68,28.85,28.4,28.4,983776
13/05/2011,28.5,28.84,28.1,28.62,578796
16/05/2011,28.6,28.77,28.4,28.67,822459
17/05/2011,28.65,29.04,28.49,28.85,734843
18/05/2011,28.76,29.07,28.65,28.92,563528
19/05/2011,29.67,29.83,29.33,29.7,1070904
20/05/2011,29.5,30.05,29.31,29.82,599413
23/05/2011,29.59,29.59,28.8,28.83,597622
24/05/2011,28.75,29.04,28.37,28.61,754448
25/05/2011,28.46,28.95,28.25,28.31,896888
26/05/2011,28.65,29.06,28.63,29.06,1563729
27/05/2011,29,29.55,28.93,29.49,1226625
30/05/2011,29.42,29.67,29.42,29.56,584969
31/05/2011,29.71,30.06,29.63,30,1009378
01/06/2011,30,30.4,29.8,30.28,1013175
02/06/2011,29.45,29.76,29.25,29.6,1651230
03/06/2011,29.5,29.58,29.2,29.46,635272
06/06/2011,29.15,29.69,29.15,29.38,594265
07/06/2011,29.13,29.19,28.85,29.11,497061
08/06/2011,28.93,29.16,28.53,29.11,1007974
09/06/2011,29,29.2,28.73,28.97,644054
10/06/2011,29.1,29.21,28.91,29.06,429210
14/06/2011,28.92,29.2,28.5,29.14,617268
15/06/2011,29.14,29.57,29.05,29.3,871063
16/06/2011,29.1,29.16,28.73,28.81,1142656
17/06/2011,28.81,29.01,28.46,28.7,872620
20/06/2011,28.84,28.94,28.1,28.28,1089220
21/06/2011,28.56,28.7,27.98,28.16,924157
22/06/2011,28.45,29.1,28.39,28.83,1073213
23/06/2011,28.61,29.04,28.61,28.9,599877
24/06/2011,29,29,28.41,28.65,1501327
27/06/2011,28.01,28.13,27.35,27.46,1050196
28/06/2011,27.5,27.67,26.67,26.86,2270464
29/06/2011,27.37,27.84,27.3,27.7,1915855
30/06/2011,28.16,28.43,27.99,28.24,912864
01/07/2011,28,28.26,27.68,27.83,807034
04/07/2011,28,28.16,27.68,27.82,636382
05/07/2011,27.77,27.95,27.5,27.52,972591
06/07/2011,27.71,27.78,27.26,27.37,910867
07/07/2011,27.25,27.96,26.87,27.29,1993594
08/07/2011,27.36,27.81,27.35,27.73,1390724
11/07/2011,27.58,28.2,27.51,27.92,1024526
12/07/2011,27.8,27.99,27.43,27.72,1855214
13/07/2011,27.68,28.35,27.68,28.28,1225332
14/07/2011,28.41,28.82,28.4,28.6,1330871
15/07/2011,28.65,28.84,28.45,28.53,1308784
18/07/2011,28.57,28.67,28.48,28.58,671775
19/07/2011,28.45,28.53,28.23,28.3,1376889
20/07/2011,28.8,28.9,28.57,28.74,822567
21/07/2011,28.98,29.32,28.89,29.09,766380
22/07/2011,29.25,29.32,28.94,28.98,798171
25/07/2011,28.83,29.1,28.3,28.31,757416
26/07/2011,28.54,29.3,28.5,29.25,1206947
27/07/2011,29.1,29.45,28.7,28.78,1415110
28/07/2011,28.4,28.5,28.18,28.5,864987
29/07/2011,28.3,28.38,27.21,27.51,2644445
01/08/2011,27.71,28.26,27.71,27.96,798008
02/08/2011,27.7,27.79,27.41,27.6,946107
03/08/2011,27.06,27.15,26.66,26.79,1551226
04/08/2011,26.53,26.58,25.74,25.79,1584481
05/08/2011,24.49,24.53,23.685,24.21,2414852
08/08/2011,23.28,24.44,23.25,23.28,1838076
09/08/2011,22.1,24.08,21.13,23.93,2765535
10/08/2011,24.88,25.75,24.58,25.09,1648382
11/08/2011,24.34,25,24.18,24.6,1268551
12/08/2011,24.83,25.67,24.83,25.24,1182332
15/08/2011,25.57,26.34,25.5,26.19,1042915
16/08/2011,26.5,26.5,25.44,25.46,1040061
17/08/2011,25.84,25.9,25.3,25.58,1230521
18/08/2011,26.09,26.11,24.81,24.91,1044866
19/08/2011,24.11,24.38,23.7,23.7,915312
22/08/2011,24.13,24.43,23.3,23.3,889449
23/08/2011,23.34,23.85,23.26,23.7,1540153
24/08/2011,24.9,26.67,24.76,26.07,2479129
25/08/2011,26.9,27.21,26.36,26.49,1737385
26/08/2011,26.58,26.74,26.21,26.38,1456819
29/08/2011,26.29,27.16,26.21,26.65,1131517
30/08/2011,27.2,27.2,26.11,26.27,1243921
31/08/2011,26.58,27.3,26.21,27.2,1625802
01/09/2011,27.64,28,26.83,26.98,1712946
02/09/2011,26.94,26.98,26.47,26.83,1287318
05/09/2011,26.35,26.42,25.63,25.75,996762
06/09/2011,25.25,25.86,25.05,25.27,1365315
07/09/2011,25.49,25.8,25.26,25.8,1642271
08/09/2011,26.58,26.59,25.93,26.33,899312
09/09/2011,26.8,27.25,25.71,25.85,1050894
12/09/2011,24.82,24.91,24.47,24.52,1284984
13/09/2011,24.92,25.7,24.76,25.7,1027049
14/09/2011,25.4,25.79,24.3,24.58,1214464
15/09/2011,25.8,25.81,25.21,25.78,1252863
16/09/2011,26.4,26.99,26.29,26.91,1363017
19/09/2011,26.6,27.15,26.6,27.02,1249711
20/09/2011,26.68,27,26.1,26.29,1032818
21/09/2011,26.42,26.45,25.96,26.04,1423512
22/09/2011,25.8,25.9,24.86,25.32,1640660
23/09/2011,24.78,25.71,24.72,25.04,1282362
26/09/2011,25.4,25.44,24.31,24.45,1111210
27/09/2011,25.02,25.86,25.02,25.82,800759
28/09/2011,25.98,26.39,25.45,25.61,1423923
29/09/2011,24.93,25.57,24.67,25.4,952072
30/09/2011,25.95,26.75,25.79,26.3,1717039
03/10/2011,26.28,26.28,25.11,25.15,555017
04/10/2011,24.83,25.22,24.52,24.65,786376
05/10/2011,25.3,25.35,24.81,25.22,841067
06/10/2011,25.99,26.41,25.73,26,1266230
07/10/2011,26.3,27.24,26.27,26.87,1311158
10/10/2011,26.97,27.26,26.86,27.13,860612
11/10/2011,27.41,27.58,27.08,27.29,764965
12/10/2011,26.86,27.4,26.46,27.04,498899
13/10/2011,26.86,27.4,26.63,27.29,1193454
14/10/2011,26.8,27.38,26.77,27.16,717074
17/10/2011,27.35,27.78,27.25,27.68,448440
18/10/2011,27.2,27.61,26.87,27.3,892565
19/10/2011,27.65,27.93,27.53,27.85,705559
20/10/2011,27.87,27.87,27.5,27.81,929342
21/10/2011,27.95,28,27.58,27.8,1113644
24/10/2011,28,28.54,27.93,28.45,1059568
25/10/2011,28.22,28.59,27.95,28.06,956370
26/10/2011,27.4,27.79,26.95,27.64,2168279
27/10/2011,27.66,28.34,27.66,28.09,784438
28/10/2011,28.45,28.5,27.51,28.12,1327235
31/10/2011,27.64,28.25,27.4,27.86,655776
01/11/2011,27.55,27.87,27.55,27.69,463401
02/11/2011,27.07,27.69,26.69,27.53,800056
03/11/2011,27.38,27.63,26.98,27.37,746036
04/11/2011,28.4,28.44,27.8,27.91,917935
07/11/2011,27.8,28.24,27.76,28.09,594396
08/11/2011,28.11,28.39,28.02,28.15,631639
09/11/2011,28.49,28.94,28.24,28.38,1157570
10/11/2011,27,27.69,26.72,27.4,1136760
11/11/2011,27.6,27.68,27.03,27.22,1012137
14/11/2011,27.74,27.87,26.95,27.07,821146
15/11/2011,27.07,27.27,26.81,26.81,885360
16/11/2011,26.98,27.26,26.32,26.59,833671
17/11/2011,26.83,27.27,26.3,27.27,1077441
18/11/2011,26.59,26.79,26.41,26.66,822837
21/11/2011,26.62,26.92,26.51,26.9,469450
22/11/2011,26.3,26.96,26.25,26.74,870663
23/11/2011,26.43,26.86,25.9,25.99,770965
24/11/2011,25.65,25.78,24.87,25.09,1697747
25/11/2011,25.17,25.8,24.88,25.51,1424148
28/11/2011,25.59,26.21,25.45,25.65,726310
29/11/2011,25.86,26.16,25.58,25.94,868850
30/11/2011,25.8,25.8,25.1,25.59,1397764
01/12/2011,26.19,26.91,26.19,26.87,820107
02/12/2011,26.99,27.5,26.99,27.38,1128060
05/12/2011,27.54,27.73,27.22,27.33,688918
06/12/2011,27.64,27.75,26.84,26.85,840229
07/12/2011,27.25,27.275,26.76,26.82,614046
08/12/2011,26.88,27.26,26.55,27.1,820597
09/12/2011,26.55,27.29,26.5,26.82,682026
12/12/2011,27.24,27.44,27.03,27.3,487279
13/12/2011,26.86,27.25,26.81,27.21,935212
14/12/2011,27.35,27.53,27.31,27.39,711515
15/12/2011,27,27.47,26.34,26.66,1687169
16/12/2011,26.61,26.89,26.01,26.05,1221266
19/12/2011,25.87,25.87,24.94,25.1,653980
20/12/2011,25.46,25.76,25.1,25.56,851869
21/12/2011,26,26.27,25.89,26.17,597017
22/12/2011,25.61,25.99,25.21,25.49,1304008
23/12/2011,25.87,26.16,25.71,26.16,1177019
28/12/2011,26.16,26.52,25.98,26.48,536472
29/12/2011,26.04,26.3,25.46,25.95,401456
30/12/2011,26.04,26.06,25.53,25.67,233672
03/01/2012,26.11,26.18,25.68,25.8,440589
04/01/2012,26.43,27.07,26.31,26.99,641274
05/01/2012,26.58,26.69,26.1,26.42,597442
06/01/2012,26.5,26.53,25.92,26.28,390393
09/01/2012,26.22,26.43,25.99,26.37,363995
10/01/2012,26.31,26.91,26.11,26.91,1159008
11/01/2012,26.8,27,26.36,26.44,742940
12/01/2012,26.35,26.55,26.05,26.38,546432
13/01/2012,26.4,26.68,26.23,26.48,619786
16/01/2012,26.04,26.64,26.04,26.59,426854
17/01/2012,26.89,27.38,26.7,27.38,727712
18/01/2012,27.1,27.5,27.05,27.46,542178
19/01/2012,27.91,27.91,27.1,27.1,629185
20/01/2012,27.38,27.76,27.3,27.76,897379
23/01/2012,27.7,27.73,27.22,27.51,598526
24/01/2012,27.55,27.78,27.42,27.66,759554
25/01/2012,27.54,27.89,27.43,27.75,652523
27/01/2012,27.72,27.8,27.21,27.55,581227
30/01/2012,27.81,27.88,27.59,27.75,493873
31/01/2012,27.71,27.84,27.29,27.29,953177
01/02/2012,27.36,27.83,27.17,27.6,781417
02/02/2012,27.93,28.45,27.82,28.25,1613935
03/02/2012,28.25,28.36,28.02,28.21,932597
06/02/2012,28.45,28.68,28.32,28.57,805062
07/02/2012,28.6,29.07,28.5,28.67,612710
08/02/2012,28.69,28.98,28.52,28.68,488654
09/02/2012,28.79,28.9,28.6,28.79,565258
10/02/2012,28.72,28.79,28.24,28.4,829974
13/02/2012,28.37,28.42,28.03,28.17,847163
14/02/2012,27.97,28.38,27.84,28,1092222
15/02/2012,27.91,28.19,27.76,27.99,895043
16/02/2012,27.83,27.95,27.51,27.85,762950
17/02/2012,28.15,28.26,27.85,28.16,577149
20/02/2012,28.57,28.86,28.45,28.59,743033
21/02/2012,28.46,28.89,28.13,28.79,969614
22/02/2012,28.88,29.19,28.57,29.17,710085
23/02/2012,29.27,29.5,29.17,29.48,749769
24/02/2012,29.49,29.76,29.21,29.6,1291983
27/02/2012,29.66,29.9,29.4,29.73,735479
28/02/2012,29.78,29.99,29.59,29.8,814878
29/02/2012,28.75,29.37,28.67,29.37,2452152
01/03/2012,29.04,29.73,28.69,29.7,1576110
02/03/2012,29.8,29.8,29.21,29.37,857190
05/03/2012,28.55,28.8,28.48,28.73,1001743
06/03/2012,28.52,28.7,27.76,27.84,1971447
07/03/2012,27.68,28.35,27.64,28,1288263
08/03/2012,27.82,28.33,27.74,28.29,1262821
09/03/2012,28.45,29.17,28.44,28.85,1605568
12/03/2012,28.8,28.81,28.3,28.6,763739
13/03/2012,28.85,28.96,28.69,28.78,641854
14/03/2012,29,29.15,28.97,29.11,728337
15/03/2012,29.25,29.37,29,29.26,829042
16/03/2012,29.49,29.55,29.07,29.3,834890
19/03/2012,29.6,29.78,29.44,29.58,741875
20/03/2012,29.79,29.92,29.52,29.8,785705
21/03/2012,29.7,29.74,29.48,29.62,419090
22/03/2012,29.38,29.82,29.32,29.55,584160
23/03/2012,29.08,29.9,29.07,29.86,852524
26/03/2012,29.68,30,29.53,29.8,861294
27/03/2012,29.8,29.86,29.44,29.63,782875
28/03/2012,29.37,29.82,29.32,29.67,894585
29/03/2012,29.6,29.74,28.76,28.84,2712119
30/03/2012,28.8,29.11,28.52,28.63,2166058
02/04/2012,29,29.22,28.85,28.86,1101047
03/04/2012,29,29.57,28.94,29.43,1129553
04/04/2012,29.2,29.29,28.91,29.22,773292
05/04/2012,29.01,29.29,28.67,29.29,748167
10/04/2012,28.84,28.94,28.37,28.48,728392
11/04/2012,28.37,28.47,28.19,28.33,773516
12/04/2012,28.4,28.45,27.93,28.15,1346191
13/04/2012,28.85,28.96,28.61,28.76,1145588
16/04/2012,28.74,28.9,28.48,28.8,578166
17/04/2012,28.91,28.91,28.57,28.62,524389
18/04/2012,28.93,29.16,28.86,28.94,734673
19/04/2012,28.96,29.07,28.71,28.76,903288
20/04/2012,28.9,28.97,28.72,28.91,463854
23/04/2012,28.97,28.97,28.41,28.53,535321
24/04/2012,28.52,28.62,28.03,28.27,896958
26/04/2012,28.54,28.79,28.05,28.18,926870
27/04/2012,28.24,28.5,28.08,28.16,841698
30/04/2012,28.27,28.53,28.19,28.25,691475
01/05/2012,28.48,28.64,28.1,28.16,821097
02/05/2012,28.3,28.49,28.23,28.33,553521
03/05/2012,28.35,28.35,27.42,27.42,1771225
04/05/2012,27.11,27.45,26.78,27.25,1458072
07/05/2012,26.79,26.79,26.05,26.05,1023109
08/05/2012,26.5,26.77,26.18,26.6,1154061
09/05/2012,26.72,27.12,26.6,26.78,1742419
10/05/2012,26.75,26.87,26.31,26.57,987756
11/05/2012,26.86,26.9,26.39,26.67,737488
14/05/2012,27.08,27.25,26.82,27,711571
15/05/2012,26.86,26.86,26.16,26.44,950248
16/05/2012,26.37,26.37,25.35,25.59,1310945
17/05/2012,25.5,25.73,25.37,25.53,1003513
18/05/2012,25,25.16,24.8,25.06,1123645
21/05/2012,25.2,25.6,24.75,25,626535
22/05/2012,25.2,25.77,25.2,25.56,1454558
23/05/2012,25.46,25.54,24.96,25.19,1181431
24/05/2012,25.6,25.6,25.11,25.11,652452
25/05/2012,25.11,25.26,24.65,24.67,1192558
28/05/2012,24.62,25.36,24.62,25.28,652371
29/05/2012,25.15,26.3,25.15,26.25,2280580
30/05/2012,25.82,26.18,25.54,26.06,717964
31/05/2012,25.9,26.18,25.7,25.7,2250408
01/06/2012,26.01,26.01,25.13,25.26,807420
04/06/2012,24.36,24.65,24.18,24.47,676626
05/06/2012,25,25.19,24.93,25.15,1096328
06/06/2012,25.59,25.59,25,25.18,668623
07/06/2012,26.08,26.08,25.56,25.75,658439
08/06/2012,25.84,25.84,24.98,25.24,1233655
12/06/2012,25.74,25.78,25.26,25.53,686538
13/06/2012,25.56,25.66,25.02,25.5,674356
14/06/2012,25.6,25.65,25.01,25.19,429344
15/06/2012,25.35,25.69,25.21,25.38,591498
18/06/2012,25.8,26.16,25.64,26.01,446247
19/06/2012,25.5,25.77,25.39,25.77,841254
20/06/2012,26.09,26.33,25.87,25.98,1522607
21/06/2012,25.51,25.68,24.75,24.96,2036993
22/06/2012,24.97,25.15,23.98,24.17,1340774
25/06/2012,24.15,24.34,23.84,24.34,624373
26/06/2012,24.46,24.78,24.37,24.57,822497
27/06/2012,24.75,24.85,24.34,24.59,620483
28/06/2012,24.85,25.06,24.09,24.16,717538
29/06/2012,24.01,25.46,23.94,25.1,1199103
02/07/2012,25.43,25.59,25.28,25.48,1337481
03/07/2012,25.5,25.55,24.71,24.82,1655195
04/07/2012,25.13,25.41,25.05,25.36,1375630
05/07/2012,25.4,25.53,25.23,25.44,1442840
06/07/2012,25.05,25.15,24.54,24.99,967969
09/07/2012,24.69,24.79,24.57,24.68,735533
10/07/2012,24.81,24.87,24.5,24.66,761443
11/07/2012,24.6,24.61,23.93,24.24,863321
12/07/2012,24.36,24.41,24.1,24.23,747683
13/07/2012,24.53,24.57,24.11,24.33,529300
16/07/2012,24.49,24.92,24.31,24.81,550525
17/07/2012,24.73,25.41,24.68,25.18,555572
18/07/2012,25.1,25.1,24.5,24.74,467130
19/07/2012,25.14,25.57,25,25.57,679842
20/07/2012,25.47,25.65,25.23,25.65,416893
23/07/2012,25.03,25.16,24.65,24.82,445692
24/07/2012,24.61,25,24.5,24.75,298714
25/07/2012,24.5,24.65,24.31,24.65,541514
26/07/2012,24.77,25.29,24.6,25.1,623713
27/07/2012,25.38,25.85,25.14,25.78,562107
30/07/2012,25.95,26.13,25.75,25.88,421833
31/07/2012,26.01,26.43,25.87,26.09,650203
01/08/2012,25.6,25.83,25.43,25.66,520495
02/08/2012,25.56,25.95,25.5,25.59,501936
03/08/2012,25.46,25.86,24.97,24.98,540650
06/08/2012,25.46,25.68,25.34,25.55,295464
07/08/2012,25.65,25.94,25.57,25.73,332919
08/08/2012,25.9,26.17,25.89,26.12,459824
09/08/2012,26.48,26.78,26.17,26.59,581257
10/08/2012,26.69,26.75,26.45,26.58,657888
13/08/2012,26.95,26.98,26.73,26.85,450182
14/08/2012,26.99,27.31,26.72,27.18,533074
15/08/2012,27,27.08,25.73,25.95,1066344
16/08/2012,26.23,26.32,26.02,26.18,637490
17/08/2012,26.35,26.43,26.13,26.21,1404615
20/08/2012,26.19,26.56,26.19,26.36,1327928
21/08/2012,26.46,26.95,26.35,26.53,722984
22/08/2012,26.9,26.94,26.37,26.5,596795
23/08/2012,26.8,26.99,26.48,26.58,525620
24/08/2012,26.29,26.48,26.13,26.48,387228
27/08/2012,26.56,26.87,26.17,26.35,379032
28/08/2012,26.6,26.78,25.87,26.2,680049
29/08/2012,25.43,26.67,25.15,26.32,1486740
30/08/2012,26.12,26.21,25.62,26.19,1460648
31/08/2012,26.05,26.73,25.84,26.52,1086791
03/09/2012,26.39,26.4,25.61,26,648607
04/09/2012,26.01,26.02,25.37,25.41,1204338
05/09/2012,25.15,25.3,24.88,25.15,1046291
06/09/2012,25.35,25.53,25.17,25.3,2021004
07/09/2012,25.55,25.75,25.41,25.5,1692718
10/09/2012,24.89,25.33,24.8,25.18,1404933
11/09/2012,25.17,25.74,25.14,25.66,1963716
12/09/2012,25.75,26.31,25.68,26.2,805072
13/09/2012,26.14,26.55,25.91,26.25,787910
14/09/2012,26.6,27.39,26.5,27.3,1919875
17/09/2012,27.4,27.87,27.06,27.51,1152470
18/09/2012,27.56,27.56,27,27.25,697045
19/09/2012,27.25,27.56,26.98,27.31,1403477
20/09/2012,27.59,27.73,27.13,27.59,1955326
21/09/2012,27.83,27.98,27.19,27.6,825376
24/09/2012,27.41,27.66,27.11,27.54,681651
25/09/2012,27.55,28.11,27.41,27.96,1148979
26/09/2012,27.85,27.92,27.43,27.75,1224623
27/09/2012,27.86,27.96,27.58,27.87,1192932
28/09/2012,27.55,28.4,27.49,28.29,1880631
01/10/2012,27.93,28.22,27.46,27.7,661035
02/10/2012,27.87,27.97,27.45,27.66,1063165
03/10/2012,27.49,27.57,27.37,27.48,683977
04/10/2012,27.23,27.5,27.18,27.39,741096
05/10/2012,27.5,27.53,27.43,27.49,753782
08/10/2012,27.48,27.48,27.04,27.18,560195
09/10/2012,27.18,27.51,27.16,27.42,997139
10/10/2012,27,27.49,26.95,27.48,620437
11/10/2012,27.25,27.56,27.24,27.48,667159
12/10/2012,27.16,27.24,26.52,26.68,1256628
15/10/2012,26.36,26.56,26.35,26.44,1037060
16/10/2012,26.98,26.98,26.595,26.65,962541
17/10/2012,27.18,27.39,26.94,27.19,1168045
18/10/2012,27.4,27.64,27.3,27.55,1715516
19/10/2012,27.5,27.59,27.02,27.4,972983
22/10/2012,27.02,27.11,26.88,26.99,1755517
23/10/2012,26.8,27,24.95,25.33,2554205
24/10/2012,24,24.37,23.12,23.86,7047045
25/10/2012,24.25,24.71,23.86,24.39,6079610
26/10/2012,24.4,24.74,24.4,24.67,3933881
29/10/2012,24.52,24.84,24.4,24.58,1574287
30/10/2012,24.55,25.02,24.55,24.88,1043443
31/10/2012,25.25,25.25,24.67,24.67,1295368
01/11/2012,24.73,24.97,24.67,24.75,888698
02/11/2012,24.75,24.89,24.6,24.83,872752
05/11/2012,24.61,24.72,24.56,24.62,1203896
06/11/2012,24.47,24.74,24.42,24.6,634683
07/11/2012,24.6,24.74,24.51,24.7,1064762
08/11/2012,24.4,24.58,24.38,24.53,910613
09/11/2012,24.53,25.12,24.42,25.06,1179973
12/11/2012,25.15,25.23,24.91,24.91,713770
13/11/2012,24.91,25.13,24.54,24.6,796077
14/11/2012,24.84,24.88,24.51,24.63,466597
15/11/2012,24.13,24.39,24.05,24.2,1446360
16/11/2012,24.19,24.29,23.98,24.06,797524
19/11/2012,24.3,24.42,24.11,24.35,568029
20/11/2012,24.65,24.79,24.53,24.69,617275
21/11/2012,24.6,24.745,24.4,24.55,807876
22/11/2012,24.59,25.18,24.52,24.61,695716
23/11/2012,24.69,24.71,24.34,24.55,699338
26/11/2012,24.45,24.55,24.35,24.44,479213
27/11/2012,24.4,24.77,24.25,24.77,604849
28/11/2012,24.85,24.85,24.32,24.52,577148
29/11/2012,24.3,24.66,24.27,24.51,638837
30/11/2012,24.53,24.75,24.49,24.56,1067357
03/12/2012,24.78,24.85,24.51,24.64,749168
04/12/2012,24.7,24.71,24.13,24.22,620943
05/12/2012,24.2,24.33,24.01,24.19,1046117
06/12/2012,24.01,24.09,23.44,23.53,1445984
07/12/2012,23.5,23.89,22.97,23.05,1825318
10/12/2012,23.05,23.4,23.01,23.01,1106442
11/12/2012,23.04,23.08,22.2,22.31,2630228
12/12/2012,22.4,23.26,22.38,22.97,1726638
13/12/2012,23,23.55,22.96,23.39,1443174
14/12/2012,23.15,23.31,22.98,23,939428
17/12/2012,23,23.22,22.98,23.01,599110
18/12/2012,23.2,23.43,23.11,23.3,628318
19/12/2012,23.5,23.81,23.41,23.59,872460
20/12/2012,23.47,23.62,23.44,23.55,1333849
21/12/2012,23.43,23.7,23.22,23.49,1527068
24/12/2012,23.71,23.88,23.45,23.57,297903
27/12/2012,23.5,23.81,23.5,23.71,295467
28/12/2012,23.96,24.09,23.81,23.84,330826
31/12/2012,23.57,23.77,23.36,23.36,209043
02/01/2013,23.43,23.84,23.42,23.79,395258
03/01/2013,24.2,24.39,24.08,24.3,856087
04/01/2013,24.36,24.36,23.95,24.01,407803
07/01/2013,24.39,24.41,24,24.06,334348
08/01/2013,24.35,24.37,24.12,24.21,798710
09/01/2013,24.41,24.45,24.25,24.41,870824
10/01/2013,24.44,24.44,24.25,24.31,1005882
11/01/2013,24.5,24.5,23.82,23.95,978190
14/01/2013,23.7,23.79,23.35,23.57,1263226
15/01/2013,23.76,23.87,23.63,23.8,637035
16/01/2013,23.81,24.12,23.81,24.07,637264
17/01/2013,24,24.2,23.905,24,983677
18/01/2013,24.29,24.3,23.9,24,549112
21/01/2013,24.17,24.29,24.09,24.23,677969
22/01/2013,24.35,24.35,24.02,24.14,611207
23/01/2013,24.35,24.39,24.135,24.21,561661
24/01/2013,24.1,24.42,24.1,24.33,580458
25/01/2013,24.3,24.34,24.03,24.32,758767
29/01/2013,24.52,25.34,24.41,25.32,4154982
30/01/2013,25.21,25.81,25.09,25.81,1651589
31/01/2013,25.5,25.58,25.23,25.23,1484234
01/02/2013,25.56,25.57,25.05,25.33,595005
04/02/2013,25.5,25.88,25.365,25.45,854121
05/02/2013,25.45,25.45,25.08,25.14,630482
06/02/2013,25.65,25.71,25.07,25.32,857346
07/02/2013,25.19,25.45,24.95,25.38,385514
08/02/2013,25.21,25.7,25.18,25.53,474638
11/02/2013,25.4,25.59,25.21,25.45,819585
12/02/2013,25.3,25.53,25.18,25.37,1414304
13/02/2013,24.47,25.88,24.47,25.82,2062737
14/02/2013,25.81,27.45,25.64,27.11,2358354
15/02/2013,26.72,26.87,26.39,26.64,1091833
18/02/2013,26.61,26.89,26.37,26.4,934294
19/02/2013,26.59,26.6,26.03,26.53,774967
20/02/2013,26.65,26.77,26.45,26.73,783660
21/02/2013,26.95,26.98,26.15,26.18,1122032
22/02/2013,26.78,27.03,26.36,26.75,1605969
25/02/2013,26.4,26.58,26.08,26.46,1437458
26/02/2013,26.2,26.3,25.81,26.14,494874
27/02/2013,26.49,26.55,26.11,26.3,555367
28/02/2013,26.55,26.72,26.12,26.64,779021
01/03/2013,26.59,26.59,25.96,26.19,845643
04/03/2013,26,26.19,25.65,25.89,564049
05/03/2013,26,26.14,25.42,25.6,735962
06/03/2013,25.35,25.93,25.35,25.72,743457
07/03/2013,25.98,26.42,25.56,25.74,639022
08/03/2013,25.82,25.82,25.29,25.49,758610
11/03/2013,25.55,25.98,25.49,25.78,504506
12/03/2013,25.8,25.99,25.23,25.31,545053
13/03/2013,25.62,25.73,25.04,25.26,732835
14/03/2013,25.41,25.52,24.76,24.76,575234
15/03/2013,25,25.87,24.91,25.74,1275722
18/03/2013,24.91,25.44,24.91,25.22,652599
19/03/2013,25.51,25.695,25.11,25.2,624102
20/03/2013,24.51,24.78,24.25,24.6,1102792
21/03/2013,24.66,24.88,24.08,24.47,1040925
22/03/2013,24.07,24.63,23.96,24.51,718070
25/03/2013,24.52,24.86,24.26,24.56,324240
26/03/2013,24.26,24.53,24.17,24.26,662440
27/03/2013,24.5,25.06,24.25,25,822079
28/03/2013,24.8,24.94,24.46,24.69,966423
02/04/2013,24.49,24.9,24.38,24.57,536474
03/04/2013,24.25,24.33,23.87,24.17,937435
04/04/2013,23.9,24.15,23.65,23.82,690286
05/04/2013,24,24.145,23.42,24,839935
08/04/2013,24.33,24.34,23.93,24,591198
09/04/2013,24.32,24.74,24.21,24.73,959121
10/04/2013,24.42,24.66,24.17,24.48,647412
11/04/2013,24.8,24.95,24.51,24.63,469294
12/04/2013,24.8,24.95,24.42,24.62,536408
15/04/2013,24.29,24.29,23.15,23.76,1156654
16/04/2013,23.15,23.21,22.82,23.19,997574
17/04/2013,23.4,23.44,23.06,23.12,747386
18/04/2013,23.37,23.37,21.74,21.78,1770077
19/04/2013,22,22.66,21.93,22.66,1843545
22/04/2013,22.72,23.13,22.53,22.86,1025372
23/04/2013,23.29,23.44,22.69,22.72,1433190
24/04/2013,23,23.47,22.9,23.35,1468258
26/04/2013,23.09,23.67,23.01,23.37,651693
29/04/2013,23.21,23.49,23.15,23.49,375912
30/04/2013,23.36,23.48,22.77,22.77,1213615
01/05/2013,22.8,23.25,22.43,22.5,678198
02/05/2013,22.61,22.68,22.21,22.31,579059
03/05/2013,22.66,22.97,22.34,22.5,793443
06/05/2013,22.62,23.23,22.6,23.15,660203
07/05/2013,23.4,23.71,23.31,23.61,866421
08/05/2013,23.9,24.19,23.81,23.82,898658
09/05/2013,23.48,24.13,23.3,23.96,1044083
10/05/2013,23.8,24.06,23.8,23.93,765002
13/05/2013,23.89,23.99,23.43,23.54,964667
14/05/2013,23.52,23.9,23.45,23.7,1334567
15/05/2013,24.02,24.23,23.12,23.36,1677083
16/05/2013,23.29,23.43,22.23,22.29,1362620
17/05/2013,19.35,20.35,18.89,19.5,4870647
20/05/2013,20,20.3,19.26,19.26,2690511
21/05/2013,19.32,19.62,19.1,19.45,1669830
22/05/2013,19.96,20.05,19.68,19.81,2019372
23/05/2013,19.8,20.62,19.62,20.62,2617084
24/05/2013,20.3,20.62,19.9,19.97,1571770
27/05/2013,19.8,20.36,19.8,20.14,839121
28/05/2013,20.02,20.1,19.54,19.73,1147134
29/05/2013,19.78,20.19,19.72,20.04,1131560
30/05/2013,20.1,20.7,20.09,20.7,1470984
31/05/2013,20.7,21.08,20.36,20.71,2039567
03/06/2013,20.71,20.84,20.25,20.35,456566
04/06/2013,20.12,20.49,20.12,20.39,530509
05/06/2013,20.01,20.3,19.83,20.08,732730
06/06/2013,19.58,19.65,19.18,19.2,1576908
07/06/2013,19.6,19.6,19.12,19.12,1046362
11/06/2013,19.2,19.53,19.13,19.27,843964
12/06/2013,19.15,19.53,19.11,19.4,1020194
13/06/2013,19.2,19.28,18.61,18.63,1355990
14/06/2013,19.1,19.9,19.09,19.66,1532502
17/06/2013,19.04,19.55,19.02,19.47,1207287
18/06/2013,19.68,19.75,19.16,19.3,611998
19/06/2013,19.67,20.22,19.67,19.88,931038
20/06/2013,19.75,19.8,19.01,19.3,1177618
21/06/2013,19.3,20.2,19.2,20.18,1168749
24/06/2013,19.35,19.61,19.33,19.48,1159962
25/06/2013,19.65,19.79,19.18,19.56,1124415
26/06/2013,19.38,19.82,19.26,19.43,982001
27/06/2013,19.43,20.08,19.35,19.99,1298713
28/06/2013,19.75,19.83,19.47,19.49,1810151
01/07/2013,19.5,19.68,19,19.13,1028472
02/07/2013,19.36,19.69,19.15,19.65,1117701
03/07/2013,19.6,19.6,19.18,19.43,877138
04/07/2013,19.75,20.1,19.74,19.95,1074088
05/07/2013,19.99,20.53,19.99,20.15,642766
08/07/2013,19.94,20.47,19.86,20.18,560624
09/07/2013,20.18,20.47,20.1,20.2,865689
10/07/2013,20.52,20.67,20.23,20.42,1261990
11/07/2013,20.74,21.07,20.57,20.98,901735
12/07/2013,21.24,21.58,21.09,21.5,916786
15/07/2013,21.63,21.84,21.12,21.48,738681
16/07/2013,21.49,21.84,21.33,21.61,581921
17/07/2013,21.74,21.77,21.38,21.53,799648
18/07/2013,21.75,21.79,21.59,21.75,1389651
19/07/2013,21.75,21.99,21.52,21.99,919901
22/07/2013,22.38,22.38,21.84,21.89,502028
23/07/2013,22,22.54,21.95,22.47,1015020
24/07/2013,22.42,22.45,21.835,21.97,991568
25/07/2013,21.75,21.87,21.54,21.87,1127019
26/07/2013,21.89,22.06,21.59,21.91,1651258
29/07/2013,21.75,21.9,21.54,21.88,425824
30/07/2013,21.8,21.93,21.64,21.85,446435
31/07/2013,21.98,22.21,21.95,22.03,687195
01/08/2013,22.38,22.45,21.83,22.06,768451
02/08/2013,21.97,22.03,21.68,21.98,1613105
05/08/2013,21.89,22.13,21.72,22.08,916310
06/08/2013,22.28,22.32,21.82,21.91,1228981
07/08/2013,21.57,21.75,21.34,21.34,1443670
08/08/2013,21.36,21.48,21.15,21.3,1280803
09/08/2013,21.14,21.36,20.74,20.84,2210467
12/08/2013,20.41,21.94,20.41,21.34,1193155
13/08/2013,21.35,22.05,21.22,21.9,1055887
14/08/2013,22.37,23.38,22.03,22.65,1982268
15/08/2013,22.18,22.85,22.16,22.64,1314447
16/08/2013,22.59,22.62,22.005,22.27,1123138
19/08/2013,22.25,22.96,22.19,22.85,1384898
20/08/2013,22.6,22.6,22.26,22.38,977826
21/08/2013,22.56,22.72,22.04,22.7,1341458
22/08/2013,22.25,22.55,22.05,22.3,831451
23/08/2013,22.4,23.3,22.4,23.11,1505614
26/08/2013,22.8,22.8,22.08,22.08,1480420
27/08/2013,22,22.14,21.55,21.97,1409294
28/08/2013,21.65,21.75,21.37,21.47,999868
29/08/2013,21.37,21.75,21.02,21.63,755307
30/08/2013,21.49,22.165,21.45,22.01,1376138
02/09/2013,22,22.5,22,22.44,615126
03/09/2013,22.11,22.395,22,22.28,874301
04/09/2013,22.05,22.28,21.97,22.1,485604
05/09/2013,22,22.08,21.755,21.8,666616
06/09/2013,21.8,22.18,21.8,22.17,1125607
09/09/2013,22.25,22.44,22.11,22.29,646593
10/09/2013,22.4,22.73,22.29,22.63,618330
11/09/2013,22.75,22.85,22.56,22.77,598202
12/09/2013,22.78,23.14,22.77,22.81,764144
13/09/2013,22.8,23.11,22.76,22.95,856186
16/09/2013,23.47,23.68,23.19,23.19,1075133
17/09/2013,22.94,23.27,22.94,23.03,394497
18/09/2013,23.18,23.27,22.72,23.07,769875
19/09/2013,23.28,23.49,22.685,23,1002458
20/09/2013,23.1,23.3,22.7,23.3,1799971
23/09/2013,23.01,23.32,22.82,23.32,797577
24/09/2013,23.2,23.65,23.2,23.53,1115263
25/09/2013,23.65,23.87,23.48,23.84,889392
26/09/2013,23.55,23.7,23.285,23.69,685265
27/09/2013,23.84,24.41,23.82,24.41,1476590
30/09/2013,23.98,24.54,23.95,24.32,982406
01/10/2013,24.3,24.38,23.58,23.65,725872
02/10/2013,23.65,23.665,23.27,23.5,760516
03/10/2013,23.4,23.79,23.21,23.48,486221
04/10/2013,23.3,23.47,23.13,23.34,533728
07/10/2013,23.1,23.57,22.83,23.13,552438
08/10/2013,22.95,23.05,22.43,22.76,1105850
09/10/2013,22.67,23.25,21.6,22.1,1710247
10/10/2013,21.9,22.41,21.51,22.41,836615
11/10/2013,22.63,22.75,22.03,22.15,744855
14/10/2013,21.83,22.17,21.72,22,498848
15/10/2013,22.18,22.25,21.8,22.21,661135
16/10/2013,22,22.16,21.9,22.04,541452
17/10/2013,22.33,22.47,22.1,22.15,804015
18/10/2013,22.25,22.475,22.22,22.42,417082
21/10/2013,22.55,22.67,22.46,22.59,364663
22/10/2013,22.5,22.67,22.41,22.58,318630
23/10/2013,22.6,22.73,22.19,22.19,831822
24/10/2013,22.28,22.59,22.14,22.37,663132
25/10/2013,22.5,22.56,22.27,22.5,756023
28/10/2013,22.35,22.5,22.07,22.14,1259235
29/10/2013,22,22.02,21.66,21.82,967585
30/10/2013,21.98,21.98,21.66,21.86,650788
31/10/2013,22,22.3,21.87,22.06,578425
01/11/2013,22.09,22.12,21.82,21.9,572273
04/11/2013,21.91,22.05,21.38,21.44,697284
05/11/2013,21.61,21.74,21.51,21.56,439654
06/11/2013,21.23,21.58,21.06,21.2,918689
07/11/2013,21.34,21.86,21.31,21.66,1428913
08/11/2013,21.7,21.73,21.36,21.55,652807
11/11/2013,22,22.15,21.9,22.06,786380
12/11/2013,22.06,22.7,21.91,22.69,1053358
13/11/2013,22.22,22.23,21.7,21.82,967517
14/11/2013,21.06,21.56,21.06,21.52,1084125
15/11/2013,21.52,21.88,21.42,21.73,690574
18/11/2013,22,22,21.45,21.74,365237
19/11/2013,21.4,21.79,21.39,21.59,695318
20/11/2013,18,18.19,16,16,8211860
21/11/2013,16.25,16.59,15.7,15.72,4142401
22/11/2013,16.2,16.4,15.91,16,2156553
25/11/2013,16.4,16.47,16.32,16.37,2108650
26/11/2013,16.37,16.42,16.11,16.11,3611218
27/11/2013,16.05,16.15,15.84,16.1,2024990
28/11/2013,16.19,16.39,16.13,16.19,1128889
29/11/2013,16.22,16.38,16.06,16.35,1700842
02/12/2013,16.43,16.54,16.22,16.45,1415830
03/12/2013,16.5,16.56,15.95,15.96,1297268
04/12/2013,15.95,16.54,15.95,16.5,1061116
05/12/2013,16.52,16.56,16.06,16.12,1009644
06/12/2013,16.16,16.35,15.9,16.11,675590
09/12/2013,16.09,16.18,15.81,15.85,582683
10/12/2013,15.81,15.97,15.74,15.77,729366
11/12/2013,15.69,15.69,15.16,15.4,1633123
12/12/2013,15.52,15.74,15.17,15.37,1489903
13/12/2013,15.2,15.5,15.08,15.43,1043560
16/12/2013,15.43,16.55,15.43,16.53,2453291
17/12/2013,16.48,16.48,15.92,16.1,1300807
18/12/2013,16,16.18,15.81,16,2035065
19/12/2013,15.89,16.12,15.63,15.8,2172528
20/12/2013,15.73,16.65,15.7,16.65,5920032
23/12/2013,16.75,16.94,16.42,16.57,923476
24/12/2013,16.5,16.88,16.45,16.79,645515
27/12/2013,16.9,16.9,16.58,16.8,503491
30/12/2013,16.83,16.87,16.6,16.79,521559
31/12/2013,16.64,16.76,16.59,16.6,473667
02/01/2014,16.77,16.98,16.55,16.85,570972
03/01/2014,16.6,16.73,16.52,16.68,548636
06/01/2014,16.7,16.83,16.545,16.64,358237
07/01/2014,16.61,16.63,16.27,16.32,779225
08/01/2014,16.38,16.58,16.35,16.35,646292
09/01/2014,16.5,16.58,16.33,16.58,419656
10/01/2014,16.6,16.6,16.37,16.45,779829
13/01/2014,16.38,16.92,16.375,16.84,1012223
14/01/2014,16.7,16.905,16.69,16.87,1699198
15/01/2014,17,17.23,16.945,17.11,1353654
16/01/2014,17.25,17.5,17.15,17.45,1160631
17/01/2014,17.21,17.74,17.18,17.28,2372404
20/01/2014,17.12,17.25,16.98,17.17,664597
21/01/2014,17.11,17.19,16.9,16.98,807480
22/01/2014,16.98,17.19,16.93,17.11,636856
23/01/2014,17.06,17.22,16.835,16.92,505207
24/01/2014,16.78,16.96,16.73,16.73,649381
28/01/2014,16.5,16.895,16.35,16.61,944795
29/01/2014,16.65,16.77,16.54,16.64,656156
30/01/2014,16.41,16.7,16.37,16.49,937150
31/01/2014,16.48,16.55,16.34,16.45,1255055
03/02/2014,16.37,16.38,16.13,16.26,847671
04/02/2014,16,16.17,15.85,15.86,1474014
05/02/2014,15.8,16.04,15.33,15.38,1482619
06/02/2014,15.39,15.7,15.39,15.61,855030
07/02/2014,15.63,15.76,15.55,15.66,752880
10/02/2014,15.66,15.86,15.62,15.74,744389
11/02/2014,15.68,15.81,15.56,15.65,545579
12/02/2014,15.62,15.85,15.61,15.7,823400
13/02/2014,15.6,15.71,15.55,15.57,651600
14/02/2014,15.62,15.79,15.59,15.69,970137
17/02/2014,15.85,15.85,15.68,15.75,925785
18/02/2014,15.75,15.8,15.65,15.73,513578
19/02/2014,15.8,15.82,15.51,15.51,771093
20/02/2014,15.51,15.75,15.5,15.54,1395342
21/02/2014,15.75,16.09,15.73,16.05,1092735
24/02/2014,16,16.07,15.66,15.79,1274727
25/02/2014,15.84,16.01,15.49,15.49,1013065
26/02/2014,16,17.16,15.72,17.13,3356027
27/02/2014,17.05,17.22,16.54,16.7,2044992
28/02/2014,16.9,16.97,16.62,16.81,1539000
03/03/2014,16.44,16.715,16.26,16.65,888992
04/03/2014,16.5,16.85,16.45,16.5,1097646
05/03/2014,16.7,16.74,16.26,16.3,1214812
06/03/2014,16.3,16.52,16.22,16.36,1048624
07/03/2014,16.48,17.02,16.43,16.93,1354170
10/03/2014,16.84,16.84,16.475,16.54,925471
11/03/2014,16.54,16.59,16.21,16.22,963990
12/03/2014,16.06,16.1,15.88,15.93,893052
13/03/2014,15.9,16.05,15.685,15.74,1275070
14/03/2014,15.55,15.57,15.36,15.36,1485639
17/03/2014,15.2,15.36,14.99,15,1618658
18/03/2014,15.25,15.46,15.17,15.2,785672
19/03/2014,15.15,15.31,15.08,15.19,964018
20/03/2014,15.31,15.39,15.055,15.1,1102695
21/03/2014,15.18,15.24,15.02,15.16,1239625
24/03/2014,15.05,15.19,14.99,15.19,850246
25/03/2014,14.94,15.02,14.82,14.85,1213067
26/03/2014,15.01,15.16,14.95,15.02,659745
27/03/2014,14.85,15.17,14.72,15.08,1372656
28/03/2014,14.94,15,14.82,14.93,1455208
31/03/2014,15,15.2,14.97,15.14,683740
01/04/2014,14.95,15.09,14.95,15.04,611917
02/04/2014,15.14,15.31,15.01,15.31,963188
03/04/2014,15.35,15.42,15.23,15.38,814582
04/04/2014,15.35,15.6,15.29,15.56,833331
07/04/2014,15.5,15.6,15.4,15.52,607577
08/04/2014,15.47,15.57,15.42,15.48,577578
09/04/2014,15.8,16.58,15.77,16.55,2286405
10/04/2014,16.6,16.78,16.38,16.6,2657398
11/04/2014,16.6,16.89,16.5,16.71,2392861
14/04/2014,16.7,16.74,16.39,16.44,1510979
15/04/2014,16.48,16.69,16.48,16.62,616349
16/04/2014,16.57,16.79,16.57,16.65,811840
17/04/2014,16.74,16.75,16.495,16.6,714983
22/04/2014,16.71,16.91,16.7,16.81,762113
23/04/2014,16.92,16.93,16.6,16.69,679941
24/04/2014,16.75,16.99,16.71,16.81,1373493
28/04/2014,16.8,16.94,16.7,16.79,513900
29/04/2014,16.7,16.825,16.6,16.63,911232
30/04/2014,16.77,16.81,16.535,16.81,956305
01/05/2014,16.92,16.95,16.4,16.49,683296
02/05/2014,16.3,16.35,16.18,16.28,764138
05/05/2014,16.32,16.58,16.29,16.52,332961
06/05/2014,16.54,16.54,16.35,16.45,403229
07/05/2014,16.25,16.42,16.1,16.3,734021
08/05/2014,16.4,16.5,16.22,16.3,861066
09/05/2014,16.46,16.53,16.3,16.45,856655
12/05/2014,16.5,16.54,16.18,16.37,553859
13/05/2014,16.5,16.54,16.4,16.45,657455
14/05/2014,16.57,16.57,16.39,16.42,573747
15/05/2014,16.32,16.44,16.19,16.29,817562
16/05/2014,16.17,16.22,16.08,16.16,658794
19/05/2014,16.07,16.12,15.54,15.6,926252
20/05/2014,15.62,15.67,15.385,15.55,622387
21/05/2014,15.59,15.69,15.13,15.4,1036648
22/05/2014,15.41,15.77,15.25,15.69,591723
23/05/2014,15.62,15.77,15.52,15.77,559323
26/05/2014,15.83,16.11,15.76,16.04,894866
27/05/2014,16.1,16.34,15.99,16.1,543067
28/05/2014,16.23,16.42,16.15,16.36,768016
29/05/2014,16.17,16.33,16.15,16.19,461061
30/05/2014,16.25,16.26,16.06,16.06,1541369
02/06/2014,16,16.2,16,16.13,530969
03/06/2014,16.04,16.09,15.85,15.87,960226
04/06/2014,16.08,16.08,15.73,15.8,1742604
05/06/2014,15.85,15.93,15.56,15.9,585526
06/06/2014,15.93,16.32,15.87,16.17,1089722
10/06/2014,16.21,16.28,16.16,16.23,411911
11/06/2014,16.2,16.23,16.01,16.1,566634
12/06/2014,16.05,16.08,15.71,15.79,1000834
13/06/2014,15.65,16.1,15.58,16.05,971734
16/06/2014,16.2,16.8,16.2,16.72,1118887
17/06/2014,16.49,16.7,16.37,16.7,710590
18/06/2014,16.53,16.95,16.53,16.83,1003336
19/06/2014,17.33,17.4,17.09,17.37,1786155
20/06/2014,17.37,17.44,17.19,17.21,1482844
23/06/2014,17.21,17.39,17.16,17.2,894820
24/06/2014,17.16,17.16,16.89,17.14,692955
25/06/2014,16.97,17.09,16.81,16.98,849258
26/06/2014,17.05,17.15,16.94,17.14,1007791
27/06/2014,17.25,17.36,17.12,17.26,1452567
30/06/2014,17.1,17.49,17.05,17.41,1401703
01/07/2014,17.49,17.53,17.22,17.47,904973
02/07/2014,17.77,17.86,17.33,17.51,971601
03/07/2014,17.7,18.63,17.63,18.61,1839395
04/07/2014,18.96,18.97,18.58,18.93,1710074
07/07/2014,18.9,18.9,18.73,18.78,580296
08/07/2014,18.62,18.76,18.55,18.71,943901
09/07/2014,18.5,18.52,18.32,18.46,905470
10/07/2014,18.53,18.62,18.47,18.54,1246840
11/07/2014,18.24,18.53,18.19,18.44,858546
14/07/2014,18.47,18.49,18.25,18.44,635910
15/07/2014,18.42,18.49,18.21,18.36,933746
16/07/2014,18.25,18.45,18.23,18.34,673553
17/07/2014,18.58,18.68,18.42,18.42,1099706
18/07/2014,18.37,18.52,18.09,18.22,1969915
21/07/2014,18.37,18.49,18.31,18.37,555918
22/07/2014,18.5,18.55,18.37,18.4,571891
23/07/2014,18.36,18.52,18.27,18.32,867818
24/07/2014,18.46,18.5,17.89,17.92,1229710
25/07/2014,18,18.17,18,18.15,1621416
28/07/2014,18,18.185,17.92,18.07,384510
29/07/2014,18,18.07,17.87,18.02,358229
30/07/2014,18.05,18.18,17.84,17.94,832530
31/07/2014,18,18.02,17.88,18,1074467
01/08/2014,17.81,17.86,17.57,17.62,733547
04/08/2014,17.65,17.69,17.46,17.57,342328
05/08/2014,17.51,17.72,17.33,17.63,932140
06/08/2014,17.57,17.57,17.2,17.31,598455
07/08/2014,17.21,17.44,17.21,17.41,429223
08/08/2014,17.1,17.31,16.74,16.96,1419079
11/08/2014,16.94,17.08,16.92,16.99,901550
12/08/2014,17.05,17.29,17.03,17.22,865051
13/08/2014,16.98,17.27,16.97,17.16,617313
14/08/2014,17.12,17.31,17.06,17.27,673978
15/08/2014,17.36,17.39,17.08,17.09,443411
18/08/2014,17.1,17.39,17.1,17.3,407459
19/08/2014,17.48,17.72,17.4,17.65,746371
20/08/2014,17.78,17.85,17.43,17.57,731187
21/08/2014,17.85,17.9,17.47,17.48,780179
22/08/2014,17.58,17.595,17.32,17.39,512896
25/08/2014,17.43,17.55,17.07,17.17,629546
26/08/2014,17.26,17.34,16.98,17.18,595471
27/08/2014,17.82,18.77,17.34,17.88,2119041
28/08/2014,17.4,17.5,17.06,17.08,1367096
29/08/2014,16.8,16.99,16.37,16.44,2335452
01/09/2014,16.66,16.96,16.58,16.66,1033453
02/09/2014,16.65,16.88,16.62,16.88,793677
03/09/2014,16.8,16.8,16.22,16.23,826358
04/09/2014,16.24,16.36,15.9,15.96,958813
05/09/2014,16,16.24,15.68,15.75,876061
08/09/2014,15.61,15.81,15.43,15.79,657925
09/09/2014,15.86,15.99,15.83,15.91,522832
10/09/2014,15.9,16.14,15.81,15.91,1040239
11/09/2014,16.25,16.36,16.07,16.17,1169230
12/09/2014,16.17,16.25,16.04,16.23,1150365
15/09/2014,16.01,16.04,15.88,15.93,539761
16/09/2014,15.89,16.23,15.89,16.19,950437
17/09/2014,16.25,16.365,16.09,16.18,1360660
18/09/2014,16.41,16.45,15.94,16.14,1424827
19/09/2014,16.15,16.31,15.98,16.05,1260332
22/09/2014,15.9,16.03,15.59,15.66,705876
23/09/2014,15.66,15.86,15.44,15.86,741809
24/09/2014,15.56,15.83,15.54,15.81,552276
25/09/2014,16.04,16.11,15.88,15.88,990022
26/09/2014,15.76,15.76,15.5,15.59,1599815
29/09/2014,15.5,15.7,15.37,15.5,660680
30/09/2014,15.41,15.52,15.28,15.34,1059867
01/10/2014,15.2,15.33,15.11,15.25,1248473
02/10/2014,15.1,15.21,15,15.16,991475
03/10/2014,15.13,15.24,15.03,15.16,477560
06/10/2014,15.2,15.22,15.02,15.11,290456
07/10/2014,15.12,15.21,14.93,15.14,1090063
08/10/2014,15.06,15.18,14.94,15.03,963481
09/10/2014,15.19,15.5,15.18,15.22,946485
10/10/2014,14.77,14.8,14.63,14.7,1380494
13/10/2014,14.45,14.45,14.27,14.33,1168075
14/10/2014,14.03,14.66,14.03,14.65,970292
15/10/2014,14.46,14.51,14.19,14.32,1954133
16/10/2014,14.05,14.26,14,14.21,2089633
17/10/2014,14.5,14.5,14.12,14.12,918794
20/10/2014,14.37,14.37,14.09,14.1,974031
21/10/2014,14,14,13.47,13.5,3216515
22/10/2014,13.59,13.67,13.51,13.61,2549268
23/10/2014,13.48,13.53,13.41,13.5,1751494
24/10/2014,13.69,13.84,13.66,13.67,1474697
27/10/2014,13.6,13.74,13.56,13.61,1820159
28/10/2014,13.64,13.65,13.18,13.25,2136042
29/10/2014,13.35,13.6,13.33,13.47,2624216
30/10/2014,13.52,13.75,13.52,13.7,2457910
31/10/2014,13.73,13.73,13.54,13.56,1880151
03/11/2014,13.53,13.63,13.27,13.31,1226148
04/11/2014,13.34,13.75,13.33,13.39,734714
05/11/2014,13.29,13.29,12.66,12.7,1755111
06/11/2014,12.65,12.88,12.65,12.66,1378728
07/11/2014,12.76,12.97,12.73,12.89,2083891
10/11/2014,12.91,13.15,12.85,13.04,1265531
11/11/2014,13.25,13.25,12.87,12.9,1164749
12/11/2014,12.85,12.9,12.75,12.78,1142956
13/11/2014,12.85,12.86,12.56,12.56,1254123
14/11/2014,12.5,12.56,12.28,12.42,604087
17/11/2014,12.42,12.49,12.23,12.37,651384
18/11/2014,12.46,12.64,12.4,12.55,1039824
19/11/2014,12.52,12.52,12.12,12.15,865719
20/11/2014,12.08,12.29,12.065,12.14,841233
21/11/2014,12.07,12.37,12.04,12.32,877978
24/11/2014,12.48,12.62,12.39,12.57,680309
25/11/2014,12.7,12.75,12.25,12.5,1492330
26/11/2014,12.49,12.75,12.35,12.57,1181542
27/11/2014,12.45,12.46,11.85,11.89,1229058
28/11/2014,11.41,11.47,10.845,11.12,2092066
01/12/2014,10.96,10.99,9.7,10.12,2110304
02/12/2014,10.22,10.46,10.18,10.2,2783185
03/12/2014,10.08,10.51,10.08,10.26,2031233
04/12/2014,10.26,10.57,10,10.57,1514553
05/12/2014,10.63,10.92,10.32,10.54,1092969
08/12/2014,10.6,10.68,10.39,10.43,880880
09/12/2014,10.2,10.23,9.92,10.04,1875266
10/12/2014,9.9,9.9,9.52,9.71,1429305
11/12/2014,9.2,9.47,9.04,9.47,1904601
12/12/2014,9.2,9.525,9.13,9.33,1837102
15/12/2014,9.15,9.29,9.07,9.11,1448910
16/12/2014,8.95,9.01,8.74,8.8,1772863
17/12/2014,9,9.11,8.84,8.99,1262880
18/12/2014,9.21,9.74,9.21,9.69,2583268
19/12/2014,9.8,9.87,9.55,9.61,2623647
22/12/2014,9.99,10.48,9.81,10.46,2355798
23/12/2014,10.5,10.5,9.87,9.98,1596715
24/12/2014,9.89,10.12,9.84,10.12,461802
29/12/2014,10.11,10.4,10.02,10.26,505159
30/12/2014,10.25,10.26,9.88,9.93,702854
31/12/2014,10,10.13,9.94,10.08,252698
02/01/2015,9.97,10.14,9.89,10.04,446156
05/01/2015,9.94,10.37,9.94,10.19,831273
06/01/2015,9.98,9.98,9.6,9.68,1087327
07/01/2015,9.5,9.51,9.12,9.23,1559288
08/01/2015,9.26,9.29,8.88,9.06,1107500
09/01/2015,9.2,9.37,9.1,9.34,1062559
12/01/2015,9.23,9.25,8.91,9.03,1250605
13/01/2015,8.9,9.18,8.88,9.13,1027411
14/01/2015,9,9,8.77,8.84,1647125
15/01/2015,8.88,9,8.83,8.91,1476365
16/01/2015,8.79,8.84,8.52,8.84,1780267
19/01/2015,9.06,9.3,9.06,9.13,1622237
20/01/2015,9.09,9.09,8.82,8.89,958714
21/01/2015,8.75,8.93,8.7,8.85,1616402
22/01/2015,8.98,9.25,8.94,9.1,2265226
23/01/2015,9.33,9.95,9.21,9.95,2028532
27/01/2015,9.8,9.9,9.58,9.68,2400270
28/01/2015,9.64,9.8,9.57,9.66,1601516
29/01/2015,9.37,9.7,9.27,9.65,1584286
30/01/2015,9.65,9.75,9.53,9.62,3743783
02/02/2015,9.78,9.85,9.57,9.58,1370685
03/02/2015,9.81,10.25,9.8,10.18,1930146
04/02/2015,10.55,10.76,10.27,10.42,2067474
05/02/2015,10.25,10.25,9.99,10.1,1703762
06/02/2015,10.35,10.45,10.15,10.17,1291307
09/02/2015,10.36,10.46,10.26,10.46,1154582
10/02/2015,10.53,10.75,10.48,10.51,1323457
11/02/2015,10.52,10.55,10.15,10.2,1366204
12/02/2015,10.31,10.33,10.03,10.16,1069764
13/02/2015,10.36,10.46,10.26,10.46,1043030
16/02/2015,10.52,11.57,10.49,11.53,1770911
17/02/2015,11.2,11.57,11.06,11.29,1171119
18/02/2015,11.29,11.68,11.27,11.5,1926568
19/02/2015,11.5,11.67,11.35,11.4,1225853
20/02/2015,11.49,11.49,11.15,11.31,637815
23/02/2015,11.32,11.49,11.25,11.48,1271530
24/02/2015,11.4,11.45,11.2,11.23,1100491
25/02/2015,11,11,9.56,9.86,5995408
26/02/2015,9.95,10.37,9.87,9.96,4133383
27/02/2015,9.88,10.04,9.65,10,2709940
02/03/2015,9.8,9.93,9.71,9.82,2037003
03/03/2015,9.9,10.1,9.82,10.05,2212621
04/03/2015,10.2,10.2,9.88,9.96,1356276
05/03/2015,9.99,10.03,9.9,9.93,1205968
06/03/2015,9.97,10.15,9.965,10.15,1608552
09/03/2015,9.98,9.98,9.64,9.69,1609151
10/03/2015,9.72,9.84,9.34,9.4,1347091
11/03/2015,9.25,9.375,9.08,9.22,1192176
12/03/2015,9.4,9.89,9.4,9.79,2905125
13/03/2015,9.92,10.19,9.89,10.12,3196869
16/03/2015,9.95,10.11,9.82,9.91,1586714
17/03/2015,10,10.25,9.92,10.04,1835315
18/03/2015,9.92,9.94,9.67,9.8,3052049
19/03/2015,9.93,10.12,9.86,9.99,1777480
20/03/2015,9.95,10.15,9.85,10.03,7265426
23/03/2015,10.12,10.27,9.97,9.98,3388894
24/03/2015,10.11,10.29,10.09,10.12,2466515
25/03/2015,10.19,10.31,10,10.05,1882186
26/03/2015,9.94,9.97,9.61,9.87,2112539
27/03/2015,9.99,10.12,9.73,9.79,1861075
30/03/2015,9.65,9.73,9.21,9.41,3021137
31/03/2015,9.57,9.74,9.41,9.55,2386890
01/04/2015,9.61,9.61,9.3,9.34,2191507
02/04/2015,9.49,9.49,9.18,9.28,1868880
07/04/2015,9.45,9.71,9.45,9.53,1726526
08/04/2015,9.65,9.97,9.64,9.94,2338092
09/04/2015,9.82,9.86,9.65,9.76,1496239
10/04/2015,9.75,9.77,9.6,9.7,1133369
13/04/2015,9.75,9.82,9.64,9.73,968851
14/04/2015,9.65,9.69,9.21,9.28,1899540
15/04/2015,9.41,9.6,9.35,9.5,2732686
16/04/2015,9.77,10.2,9.74,10.08,2940634
17/04/2015,10.25,11.53,10.25,10.96,6340608
20/04/2015,10.7,10.93,10.45,10.5,2941712
21/04/2015,10.7,10.84,10.55,10.7,2012424
22/04/2015,10.83,11.04,10.75,10.98,2763313
23/04/2015,11.14,11.35,11.06,11.2,2316808
24/04/2015,11.45,11.63,11.42,11.53,2516084
27/04/2015,11.88,11.91,11.75,11.85,1981305
28/04/2015,11.65,11.65,11.42,11.47,3189368
29/04/2015,11.45,11.53,11.33,11.41,1613289
30/04/2015,11.55,11.57,11.21,11.45,202548
01/05/2015,11.45,11.45,11.45,11.45,0
04/05/2015,10.4,10.48,10.05,10.35,5112501
05/05/2015,10.3,10.41,10.09,10.21,3288724
06/05/2015,10.26,10.4,10.09,10.24,1852598
07/05/2015,10.24,10.32,9.99,10.03,2187490
08/05/2015,10.2,10.2,9.83,9.88,2082251
11/05/2015,9.9,10.1,9.88,9.98,1644470
12/05/2015,10.13,10.13,9.93,10.08,1341087
13/05/2015,10.19,10.57,10.14,10.39,2197942
14/05/2015,10.2,10.38,10.2,10.32,1375303
15/05/2015,10.5,10.52,9.99,10.1,1354601
18/05/2015,10.22,10.35,10.08,10.28,1671303
19/05/2015,10.25,10.36,10.15,10.35,1753689
20/05/2015,10.18,10.2,9.94,10.09,1933645
21/05/2015,10.05,10.4,9.95,10.38,1257113
22/05/2015,10.42,10.88,10.41,10.84,1512723
25/05/2015,10.92,11.16,10.9,10.97,1424333
26/05/2015,10.9,11.06,10.9,11,920375
27/05/2015,10.78,10.99,10.69,10.9,1088169
28/05/2015,11,11.02,10.81,10.94,737192
29/05/2015,11,11.14,10.89,10.89,1868107
01/06/2015,10.77,10.88,10.42,10.73,1137592
02/06/2015,10.93,10.93,10.43,10.44,1306462
03/06/2015,10.44,10.54,10.32,10.39,955761
04/06/2015,10.34,10.46,10.05,10.1,1695733
05/06/2015,10.04,10.22,9.94,10.18,1475228
09/06/2015,10.22,10.405,10.17,10.19,937829
10/06/2015,10.24,10.39,10.12,10.35,2169576
11/06/2015,10.41,10.76,10.41,10.7,1166502
12/06/2015,10.53,10.67,10.24,10.67,985031
15/06/2015,10.58,10.67,10.44,10.65,1656603
16/06/2015,10.58,10.63,10.37,10.48,1215800
17/06/2015,10.3,10.66,10.3,10.6,1077408
18/06/2015,10.45,10.51,10.37,10.44,1758544
19/06/2015,10.47,11.05,10.47,11.05,3439627
22/06/2015,10.8,10.97,10.73,10.91,1359671
23/06/2015,11.09,11.09,10.91,10.96,1367347
24/06/2015,10.95,11.14,10.83,10.86,1381000
25/06/2015,10.7,10.88,10.64,10.88,1101527
26/06/2015,10.5,10.56,10.07,10.1,1442094
29/06/2015,10,10.08,9.89,9.93,1492731
30/06/2015,10,10.41,9.93,10.41,1824760
01/07/2015,10.65,10.68,10.4,10.62,1419838
02/07/2015,10.8,11.31,10.71,11.2,2039584
03/07/2015,11.18,11.2,10.83,10.98,1280869
06/07/2015,10.65,10.76,10.47,10.53,1268189
07/07/2015,10.4,10.42,10.14,10.27,1782593
08/07/2015,10.1,10.33,9.92,9.92,1590148
09/07/2015,9.71,9.9,9.33,9.8,2200763
10/07/2015,10.02,10.18,9.98,10.11,1511066
13/07/2015,10,10.03,9.79,9.84,1012858
14/07/2015,9.92,10.1,9.91,9.92,1046274
15/07/2015,10.04,10.13,10.02,10.05,1899783
16/07/2015,10.4,10.4,9.7,9.79,1741032
17/07/2015,9.85,9.93,9.71,9.89,1134295
20/07/2015,9.95,9.95,9.72,9.75,906176
21/07/2015,9.72,9.76,9.48,9.55,1232770
22/07/2015,9.57,9.67,9.465,9.47,2675745
23/07/2015,9.41,9.49,9.32,9.36,1786925
24/07/2015,9.35,9.5,9.35,9.4,2206730
27/07/2015,9.37,9.39,9.12,9.15,1564036
28/07/2015,9.07,9.24,8.87,9.21,2831690
29/07/2015,9.21,9.3,9.11,9.12,2361428
30/07/2015,9.24,9.43,9.165,9.42,3608526
31/07/2015,9.49,9.59,9.12,9.2,3277566
03/08/2015,9.15,9.24,8.84,8.86,1273112
04/08/2015,8.8,8.96,8.57,8.63,1862904
05/08/2015,8.63,8.79,8.58,8.75,1216583
06/08/2015,8.77,8.87,8.72,8.83,1490967
07/08/2015,8.76,8.89,8.75,8.76,1452392
10/08/2015,8.66,8.755,8.53,8.69,1066718
11/08/2015,8.75,8.8,8.35,8.44,1988090
12/08/2015,8.31,8.44,8.14,8.3,2312970
13/08/2015,8.36,8.45,8.25,8.26,1569196
14/08/2015,8.3,8.33,8.045,8.07,985800
17/08/2015,8,8.04,7.85,7.95,947329
18/08/2015,7.9,8.07,7.84,7.86,1503004
19/08/2015,7.91,7.95,7.8,7.92,1473674
20/08/2015,7.78,7.82,7.38,7.41,1718773
21/08/2015,7.34,7.66,7.11,7.5,1941800
24/08/2015,7.47,7.47,7.12,7.19,2158055
25/08/2015,7.14,7.76,7.11,7.65,3347918
26/08/2015,7.64,8.22,7.62,8.13,3024669
27/08/2015,8.2,8.5,7.54,7.7,3117524
28/08/2015,7.95,8.24,7.89,8.02,2351277
31/08/2015,7.85,8.01,7.46,7.51,2511366
01/09/2015,7.75,7.81,7.21,7.21,3154485
02/09/2015,6.94,7.07,6.9,7.03,3047160
03/09/2015,7.17,7.4,7.1,7.11,2024695
04/09/2015,7.2,7.25,6.91,6.94,1501857
07/09/2015,6.9,6.9,6.58,6.67,1199583
08/09/2015,6.67,6.88,6.65,6.73,1439889
09/09/2015,6.85,6.96,6.7,6.91,1704074
10/09/2015,6.65,6.7,6.4,6.44,1729646
11/09/2015,6.45,6.53,6.36,6.47,1521642
14/09/2015,6.6,6.6,6.19,6.3,1359449
15/09/2015,6.3,6.38,6.13,6.25,1879729
16/09/2015,6.31,6.44,6.28,6.42,1867741
17/09/2015,6.5,6.64,6.49,6.54,1931561
18/09/2015,6.5,6.55,6.37,6.5,2015863
21/09/2015,6.26,6.3,6.13,6.26,1030574
22/09/2015,6.26,6.44,6.25,6.34,1124015
23/09/2015,6.25,6.27,6.03,6.16,2073043
24/09/2015,6.16,6.28,6.1,6.18,1735525
25/09/2015,6.32,6.32,6.04,6.13,1436638
28/09/2015,6.15,6.24,6.06,6.24,638560
29/09/2015,6.01,6.03,5.81,5.86,1491347
30/09/2015,5.95,5.96,5.86,5.91,2416761
01/10/2015,6,6.275,6,6.24,1297327
02/10/2015,6.13,6.21,6.04,6.18,1507867
05/10/2015,6.21,6.58,6.19,6.46,1474050
06/10/2015,6.66,7.48,6.65,6.86,3077547
07/10/2015,6.98,7.35,6.97,7.25,3253395
08/10/2015,7.44,7.59,6.99,7.08,2905235
09/10/2015,7.23,7.65,7.2,7.65,1830545
12/10/2015,7.55,7.61,7.41,7.58,1139303
13/10/2015,7.36,7.41,7.15,7.19,1412305
14/10/2015,7.1,7.17,6.95,7.1,1487070
15/10/2015,7.19,7.42,7.16,7.34,1115744
16/10/2015,7.68,7.87,7.47,7.54,1551757
19/10/2015,7.68,7.69,7.23,7.25,1382998
20/10/2015,7.15,7.22,6.91,7,1948549
21/10/2015,6.93,7.21,6.9,7.2,1470161
22/10/2015,7.15,7.36,7.08,7.28,1039215
23/10/2015,7.47,7.48,6.99,7.02,2091588
26/10/2015,7.15,7.24,7.09,7.09,1302543
27/10/2015,7.15,7.19,6.64,6.65,2038554
28/10/2015,6.75,6.995,6.65,6.78,1553173
29/10/2015,6.93,7.05,6.6,6.63,1115893
30/10/2015,6.5,6.64,6.45,6.52,1981478
02/11/2015,6.4,6.55,6.26,6.47,1516261
03/11/2015,6.56,6.79,6.47,6.77,1102642
04/11/2015,6.95,6.99,6.7,6.75,1316206
05/11/2015,6.75,6.82,6.73,6.77,1732809
06/11/2015,6.73,6.73,6.35,6.39,2926112
09/11/2015,6.4,6.4,6.25,6.28,2142205
10/11/2015,6.25,6.3,6.155,6.2,1535483
11/11/2015,6.17,6.25,6.01,6.12,1996954
12/11/2015,6.03,6.03,5.71,5.91,2241393
13/11/2015,5.8,5.89,5.67,5.74,3021283
16/11/2015,5.6,5.76,5.525,5.55,2806382
17/11/2015,5.69,5.95,5.66,5.91,2627791
18/11/2015,5.96,6.25,5.96,6.22,2228509
19/11/2015,6.33,6.38,6.205,6.31,2283159
20/11/2015,6.28,6.34,6.14,6.18,1438795
23/11/2015,6.15,6.15,5.98,6.02,1883013
24/11/2015,6.01,6.2,6.01,6.04,1915689
25/11/2015,6.04,6.14,5.91,6.03,1505679
26/11/2015,6,6.04,5.91,6,1173969
27/11/2015,6.03,6.08,5.96,5.97,1530958
30/11/2015,5.89,5.95,5.74,5.8,25508500
01/12/2015,5.78,5.94,5.65,5.89,2413219
02/12/2015,5.78,5.87,5.73,5.75,1798937
03/12/2015,5.59,5.59,5.37,5.4,3717624
04/12/2015,5.25,5.4,5.18,5.32,1800974
07/12/2015,5.18,5.37,5.02,5.05,1477723
08/12/2015,4.95,4.97,4.63,4.68,3420350
09/12/2015,4.7,4.86,4.65,4.69,2566869
10/12/2015,4.75,4.81,4.56,4.58,2276944
11/12/2015,4.6,4.73,4.57,4.62,2244970
14/12/2015,4.5,4.53,4.21,4.26,2994420
15/12/2015,4.28,4.32,4.09,4.11,3892488
16/12/2015,4.05,4.35,4.03,4.28,3360627
17/12/2015,4.43,4.57,4.31,4.38,3484850
18/12/2015,4.28,4.39,4.2,4.32,4316420
21/12/2015,4.34,4.54,4.32,4.45,1882354
22/12/2015,4.61,4.61,4.37,4.42,1625006
23/12/2015,4.64,4.74,4.44,4.59,1933547
24/12/2015,4.8,4.8,4.65,4.67,729828
29/12/2015,4.65,4.77,4.57,4.73,1011010
30/12/2015,4.8,4.86,4.74,4.76,831011
31/12/2015,4.77,4.77,4.6,4.63,484065
04/01/2016,4.65,5,4.65,4.97,1547857
05/01/2016,5.05,5.07,4.81,4.89,2122807
06/01/2016,4.95,4.95,4.6,4.67,1818723
07/01/2016,4.5,4.57,4.32,4.39,3347511
08/01/2016,4.27,4.58,4.27,4.45,3822833
11/01/2016,4.3,4.385,4.205,4.37,2145496
12/01/2016,4.39,4.39,4.12,4.16,2209614
13/01/2016,4.17,4.35,4.13,4.35,1433050
14/01/2016,4.22,4.25,4.14,4.24,1760506
15/01/2016,4.38,4.47,4.21,4.27,1551162
18/01/2016,4.14,4.18,4.04,4.15,1139972
19/01/2016,4.11,4.125,3.97,4.02,1980531
20/01/2016,3.96,4,3.66,3.66,2173651
21/01/2016,3.76,3.79,3.62,3.63,2804676
22/01/2016,3.72,3.74,3.58,3.6,2993349
25/01/2016,3.71,3.79,3.56,3.73,2696093
27/01/2016,3.7,3.73,3.41,3.42,3116443
28/01/2016,3.44,3.5,3.28,3.32,2822474
29/01/2016,3.41,3.54,3.32,3.39,5137763
01/02/2016,3.46,3.6,3.42,3.57,2449720
02/02/2016,3.54,3.56,3.34,3.39,2427201
03/02/2016,3.32,3.4,3.19,3.21,1969684
04/02/2016,3.29,3.47,3.28,3.44,2543868
05/02/2016,3.35,3.41,3.27,3.34,1685426
08/02/2016,3.33,3.52,3.27,3.5,2299378
09/02/2016,3.35,3.37,3.28,3.31,2454614
10/02/2016,3.26,3.41,3.24,3.39,3338857
11/02/2016,3.43,3.45,3.25,3.29,2383897
12/02/2016,3.25,3.33,3.12,3.15,2895301
15/02/2016,3.25,3.3,3,3.11,3886908
16/02/2016,3.15,3.655,3.15,3.53,3402525
17/02/2016,3.67,3.78,3.41,3.57,4525669
18/02/2016,3.82,3.95,3.75,3.9,2435455
19/02/2016,3.75,3.81,3.66,3.71,2102196
22/02/2016,3.66,4.01,3.66,3.97,1789095
23/02/2016,4.06,4.47,4.05,4.21,3658527
24/02/2016,3.98,3.98,3.65,3.66,4518004
25/02/2016,3.83,4.2,3.83,3.99,3204246
26/02/2016,4.02,4.05,3.72,3.86,3247741
29/02/2016,3.9,4.22,3.9,4.2,2824585
01/03/2016,4.13,4.33,4.13,4.3,3436930
02/03/2016,4.45,5.1,4.36,5.05,4760057
03/03/2016,5.26,5.66,5.16,5.34,4839168
04/03/2016,5.25,6.05,5.25,5.92,3628471
07/03/2016,6.21,6.7,6.2,6.55,4438660
08/03/2016,6.8,6.8,5.92,5.93,4580074
09/03/2016,5.59,5.86,5.38,5.4,4416380
10/03/2016,5.7,5.82,5.49,5.51,3204257
11/03/2016,5.45,5.46,5.1,5.19,4084463
14/03/2016,5.3,5.68,5.26,5.45,2724263
15/03/2016,5.32,5.36,5.14,5.15,2548768
16/03/2016,5.1,5.35,4.98,5.3,2312616
17/03/2016,5.5,5.72,5.5,5.63,3162152
18/03/2016,5.8,5.9,5.43,5.6,10854540
21/03/2016,5.75,5.75,5.31,5.37,1649589
22/03/2016,5.5,5.68,5.48,5.66,2392019
23/03/2016,5.66,5.66,5.42,5.53,1800194
24/03/2016,5.38,5.72,5.36,5.64,2906567
29/03/2016,5.69,5.73,5.54,5.66,2511403
30/03/2016,5.7,5.7,5.47,5.6,1912823
31/03/2016,5.63,5.68,5.18,5.38,3488002
01/04/2016,5.29,5.3,5.04,5.14,2747803
04/04/2016,5.1,5.1,4.99,5,2590928
05/04/2016,4.88,5.06,4.87,4.92,2991608
06/04/2016,5.04,5.33,5.03,5.17,2397889
07/04/2016,5.3,5.47,5.29,5.43,2199947
08/04/2016,5.16,5.32,4.99,5.3,2562911
11/04/2016,5.5,5.59,5.44,5.58,1648552
12/04/2016,5.58,5.64,5.38,5.64,1781902
13/04/2016,5.7,6.255,5.68,6.23,4203188
14/04/2016,6.21,6.65,6.21,6.61,3461706
15/04/2016,6.55,6.57,6.16,6.31,3103813
18/04/2016,6.01,6.09,5.8,5.86,2767750
19/04/2016,6.07,6.3,6.06,6.26,1894741
20/04/2016,6.4,6.55,6.29,6.44,1823510
21/04/2016,6.75,7.14,6.64,7.07,3025033
22/04/2016,6.72,6.92,6.57,6.61,3461188
26/04/2016,6.41,6.64,6.23,6.52,2719498
27/04/2016,6.9,6.97,6.54,6.58,1905469
28/04/2016,6.8,6.9,6.59,6.9,1741994
29/04/2016,6.84,6.99,6.75,6.99,1717415
02/05/2016,6.82,7.05,6.79,7,1007190
03/05/2016,6.93,6.95,6.81,6.87,2339968
04/05/2016,6.66,6.66,5.83,5.86,4512502
05/05/2016,5.95,6.09,5.78,5.97,2873336
06/05/2016,5.8,5.88,5.64,5.74,2801360
09/05/2016,5.86,5.92,5.59,5.68,2054010
10/05/2016,5.5,5.54,5.35,5.38,2953870
11/05/2016,5.54,5.67,5.52,5.52,2499572
12/05/2016,5.65,5.82,5.65,5.77,2927471
13/05/2016,5.85,5.88,5.67,5.76,1752472
16/05/2016,5.79,5.89,5.73,5.77,1931950
17/05/2016,5.89,5.98,5.85,5.95,2185638
18/05/2016,5.95,6.23,5.83,6.1,2246468
19/05/2016,6.07,6.07,5.76,5.85,2248285
20/05/2016,5.88,6.09,5.88,6,1358415
23/05/2016,6.01,6.03,5.78,5.78,1426653
24/05/2016,5.74,5.75,5.655,5.66,1231191
25/05/2016,5.91,6.125,5.91,6.09,1922295
26/05/2016,6.36,6.66,6.36,6.37,3401331
27/05/2016,6.37,6.5,6.3,6.42,2401469
30/05/2016,6.55,6.74,6.42,6.62,1704832
31/05/2016,6.45,6.66,6.395,6.63,2309802
01/06/2016,6.45,6.95,6.44,6.92,3418319
02/06/2016,6.89,7.06,6.77,6.94,2388553
03/06/2016,7.1,7.235,7.05,7.2,2216147
06/06/2016,7.2,7.43,7.12,7.2,2070992
07/06/2016,7.32,7.52,7.27,7.44,2132926
08/06/2016,7.47,7.98,7.47,7.85,2718187
09/06/2016,8,8.08,7.85,7.95,3395744
10/06/2016,7.74,7.74,7.52,7.65,2536400
14/06/2016,7.32,7.51,7.25,7.34,2419859
15/06/2016,7.3,7.68,7.29,7.5,2033835
16/06/2016,7.62,7.63,6.94,7.09,2869618
17/06/2016,7.07,7.24,7.01,7.01,3215913
20/06/2016,7.21,7.73,7.15,7.69,2082172
21/06/2016,7.73,7.8,7.49,7.67,1799183
22/06/2016,7.6,7.8,7.53,7.75,1134891
23/06/2016,7.66,7.71,7.55,7.66,1164725
24/06/2016,7.65,7.96,7.14,7.18,3407684
27/06/2016,6.98,7.12,6.87,7.02,1971957
28/06/2016,6.66,6.84,6.53,6.82,2044262
29/06/2016,7.08,7.22,6.92,6.96,1983893
30/06/2016,7.02,7.42,6.92,7.2,2622328
01/07/2016,7.34,7.44,7.16,7.18,1443814
04/07/2016,7.06,7.56,6.95,7.5,1323399
05/07/2016,7.5,7.74,7.47,7.48,2021690
06/07/2016,7.25,7.315,7.15,7.31,1743386
07/07/2016,7.31,7.44,7.11,7.18,2136528
08/07/2016,6.97,7.36,6.87,7.36,1646035
11/07/2016,7.45,7.63,7.31,7.44,1164966
12/07/2016,7.45,7.63,7.44,7.55,1448244
13/07/2016,7.79,7.905,7.75,7.86,1608924
14/07/2016,7.87,7.95,7.54,7.65,1562990
15/07/2016,7.66,7.83,7.61,7.71,1061974
18/07/2016,7.8,7.97,7.78,7.88,1035067
19/07/2016,7.6,7.91,7.6,7.71,1498546
20/07/2016,7.75,7.84,7.58,7.66,1217726
21/07/2016,7.85,7.865,7.69,7.84,1263662
22/07/2016,7.86,8.13,7.73,8.05,1939518
25/07/2016,8,8,7.79,7.83,1563736
26/07/2016,7.7,7.73,7.54,7.6,2650382
27/07/2016,7.45,7.52,7.38,7.47,2301743
28/07/2016,7.26,7.44,7.26,7.42,2287602
29/07/2016,7.42,7.57,7.3,7.38,2746762
01/08/2016,7.33,7.64,7.29,7.59,1563498
02/08/2016,7.42,7.46,7.1,7.22,1846215
03/08/2016,7,7,6.81,6.92,2420378
04/08/2016,7.05,7.25,7.05,7.2,1801979
05/08/2016,7.27,7.54,7.2,7.5,1984582
08/08/2016,7.58,7.76,7.49,7.65,1019891
09/08/2016,7.63,7.845,7.63,7.75,1624260
10/08/2016,7.6,7.8,7.55,7.72,1534043
11/08/2016,7.5,7.69,7.46,7.66,1504061
12/08/2016,7.82,7.96,7.675,7.78,1449515
15/08/2016,7.79,7.8,7.6,7.68,653877
16/08/2016,7.74,7.97,7.73,7.82,1215107
17/08/2016,7.91,7.95,7.77,7.91,1030790
18/08/2016,7.95,8.75,7.91,8.69,3096343
19/08/2016,8.71,9.26,8.37,9.2,2876937
22/08/2016,9.3,9.53,9.04,9.2,2909399
23/08/2016,8.81,8.87,8.54,8.68,3314463
24/08/2016,8.64,8.94,8.22,8.45,3812464
25/08/2016,8.05,8.36,7.95,7.97,2913210
26/08/2016,7.9,8.1,7.84,7.93,2234069
29/08/2016,7.75,8.17,7.75,8.09,2325011
30/08/2016,8.1,8.55,7.99,8.42,2065994
31/08/2016,8.19,8.21,7.81,8.16,2862698
01/09/2016,7.93,8.095,7.87,7.96,1753662
02/09/2016,7.81,8.01,7.77,7.98,1262149
05/09/2016,8.04,8.2,7.97,8.11,1004506
06/09/2016,8.15,8.35,8.02,8.31,1088992
07/09/2016,8.25,8.42,8.2,8.34,1216439
08/09/2016,8.25,8.425,8.19,8.38,1637520
09/09/2016,8.39,8.57,8.26,8.37,1631720
12/09/2016,7.86,8,7.59,7.86,2698523
13/09/2016,7.95,8.06,7.61,7.66,2321784
14/09/2016,7.5,7.62,7.42,7.47,2025542
15/09/2016,7.29,7.43,7.21,7.43,2383519
16/09/2016,7.55,7.69,7.11,7.11,12887600
19/09/2016,7.15,7.2,7.01,7.115,796184
20/09/2016,7.14,7.345,7.09,7.17,3155173
21/09/2016,7.26,7.34,7.16,7.28,1111340
22/09/2016,7.41,7.75,7.41,7.66,2150104
23/09/2016,7.78,8.05,7.7,7.94,2846886
26/09/2016,7.75,7.93,7.67,7.85,998253
27/09/2016,7.76,7.87,7.66,7.78,1965302
28/09/2016,7.77,7.885,7.65,7.86,1936699
29/09/2016,8.3,8.48,8.24,8.45,2663264
30/09/2016,8.45,8.45,8.22,8.33,2469284
03/10/2016,8.45,8.46,8.25,8.44,887786
04/10/2016,8.45,8.485,8.34,8.45,1096446
05/10/2016,8.45,8.48,8.36,8.4,867367
06/10/2016,8.52,8.69,8.52,8.62,1670653
07/10/2016,8.66,8.84,8.66,8.77,1161497
10/10/2016,8.88,8.93,8.5,8.64,1285056
11/10/2016,8.87,9.2,8.81,9.18,2679854
12/10/2016,8.8,9.44,8.76,9.42,2176846
13/10/2016,9.35,9.43,9.08,9.19,1970098
14/10/2016,9.25,9.29,9.04,9.15,1524965
17/10/2016,9.13,9.3,8.97,9.18,1782519
18/10/2016,9.04,9.255,9.01,9.19,1146412
19/10/2016,9.28,9.31,8.93,9.05,1835179
20/10/2016,9.25,9.63,9.21,9.45,1774267
21/10/2016,9.36,9.42,9.19,9.27,2266523
24/10/2016,9.27,9.36,9.11,9.16,1533992
25/10/2016,9.26,9.28,8.8,8.85,2575224
26/10/2016,8.63,8.71,8.5,8.54,2013590
27/10/2016,8.45,8.49,8.24,8.28,2323479
28/10/2016,8.48,8.57,8.36,8.51,1780195
31/10/2016,8.28,8.56,8.2,8.5,1204285
01/11/2016,8.35,8.68,8.33,8.51,1302650
02/11/2016,8.44,8.44,8.12,8.18,1210705
03/11/2016,8.01,8.17,7.95,8.03,2795541
04/11/2016,7.97,8.03,7.93,8,1224123
07/11/2016,8,8.165,7.96,8.12,1708589
08/11/2016,8.3,8.47,8.28,8.41,1287707
09/11/2016,8.5,8.555,7.72,7.9,2886157
10/11/2016,8.45,8.77,8.43,8.68,3391148
11/11/2016,8.69,8.73,8.57,8.73,2542034
14/11/2016,8.7,8.74,8.49,8.57,1336950
15/11/2016,8.63,8.75,8.6,8.68,1503982
16/11/2016,8.98,8.985,8.75,8.83,1393273
17/11/2016,8.63,8.74,8.52,8.69,1211029
18/11/2016,8.7,8.71,8.54,8.69,1142145
21/11/2016,8.65,8.85,8.58,8.79,1043152
22/11/2016,8.95,9.3,8.94,9.22,3988075
23/11/2016,9.07,9.24,8.94,9.2,3267197
24/11/2016,9.22,9.3,9.01,9.05,2879520
25/11/2016,8.91,9.4,8.91,9.2,3538995
28/11/2016,9.2,9.26,8.98,9.15,4154301
29/11/2016,9.11,9.22,8.81,8.81,5958822
30/11/2016,8.8,8.82,8.63,8.65,2425784
01/12/2016,9.51,9.65,9.28,9.51,7338169
02/12/2016,9.69,9.77,9.565,9.59,5300089
05/12/2016,9.55,9.86,9.55,9.58,2745669
06/12/2016,9.73,9.8,9.58,9.61,2760538
07/12/2016,9.69,9.69,9.47,9.51,1473603
08/12/2016,9.54,9.685,9.51,9.64,1684881
09/12/2016,9.7,9.8,9.6,9.66,1579824
12/12/2016,9.82,9.88,9.67,9.74,3092408
13/12/2016,9.75,9.78,9.52,9.54,2213634
14/12/2016,9.75,9.75,9.52,9.55,2498408
15/12/2016,9.42,9.605,9.34,9.38,2474484
16/12/2016,9.6,9.6,9.4,9.51,3198404
19/12/2016,9.69,9.93,9.51,9.67,1696793
20/12/2016,9.81,9.84,9.49,9.52,1802883
21/12/2016,9.67,9.74,9.6,9.7,949144
22/12/2016,9.81,10.135,9.73,9.76,1790878
23/12/2016,9.97,9.97,9.67,9.76,1046349
28/12/2016,9.94,9.94,9.66,9.8,939699
29/12/2016,9.83,9.87,9.7,9.85,759425
30/12/2016,9.8,9.8,9.63,9.72,555977
03/01/2017,9.8,10.06,9.74,10.01,1744153
04/01/2017,9.99,10.04,9.85,9.91,929911
05/01/2017,10.01,10.25,10.01,10.15,990176
06/01/2017,10.21,10.35,10.18,10.2,1099886
09/01/2017,10.24,10.34,10.2,10.31,831420
10/01/2017,10.2,10.22,10.08,10.11,1104336
11/01/2017,10.2,10.23,10.03,10.12,1138141
12/01/2017,10.25,10.28,10.11,10.23,665430
13/01/2017,10.3,10.3,10.04,10.08,671266
16/01/2017,10.15,10.18,9.98,10.13,694794
17/01/2017,10.02,10.15,9.96,9.98,863423
18/01/2017,9.9,10.02,9.76,9.97,660083
19/01/2017,9.97,9.98,9.7,9.79,907576
20/01/2017,9.8,9.83,9.56,9.62,1006818
23/01/2017,9.8,9.96,9.47,9.51,1364255
24/01/2017,9.75,9.79,9.56,9.75,949631
25/01/2017,9.85,10.04,9.72,9.99,1254385
27/01/2017,10.11,10.24,9.94,10.16,1839156
30/01/2017,10.12,10.29,10.005,10.26,1441336
31/01/2017,10.02,10.04,9.83,9.89,1402430
01/02/2017,9.85,10.1,9.85,9.95,1064841
02/02/2017,10.1,10.12,9.92,10.01,1395874
03/02/2017,10,10.12,9.68,9.74,1677424
06/02/2017,9.89,9.89,9.54,9.57,1319755
07/02/2017,9.55,9.6,9.42,9.59,1298817
08/02/2017,9.55,9.68,9.41,9.48,1399168
09/02/2017,9.4,9.53,9.34,9.36,963920
10/02/2017,9.44,9.72,9.4,9.62,1237017
13/02/2017,9.55,9.75,9.43,9.69,1467847
14/02/2017,9.63,9.91,9.63,9.78,1182450
15/02/2017,9.93,10.17,9.925,10.12,2401600
16/02/2017,10.19,10.24,10.01,10.12,1388805
17/02/2017,10,10.03,9.78,9.86,1260308
20/02/2017,8.88,9.08,7.71,8.6,7983375
21/02/2017,8.25,8.35,7.93,8.16,7841239
22/02/2017,8.08,8.165,7.94,8.02,3586787
23/02/2017,7.99,8.02,7.875,8.02,4011734
24/02/2017,8.05,8.07,7.88,7.94,3332925
27/02/2017,7.84,8.1,7.75,8.07,2628771
28/02/2017,10.41,10.78,10.3,10.65,11192480
01/03/2017,10.52,10.68,10.15,10.22,4889050
02/03/2017,10,10.37,9.94,10.3,3570289
03/03/2017,10,10.37,10,10.34,1732651
06/03/2017,10.16,10.32,10.07,10.23,2184102
07/03/2017,10.12,10.34,10.12,10.24,2042417
08/03/2017,10.15,10.29,10.08,10.24,1549692
09/03/2017,10.09,10.15,10.09,10.14,1149102
10/03/2017,10.2,10.39,10.13,10.36,4351210
13/03/2017,10.32,10.35,10.16,10.26,2831288
14/03/2017,10.25,10.37,10.21,10.34,1258114
15/03/2017,10.21,10.34,10.2,10.33,1413670
16/03/2017,10.38,10.55,10.32,10.45,2093122
17/03/2017,10.5,10.53,10.36,10.39,1648640
20/03/2017,10.34,10.41,10.3,10.4,587732
21/03/2017,10.35,10.46,10.35,10.4,1187987
22/03/2017,10.3,10.39,10.285,10.32,2123330
23/03/2017,10.35,10.59,10.35,10.43,977886
24/03/2017,10.49,10.5,10.33,10.39,819658
27/03/2017,10.5,10.5,10.32,10.37,637703
28/03/2017,10.46,10.47,10.34,10.41,866066
29/03/2017,10.35,10.74,10.35,10.67,1210743
30/03/2017,10.6,11.03,10.58,11,1415721
31/03/2017,10.93,11.09,10.71,11.01,1641014
03/04/2017,10.87,10.94,10.47,10.57,1308467
04/04/2017,10.45,10.95,10.41,10.59,637189
05/04/2017,10.79,10.95,10.76,10.85,1302356
06/04/2017,10.85,10.86,10.625,10.72,759697
07/04/2017,10.65,11.08,10.65,11.04,1715211
10/04/2017,11.34,11.6,11.29,11.49,17573440
11/04/2017,11.53,11.76,11.42,11.72,1315607
12/04/2017,11.7,11.86,11.6,11.86,1075023
13/04/2017,11.8,11.85,11.59,11.73,2156341
18/04/2017,11.6,11.6,11.33,11.5,1942247
19/04/2017,11.34,11.41,11.28,11.39,1163577
20/04/2017,11.29,11.32,11.12,11.22,1612605
21/04/2017,11.08,11.29,11.08,11.29,1750553
24/04/2017,11.3,11.42,11.15,11.24,522128
26/04/2017,11.3,11.59,11.18,11.44,1041981
27/04/2017,11.25,11.39,11.11,11.34,815364
28/04/2017,11.35,11.35,11.22,11.32,574466
01/05/2017,11.29,11.29,11.07,11.2,556051
02/05/2017,11.2,11.295,11.12,11.26,683136
03/05/2017,11.21,11.29,10.97,11.12,660510
04/05/2017,11,11.22,10.93,11.2,796340
05/05/2017,11.01,11.03,10.57,10.64,1098388
08/05/2017,10.91,11.11,10.91,11.01,950724
09/05/2017,10.95,11,10.77,10.96,796067
10/05/2017,11.04,11.07,10.97,11.03,622791
11/05/2017,11.1,11.19,11.07,11.13,896131
12/05/2017,10.96,11.11,10.92,11,980753
15/05/2017,10.72,11.05,10.71,11.05,1129515
16/05/2017,11.29,11.37,11.24,11.32,903448
17/05/2017,11.21,11.37,11.21,11.32,1114253
18/05/2017,11.2,11.35,11.13,11.18,823333
19/05/2017,11.18,11.25,11.06,11.09,598163
22/05/2017,11.09,11.25,11.09,11.19,1092218
23/05/2017,11.25,11.26,11.11,11.2,588658
24/05/2017,11.3,11.72,11.3,11.67,1174561
25/05/2017,12.02,12.705,12.02,12.53,2763320
26/05/2017,12.2,12.65,12.13,12.44,1541275
29/05/2017,12.5,12.61,12.415,12.46,795617
30/05/2017,12.57,12.7,12.53,12.6,668896
31/05/2017,12.56,12.6,12.31,12.35,808670
01/06/2017,12.3,12.36,12.07,12.19,1388754
02/06/2017,12.4,12.42,12.125,12.2,1144058
05/06/2017,12.19,12.38,12.16,12.32,847769
06/06/2017,12.23,12.3,11.98,12.07,881951
07/06/2017,12.19,12.22,12,12.12,680019
08/06/2017,11.9,12.09,11.88,11.99,486249
09/06/2017,11.85,12.05,11.775,11.91,427076
13/06/2017,11.99,12.075,11.94,12.07,496985
14/06/2017,12.15,12.44,12.15,12.27,828251
15/06/2017,12.03,12.1,11.6,11.61,1574395
16/06/2017,11.52,11.77,11.39,11.4,1972519
19/06/2017,11.5,11.69,11.38,11.46,666915
20/06/2017,11.33,11.44,11.29,11.29,543397
21/06/2017,11.04,11.2,10.99,11.03,956066
22/06/2017,10.85,11.06,10.85,10.96,1177774
23/06/2017,10.95,11.135,10.9,11.08,471661
26/06/2017,11.01,11.15,10.9,10.93,480867
27/06/2017,10.84,11.08,10.73,11,729915
28/06/2017,10.83,10.99,10.74,10.93,562792
29/06/2017,11.15,11.37,11.07,11.36,747150
30/06/2017,11.2,11.29,11.175,11.22,1013554
03/07/2017,11.16,11.34,11.02,11.11,554187
04/07/2017,11.32,11.54,11.23,11.47,856154
05/07/2017,11.48,11.5,11.23,11.23,672601
06/07/2017,11.04,11.06,10.94,11.02,711871
07/07/2017,10.81,10.81,10.54,10.65,1262318
10/07/2017,10.65,10.83,10.45,10.73,534322
11/07/2017,10.57,10.765,10.57,10.7,573027
12/07/2017,10.91,10.91,10.65,10.7,591719
13/07/2017,10.69,10.74,10.495,10.6,573441
14/07/2017,10.8,11.525,10.78,11.33,1321678
17/07/2017,11.26,11.49,11.26,11.43,680906
18/07/2017,11.41,11.55,11.32,11.42,750313
19/07/2017,11.44,11.47,11.28,11.37,646799
20/07/2017,11.57,11.77,11.47,11.69,1071837
21/07/2017,11.51,11.68,11.475,11.59,592449
24/07/2017,11.36,11.51,11.28,11.41,721233
25/07/2017,11.45,11.64,11.425,11.47,664960
26/07/2017,11.8,11.9,11.74,11.78,561127
27/07/2017,11.83,11.88,11.78,11.8,467392
28/07/2017,11.75,11.83,11.48,11.6,868708
31/07/2017,11.83,11.89,11.69,11.78,491595
01/08/2017,11.96,12.03,11.77,12.01,1566156
02/08/2017,12.22,12.38,12.12,12.21,1330898
03/08/2017,12.2,12.42,12.14,12.24,851172
04/08/2017,12.23,12.37,12.16,12.2,648940
07/08/2017,12.38,12.52,12.3,12.41,548466
08/08/2017,12.38,12.43,12.15,12.31,607792
09/08/2017,12.15,12.3,12.04,12.25,415329
10/08/2017,12.15,12.39,12.15,12.23,395381
11/08/2017,11.99,12.2,11.93,12.06,558611
14/08/2017,12,12.21,11.96,12.19,523011
15/08/2017,12.19,12.2,11.82,11.88,561253
16/08/2017,11.85,12.02,11.78,11.87,572610
17/08/2017,11.88,12.22,11.78,12.16,926982
18/08/2017,11.89,11.95,11.79,11.89,773491
21/08/2017,11.91,12.14,11.89,12.08,537691
22/08/2017,12.19,12.19,11.92,12.1,573488
23/08/2017,11.8,12.99,11.55,12.72,2159548
24/08/2017,12.68,13.37,12.68,13.1,2313982
25/08/2017,12.98,13.43,12.9,13.4,2475474
28/08/2017,13.38,13.51,13.28,13.39,1041789
29/08/2017,13.21,13.57,13.09,13.56,1173477
30/08/2017,13.61,13.81,13.49,13.72,893645
31/08/2017,13.65,13.65,13.33,13.4,1080423
01/09/2017,13.38,13.445,13.26,13.3,504462
04/09/2017,13.23,13.53,13.23,13.43,510986
05/09/2017,13.5,13.5,13.23,13.33,473545
06/09/2017,13.21,13.74,13.21,13.66,635848
07/09/2017,13.72,13.9,13.68,13.79,544623
08/09/2017,13.7,13.8,13.34,13.4,618989
11/09/2017,13.23,13.42,13.22,13.29,560733
12/09/2017,13.3,13.35,13.11,13.27,370990
13/09/2017,13.3,13.66,13.3,13.54,674435
14/09/2017,13.53,13.71,13.51,13.6,459631
15/09/2017,13.49,13.565,13.12,13.13,1127542
18/09/2017,13.36,13.7,13.29,13.65,764303
19/09/2017,13.73,13.9,13.69,13.69,1158629
20/09/2017,13.33,13.56,13.33,13.53,582862
21/09/2017,13.74,13.77,13.58,13.59,711236
22/09/2017,13.64,13.71,13.36,13.53,343753
25/09/2017,13.56,13.65,13.17,13.24,694338
26/09/2017,13.31,13.64,13.3,13.42,719597
27/09/2017,13.49,13.75,13.42,13.58,706001
28/09/2017,13.64,13.78,13.61,13.69,534105
29/09/2017,13.57,13.58,13.35,13.5,1057712
02/10/2017,13.55,13.765,13.5,13.61,301093
03/10/2017,13.75,13.75,13.47,13.72,606634
04/10/2017,13.58,13.75,13.54,13.74,717388
05/10/2017,13.67,13.88,13.62,13.84,431864
06/10/2017,13.95,14.27,13.86,14.24,1246962
09/10/2017,14.24,14.24,14.24,14.24,0
10/10/2017,14.24,14.24,14.24,14.24,0
11/10/2017,14.5,14.83,14.14,14.32,1200552
12/10/2017,14.36,14.665,14.28,14.56,905612
13/10/2017,14.62,14.62,14.2,14.32,3864059
16/10/2017,14.4,14.5,14.23,14.44,2339429
17/10/2017,14.35,14.55,14.35,14.39,837213
18/10/2017,14.43,14.45,14.24,14.34,569199
19/10/2017,14.32,14.75,14.18,14.25,749978
20/10/2017,14.22,14.3,13.945,14.18,618636
23/10/2017,14.1,14.1,13.91,14.01,774482
24/10/2017,14,14.25,13.98,14.04,522593
25/10/2017,14.09,14.39,14.06,14.26,626171
26/10/2017,14.35,14.4,14.21,14.23,485458
27/10/2017,14.32,14.32,13.56,13.74,2076833
30/10/2017,13.95,14.05,13.77,14,1172835
31/10/2017,14.08,14.17,14.01,14.01,725045
01/11/2017,14.15,14.425,14.11,14.35,816762
02/11/2017,14.51,14.76,14.49,14.62,900510
03/11/2017,14.65,14.83,14.65,14.68,964613
06/11/2017,14.82,15.1,14.73,14.74,571502
07/11/2017,14.99,15.28,14.98,15.26,767521
08/11/2017,15.34,15.48,15.29,15.35,1355860
09/11/2017,15.49,15.67,15.33,15.4,807532
10/11/2017,15.44,15.59,15.11,15.17,506861
13/11/2017,15.24,15.37,15.17,15.2,361538
14/11/2017,15.14,15.22,14.915,14.95,713481
15/11/2017,14.71,14.81,14.3,14.3,1584345
16/11/2017,14.39,14.44,14.27,14.31,892325
17/11/2017,14.48,14.68,14.33,14.38,603801
20/11/2017,14.66,14.85,14.6,14.64,873176
21/11/2017,14.72,14.72,14.48,14.63,596093
22/11/2017,14.74,14.82,14.68,14.72,661092
23/11/2017,14.9,15.08,14.78,14.9,554879
24/11/2017,14.98,14.98,14.79,14.89,542793
27/11/2017,15.3,15.53,14.99,15.46,1106828
28/11/2017,15.38,15.59,15.28,15.38,708109
29/11/2017,15.46,15.6,15.21,15.24,512717
30/11/2017,15.25,15.25,14.935,15.02,807057
01/12/2017,15.29,15.34,15.06,15.16,550681
04/12/2017,15.36,15.47,15.13,15.18,440405
05/12/2017,15.01,15.15,14.92,15.02,575772
06/12/2017,15.01,15.01,14.55,14.68,799253
07/12/2017,14.56,14.76,14.36,14.56,646373
08/12/2017,14.52,14.68,14.43,14.52,397552
11/12/2017,14.53,14.55,14.28,14.35,560446
12/12/2017,14.34,14.42,14.11,14.11,1114194
13/12/2017,14.08,14.185,13.91,14.06,599248
14/12/2017,14.2,14.47,14.18,14.32,1482342
15/12/2017,14.33,14.34,14.05,14.11,860865
18/12/2017,14.1,14.3,13.88,13.94,594967
19/12/2017,13.97,14.19,13.79,14.14,820757
20/12/2017,14.15,14.39,14.13,14.32,487373
21/12/2017,14.13,14.64,14.1,14.55,962987
22/12/2017,14.64,14.78,14.55,14.56,708647
27/12/2017,14.6,14.745,14.56,14.65,266690
28/12/2017,14.72,14.74,14.44,14.64,443001
29/12/2017,14.65,14.7,14.35,14.35,374305
02/01/2018,14.15,14.5,14.15,14.36,463356
03/01/2018,14.25,14.455,14.22,14.37,327564
04/01/2018,14.57,14.67,14.39,14.6,488122
05/01/2018,14.65,14.84,14.54,14.79,499975
08/01/2018,14.83,15.05,14.83,14.9,483444
09/01/2018,14.92,14.98,14.73,14.8,773091
10/01/2018,14.89,14.95,14.3,14.49,784762
11/01/2018,14.32,14.43,14.15,14.28,712863
12/01/2018,14.24,14.41,14.17,14.23,506091
15/01/2018,14.3,14.43,14.02,14.12,875045
16/01/2018,14.1,14.33,14.03,14.26,731534
17/01/2018,14.45,14.7,14.27,14.28,712816
18/01/2018,14.37,14.44,14.1,14.17,605093
19/01/2018,14.17,14.24,14.075,14.18,517557
22/01/2018,14.33,14.56,14.265,14.42,612277
23/01/2018,14.59,14.73,14.52,14.67,597851
24/01/2018,14.75,14.83,14.62,14.65,505233
25/01/2018,14.71,14.9,14.62,14.73,528208
29/01/2018,14.92,14.95,14.57,14.83,605127
30/01/2018,14.62,14.75,14.52,14.64,865870
31/01/2018,14.48,14.6,14.32,14.53,1078135
01/02/2018,14.67,15.01,14.54,14.91,1072292
02/02/2018,14.91,15.37,14.91,15.26,1121806
05/02/2018,15,15,14.84,14.92,572830
06/02/2018,14.2,14.4,13.91,14,1599688
07/02/2018,14.22,14.67,14.21,14.6,1356601
08/02/2018,14.26,14.57,14.16,14.5,1049788
09/02/2018,14.04,14.19,13.85,13.94,1202013
12/02/2018,13.8,13.87,13.53,13.73,999322
13/02/2018,13.68,13.9,13.59,13.75,982046
14/02/2018,13.64,13.69,13.54,13.57,552510
15/02/2018,13.69,13.83,13.63,13.78,1100404
16/02/2018,13.81,13.89,13.67,13.74,481489
19/02/2018,13.73,14.3,13.73,14.12,628708
20/02/2018,13.99,14.24,13.99,14.2,352777
21/02/2018,13.95,15.44,13.86,15.2,2164258
22/02/2018,15.15,15.77,15.14,15.37,1572380
23/02/2018,15.47,15.56,15.24,15.39,1025527
26/02/2018,15.57,16.08,15.57,15.99,1289369
27/02/2018,16.13,16.15,15.62,15.66,1042668
28/02/2018,15.7,15.78,15.4,15.42,749484
01/03/2018,15.27,15.3,15.02,15.11,753313
02/03/2018,15,15.09,14.68,14.8,408819
05/03/2018,14.7,14.83,14.44,14.51,545482
06/03/2018,14.66,14.89,14.66,14.79,632230
07/03/2018,14.72,14.72,14.42,14.55,558295
08/03/2018,14.55,14.78,14.45,14.69,502441
09/03/2018,14.68,14.8,14.53,14.62,917540
12/03/2018,14.97,15.14,14.87,15.1,682782
13/03/2018,15.13,15.14,14.85,15.1,801413
14/03/2018,14.9,15.07,14.71,14.95,1050724
15/03/2018,14.99,15,14.855,14.93,639729
16/03/2018,14.95,15.01,14.77,14.85,938319
19/03/2018,15.01,15.05,14.88,14.92,469701
20/03/2018,14.8,14.8,14.57,14.65,667456
21/03/2018,14.62,14.79,14.57,14.58,533126
22/03/2018,14.51,14.94,14.5,14.87,632191
23/03/2018,14.6,14.64,14.4,14.59,659584
26/03/2018,14.49,14.6,14.36,14.49,404834
27/03/2018,14.38,14.65,14.36,14.6,441004
28/03/2018,14.42,14.55,14.17,14.28,459954
29/03/2018,14.15,14.36,14.15,14.35,942794
03/04/2018,14.08,14.41,14.08,14.14,548930
04/04/2018,14.05,14.16,13.84,13.94,503644
05/04/2018,13.83,14.12,13.82,14.01,403591
06/04/2018,13.92,14.15,13.83,14.09,336876
09/04/2018,14.07,14.07,13.85,13.91,287057
10/04/2018,13.88,14.31,13.86,14.27,462255
11/04/2018,14.48,15.055,14.41,14.97,1540374
12/04/2018,14.81,15.04,14.75,14.89,595009
13/04/2018,14.8,15.05,14.68,15.04,674387
16/04/2018,15.05,15.15,14.82,14.89,299010
17/04/2018,15.01,15.08,14.85,14.95,260593
18/04/2018,14.89,15.37,14.8,15.17,451085
19/04/2018,15.48,15.48,15.24,15.39,532905
20/04/2018,15.29,15.49,15.23,15.43,342415
23/04/2018,15.5,15.64,15.42,15.52,474456
24/04/2018,15.58,15.72,15.5,15.62,392595
26/04/2018,15.67,15.745,15.61,15.7,537259
27/04/2018,15.8,16.145,15.76,16.04,893212
30/04/2018,16.09,16.4,16.04,16.26,1358383
01/05/2018,16.2,16.4,16.15,16.33,541865
02/05/2018,16.39,16.67,16.21,16.39,2548407
03/05/2018,16.5,16.61,16.3,16.33,628920
04/05/2018,16.35,16.4,16.17,16.35,759640
07/05/2018,16.35,16.54,16.23,16.3,636406
08/05/2018,16.35,16.57,16.17,16.23,728979
09/05/2018,16.49,16.66,16.34,16.4,897886
10/05/2018,16.65,17.16,16.6,17.1,1422466
11/05/2018,17.14,17.52,17.14,17.38,651197
14/05/2018,17.48,17.66,17.37,17.45,357245
15/05/2018,17.5,17.66,17.39,17.45,524240
16/05/2018,17.52,17.62,17.35,17.55,746574
17/05/2018,17.54,17.91,17.48,17.84,614791
18/05/2018,18,18,17.62,17.66,416847
21/05/2018,17.66,17.8,17.55,17.72,198202
22/05/2018,17.64,17.7,17.3,17.38,331527
23/05/2018,17.4,17.4,16.92,16.98,414758
24/05/2018,16.77,17.19,16.76,16.97,454164
25/05/2018,16.81,16.89,16.57,16.78,813445
28/05/2018,16.55,16.55,16.19,16.2,691497
29/05/2018,16.14,16.25,16.08,16.21,775942
30/05/2018,16.1,16.2,15.92,16.13,749842
31/05/2018,16.5,16.83,16.46,16.6,1773475
01/06/2018,16.3,16.53,16.22,16.42,467291
04/06/2018,16.42,16.62,16.34,16.48,236280
05/06/2018,16.25,16.38,16.15,16.32,463891
06/06/2018,16.36,16.77,16.21,16.75,918073
07/06/2018,16.84,17.25,16.79,16.86,745063
08/06/2018,16.76,16.84,16.59,16.76,386930
12/06/2018,16.73,16.965,16.5,16.88,694620
13/06/2018,16.8,16.92,16.63,16.68,403043
14/06/2018,16.52,16.68,16.42,16.58,430334
15/06/2018,16.75,16.83,16.47,16.54,1269782
18/06/2018,16.41,16.6,16.34,16.57,529813
19/06/2018,16.71,16.98,16.675,16.77,579827
20/06/2018,17,17.05,16.61,16.88,571103
21/06/2018,17.25,17.47,17.09,17.39,932828
22/06/2018,17.4,17.4,16.81,16.85,634264
25/06/2018,17.04,17.28,17.02,17.23,838861
26/06/2018,17.05,17.24,17.03,17.17,514830
27/06/2018,17.2,17.5,17.19,17.36,937168
28/06/2018,17.49,17.76,17.38,17.7,1170768
29/06/2018,17.75,17.84,17.48,17.48,1375265
02/07/2018,17.78,18.14,17.77,17.83,538885
03/07/2018,17.83,18.04,17.78,17.9,485687
04/07/2018,18,18.14,17.74,17.88,745360
05/07/2018,18.06,18.37,17.88,18.05,679913
06/07/2018,18.07,18.32,17.81,18.28,463914
09/07/2018,18.31,18.33,18.11,18.2,440582
10/07/2018,18.25,18.36,18.12,18.17,462246
11/07/2018,18.2,18.23,18.03,18.1,386832
12/07/2018,17.79,17.93,17.64,17.78,702491
13/07/2018,17.9,17.92,17.79,17.83,534046
16/07/2018,17.99,18.11,17.84,17.94,338559
17/07/2018,17.6,17.76,17.25,17.35,617067
18/07/2018,17.53,17.58,17.32,17.35,399518
19/07/2018,17.45,17.785,17.38,17.69,852603
20/07/2018,17.86,18.05,17.73,17.99,488441
23/07/2018,17.97,17.97,17.63,17.7,439814
24/07/2018,17.69,18.02,17.65,17.9,602140
25/07/2018,18,18.18,17.97,18.1,545733
26/07/2018,18.19,18.34,18.14,18.26,447928
27/07/2018,18.37,18.7,18.3,18.42,666635
30/07/2018,18.39,18.5,18.28,18.37,378242
31/07/2018,18.35,18.42,18.12,18.38,567660
01/08/2018,18.5,18.9,18.42,18.45,591111
02/08/2018,18.46,18.59,18.27,18.36,491469
03/08/2018,18.56,18.69,18.46,18.64,448848
06/08/2018,18.69,18.75,18.5,18.71,350619
07/08/2018,18.77,18.84,18.68,18.73,534852
08/08/2018,18.86,18.92,18.67,18.84,709613
09/08/2018,18.81,18.88,18.7,18.81,504158
10/08/2018,18.8,18.85,18.14,18.36,617043
13/08/2018,18.24,18.43,18.2,18.3,265955
14/08/2018,18.55,18.55,18.14,18.24,413891
15/08/2018,18.34,18.53,18.22,18.46,505061
16/08/2018,18.24,18.27,17.635,17.82,803409
17/08/2018,18.12,18.33,18.07,18.19,662711
20/08/2018,18.21,18.27,17.73,17.82,1315777
21/08/2018,18.02,18.25,17.85,18.18,347989
22/08/2018,17.9,18.99,17.62,18.98,1657667
23/08/2018,19.03,20.39,18.74,20.09,2745309
24/08/2018,20.2,20.34,19.84,19.98,1102121
27/08/2018,19.96,20.3,19.86,20.04,974927
28/08/2018,19.91,20.51,19.83,20.36,1175429
29/08/2018,20.3,20.58,20.21,20.39,854549
30/08/2018,20.21,20.87,20.21,20.37,856072
31/08/2018,20.48,20.59,20.03,20.54,1171668
03/09/2018,20.62,20.73,20.31,20.55,1354634
04/09/2018,20.48,20.62,20.36,20.5,814092
05/09/2018,20.53,20.79,20.39,20.43,1153894
06/09/2018,20.3,20.41,19.73,19.9,949138
07/09/2018,19.5,19.64,19.34,19.6,543066
10/09/2018,19.47,19.88,19.42,19.6,785841
11/09/2018,19.9,20.45,19.62,20.42,708224
12/09/2018,20.44,21.12,20.42,20.99,874180
13/09/2018,20.8,20.9,20.55,20.56,2928617
14/09/2018,20.49,20.68,20.39,20.57,7530056
17/09/2018,20.64,20.805,20.43,20.65,753870
18/09/2018,20.41,20.57,19.875,19.94,544634
19/09/2018,20.14,20.205,19.96,20.14,772210
20/09/2018,19.98,20.21,19.9,20.04,905337
21/09/2018,19.85,19.92,19.64,19.65,1945778
24/09/2018,19.62,19.8,19.52,19.59,838205
25/09/2018,19.51,19.93,19.51,19.9,859357
26/09/2018,19.89,20.39,19.76,20.27,503427
27/09/2018,20.25,20.52,20.03,20.43,2181209
28/09/2018,20.6,20.77,20.32,20.43,850414
01/10/2018,20.12,20.38,20.12,20.29,248833
02/10/2018,20.33,20.56,19.9,20,948034
03/10/2018,20,20.51,20,20.21,606394
04/10/2018,20.21,20.81,20.2,20.38,587845
05/10/2018,20.28,20.61,20.11,20.41,433519
08/10/2018,20.24,20.36,19.88,20.2,457579
09/10/2018,19.94,20.06,19.72,19.85,536445
10/10/2018,19.7,20.09,19.64,19.88,586767
11/10/2018,19.3,19.3,18.85,18.85,711482
12/10/2018,18.1,18.74,18.02,18.61,884389
15/10/2018,18.23,18.35,17.87,18.27,551381
16/10/2018,18.25,18.31,17.89,17.97,738173
17/10/2018,18.25,18.5,18.175,18.44,729489
18/10/2018,18.42,18.42,18.11,18.4,533169
19/10/2018,18.1,18.125,17.75,17.84,666634
22/10/2018,17.84,17.84,17.84,17.84,0
23/10/2018,17.84,17.84,17.84,17.84,0
24/10/2018,15.88,16.06,15.66,15.81,13376430
25/10/2018,15.5,15.5,14.63,14.66,8925149
26/10/2018,14.9,15.07,13.88,14.24,5332625
29/10/2018,14.24,14.49,13.9,14.11,3209633
30/10/2018,13.95,14.78,13.69,14.53,5589207
31/10/2018,14.75,14.92,14.16,14.59,5741312
01/11/2018,14.5,14.8,14.22,14.29,2719300
02/11/2018,14.19,14.4,14.05,14.22,3688328
05/11/2018,14.05,14.53,13.91,14.04,3697815
06/11/2018,14.34,14.35,13.83,14.07,2127743
07/11/2018,14.12,15.85,13.87,15.54,9009808
08/11/2018,15.57,15.57,14.93,15.18,4137058
09/11/2018,15.29,15.48,14.835,15.22,2910458
12/11/2018,15.05,15.34,14.85,15.21,3649663
13/11/2018,14.94,15.205,14.74,14.96,3656620
14/11/2018,14.21,14.5,13.82,14.18,6627202
15/11/2018,14.28,14.82,14.23,14.79,3985452
16/11/2018,14.75,15.04,14.52,14.92,2575952
19/11/2018,15,15.24,14.75,15.01,2544826
20/11/2018,15.02,15.03,14.41,14.47,2935688
21/11/2018,13.9,13.93,13.345,13.44,6446618
22/11/2018,13.47,13.67,13.22,13.38,4267722
23/11/2018,13.3,13.57,13.05,13.33,3031485
26/11/2018,13.03,13.2,12.815,12.88,3276131
27/11/2018,13.04,13.26,12.88,13.11,5765391
28/11/2018,13.02,13.22,12.87,13.03,3389069
29/11/2018,13.08,13.23,12.94,13.19,3623408
30/11/2018,13.33,13.63,13.11,13.2,32519410
03/12/2018,13.6,14.01,13.45,14.01,4009400
04/12/2018,14.2,14.2,13.71,13.85,3367385
05/12/2018,13.7,13.78,13.415,13.5,2965891
06/12/2018,13.61,13.62,13.23,13.36,1841124
07/12/2018,13.5,13.51,12.84,13,3078147
10/12/2018,12.78,12.78,12.21,12.39,2907183
11/12/2018,12.39,12.52,12.15,12.43,6432281
12/12/2018,12.48,12.65,12.41,12.5,2339792
13/12/2018,12.5,12.74,12.22,12.57,3608408
14/12/2018,12.76,12.92,12.25,12.38,4467100
17/12/2018,12.31,12.6,11.97,12.53,2107172
18/12/2018,12.21,12.24,11.75,11.75,4330396
19/12/2018,11.38,11.64,11.21,11.37,5487282
20/12/2018,11.2,11.22,10.93,10.96,5238009
21/12/2018,11.03,11.17,10.72,10.76,8689340
24/12/2018,10.84,11.16,10.77,11.14,1427893
27/12/2018,11.45,11.7,11.2,11.42,2701828
28/12/2018,11.66,11.66,11.22,11.47,1046827
31/12/2018,11.4,11.58,11.36,11.42,974184
02/01/2019,11.4,11.68,11.32,11.34,1002096
03/01/2019,11.49,11.83,11.33,11.74,1569399
04/01/2019,11.64,11.64,11.38,11.58,1028362
07/01/2019,11.86,12.255,11.86,12.22,1787437
08/01/2019,12.35,12.92,12.23,12.78,3184518
09/01/2019,12.97,13.66,12.89,13.45,4127780
10/01/2019,13.55,13.69,13.145,13.39,2605242
11/01/2019,13.39,13.54,13.33,13.39,999438
14/01/2019,13.3,13.38,13.06,13.1,1829447
15/01/2019,13.09,13.34,13.05,13.31,1210668
16/01/2019,13.5,13.79,13.35,13.71,1900413
17/01/2019,13.75,13.76,13.47,13.6,1419266
18/01/2019,13.95,13.95,13.45,13.59,1122585
21/01/2019,13.9,14.08,13.655,13.73,1069262
22/01/2019,13.57,14.1,13.56,13.93,1285839
23/01/2019,13.51,13.645,13.37,13.46,1080491
24/01/2019,13.46,13.93,13.36,13.83,1035689
25/01/2019,13.82,14.185,13.82,14.07,1407745
29/01/2019,14,14.02,13.66,13.71,1280539
30/01/2019,13.65,13.91,13.42,13.49,1128740
31/01/2019,13.89,13.92,13.71,13.88,1853991
01/02/2019,13.98,14.17,13.78,14.11,899934
04/02/2019,14.25,14.8,14.21,14.47,1763029
05/02/2019,14.43,14.57,14.21,14.23,1319956
06/02/2019,14.25,14.44,14.1,14.39,1068775
07/02/2019,14.4,14.92,14.4,14.59,1342737
08/02/2019,14.22,14.45,14.035,14.13,2153201
11/02/2019,14.24,14.38,14.06,14.15,689759
12/02/2019,14.35,14.5,14.245,14.42,1786935
13/02/2019,14.78,15.13,14.71,15.07,2326307
14/02/2019,15.09,15.49,15.09,15.34,1797928
15/02/2019,15.2,15.48,15.18,15.28,1369012
18/02/2019,15.28,15.51,15.28,15.34,1009988
19/02/2019,15.23,15.34,15.01,15.13,1185375
20/02/2019,15.42,15.5,15.11,15.46,2157114
21/02/2019,15.4,15.45,14.71,14.78,1699896
22/02/2019,14.65,14.8,14.53,14.63,1504885
25/02/2019,14.84,15.19,14.71,15.18,1601207
26/02/2019,14.98,14.99,14.49,14.63,1321702
27/02/2019,14.57,14.94,14.56,14.92,1365826
28/02/2019,15.06,15.07,14.7,14.91,1557213
01/03/2019,14.97,14.97,14.7,14.79,1013350
04/03/2019,14.94,15.25,14.77,15.11,965451
05/03/2019,15.06,15.07,14.62,14.68,1832720
06/03/2019,14.89,14.89,14.51,14.59,1514966
07/03/2019,14.81,14.81,14.655,14.66,1447006
08/03/2019,14.67,14.67,14.31,14.37,1098169
11/03/2019,14.25,14.35,13.72,13.77,1232595
12/03/2019,13.98,14.31,13.95,14.07,1665360
13/03/2019,14.14,14.3,13.99,14.17,2011074
14/03/2019,14.34,14.73,14.29,14.65,1283444
15/03/2019,14.77,14.79,14.38,14.59,2173412
18/03/2019,14.7,14.78,14.42,14.73,785231
19/03/2019,14.74,14.87,14.52,14.76,1180123
20/03/2019,14.68,14.77,14.44,14.48,930602
21/03/2019,14.44,14.84,14.43,14.72,1811575
22/03/2019,15.01,15.055,14.8,14.85,1065790
25/03/2019,14.55,14.6,13.95,14.02,1046656
26/03/2019,14.22,14.25,13.69,13.85,1292537
27/03/2019,13.78,14.29,13.725,14.15,1147816
28/03/2019,14.05,14.17,13.94,14.11,1043835
29/03/2019,14.23,14.3,14.11,14.16,1843487
01/04/2019,14.38,14.45,14.24,14.37,961555
02/04/2019,14.57,14.89,14.5,14.75,1898535
03/04/2019,14.73,14.79,14.35,14.56,938570
04/04/2019,14.4,14.48,14.02,14.12,782175
05/04/2019,14.12,14.27,14.02,14.21,589830
08/04/2019,14.48,14.69,14.39,14.64,1996025
09/04/2019,14.78,14.98,14.66,14.95,1607470
10/04/2019,14.66,14.75,14.45,14.64,1165745
11/04/2019,14.78,14.81,14.6,14.71,818583
12/04/2019,14.78,14.79,14.56,14.7,1084462
15/04/2019,14.6,14.73,14.55,14.73,826285
16/04/2019,14.52,14.61,14.32,14.51,994853
17/04/2019,14.2,14.54,14.2,14.3,1225350
18/04/2019,14.39,14.53,14.34,14.48,541333
23/04/2019,14.73,14.99,14.69,14.97,1285538
24/04/2019,15,15.17,14.83,15.15,1883038
26/04/2019,14.94,14.99,14.38,14.47,1230641
29/04/2019,14.48,14.69,14.35,14.45,833560
30/04/2019,14.42,14.52,14.29,14.32,1310802
01/05/2019,14.35,14.82,14.34,14.71,1117137
02/05/2019,14.53,14.57,14.29,14.32,1530314
03/05/2019,14.25,14.28,13.86,13.95,1947457
06/05/2019,13.74,13.74,13.28,13.57,2167251
07/05/2019,13.91,13.91,13.46,13.51,971444
08/05/2019,13.37,13.53,13.3,13.47,2421994
09/05/2019,13.61,13.795,13.53,13.73,1483428
10/05/2019,13.92,13.96,13.68,13.78,789644
13/05/2019,13.94,13.94,13.56,13.62,698795
14/05/2019,13.42,13.53,13.27,13.34,1685065
15/05/2019,13.5,13.61,13.34,13.42,1665194
16/05/2019,13.55,13.93,13.49,13.9,1561165
17/05/2019,14,14.405,13.96,14.33,1277786
20/05/2019,14.45,14.45,14.03,14.23,1181525
21/05/2019,13.95,14.18,13.72,13.84,1225704
22/05/2019,13.82,13.98,13.81,13.91,1434811
23/05/2019,13.77,13.9,13.71,13.72,1300218
24/05/2019,13.36,13.44,13.2,13.28,2519943
27/05/2019,13.3,13.43,13.01,13.11,1192570
28/05/2019,13.3,14.14,13.2,14.14,2923400
29/05/2019,13.86,14.28,13.82,14.23,3068618
30/05/2019,13.87,14,13.38,13.51,1967482
31/05/2019,13.21,13.25,12.99,13.18,2259007
03/06/2019,12.88,12.9,12.65,12.73,2032490
04/06/2019,12.75,12.96,12.7,12.94,3091190
05/06/2019,13.39,13.57,13.04,13.14,4062382
06/06/2019,13.17,13.54,13.07,13.12,2085824
07/06/2019,13.39,13.46,13.17,13.39,2070377
11/06/2019,13.57,13.97,13.53,13.89,2172590
12/06/2019,13.82,14.1,13.82,13.88,2278784
13/06/2019,13.74,13.825,13.41,13.43,1540834
14/06/2019,13.65,13.84,13.58,13.74,1086181
17/06/2019,13.98,13.98,13.45,13.65,1017180
18/06/2019,13.88,13.92,13.65,13.72,2877516
19/06/2019,14,14.47,13.95,14.11,2187659
20/06/2019,14.19,14.47,13.97,14.35,2214671
21/06/2019,14.6,14.75,14.4,14.53,2992416
24/06/2019,14.5,14.62,14.36,14.54,969963
25/06/2019,14.42,14.56,14.25,14.44,890861
26/06/2019,14.34,14.62,14.34,14.4,1298754
27/06/2019,14.55,15.1,14.55,15.06,1698901
28/06/2019,14.68,14.82,14.52,14.71,1748711
01/07/2019,15.06,15.2,14.96,15.11,1875469
02/07/2019,15.29,15.73,15.23,15.55,2548032
03/07/2019,15.12,15.39,15,15.27,1315089
04/07/2019,15.4,15.46,15.2,15.23,1083717
05/07/2019,15.29,15.54,15.2,15.45,946067
08/07/2019,15.45,15.45,15.235,15.26,1285283
09/07/2019,15.3,15.42,15.1,15.13,1097336
10/07/2019,15.13,15.24,15.02,15.15,1703191
11/07/2019,15.34,15.7,15.34,15.46,1103949
12/07/2019,15.44,15.5,15.25,15.26,652859
15/07/2019,15.14,15.2,14.89,14.9,816440
16/07/2019,14.88,15.055,14.63,14.71,1118105
17/07/2019,14.51,14.86,14.41,14.78,867829
18/07/2019,14.6,14.68,14.28,14.35,1008908
19/07/2019,14.35,14.57,14.28,14.5,822542
22/07/2019,14.55,14.89,14.55,14.81,993868
23/07/2019,14.9,15.17,14.82,15.09,1954004
24/07/2019,15.31,15.45,15.24,15.41,1210581
25/07/2019,15.49,15.91,15.41,15.9,2702115
26/07/2019,15.8,16.19,15.72,16.09,2630771
29/07/2019,16.23,16.45,16.19,16.2,1736090
30/07/2019,16.3,16.36,15.995,16.01,3045295
31/07/2019,16.35,16.35,16,16.15,4354176
01/08/2019,16,16.11,15.86,16.07,1299626
02/08/2019,15.48,15.57,15.21,15.23,2195410
05/08/2019,15.16,15.2,14.43,14.52,1965100
06/08/2019,13.86,14.315,13.32,14.27,2485187
07/08/2019,14.27,14.49,13.825,13.98,2004563
08/08/2019,13.85,14.12,13.79,13.94,1641562
09/08/2019,14.23,14.27,13.92,13.95,1581025
12/08/2019,13.96,14.13,13.89,14.02,784025
13/08/2019,13.91,14.14,13.58,13.66,1663929
14/08/2019,13.88,14.135,13.74,14.09,3259437
15/08/2019,13.7,13.7,13.34,13.42,1552591
16/08/2019,13.3,13.43,13.17,13.26,1520965
19/08/2019,13.53,13.85,13.48,13.78,1342498
20/08/2019,14.11,14.53,13.93,14.46,1611405
21/08/2019,14.5,14.52,13.36,13.9,2371319
22/08/2019,14,14.18,13.65,13.84,1691864
23/08/2019,13.8,13.84,13.42,13.52,2635663
26/08/2019,13.11,13.11,12.38,12.44,3484115
27/08/2019,12.44,12.49,12.19,12.25,3221799
28/08/2019,12.35,12.39,12.06,12.36,2602083
29/08/2019,12.45,12.59,12.2,12.3,3058847
30/08/2019,12.54,12.6,12.22,12.29,2544405
02/09/2019,12,12.22,11.89,12.03,2086594
03/09/2019,11.97,12.18,11.89,12.07,1073922
04/09/2019,11.84,12.07,11.71,12.01,1904865
05/09/2019,12.17,12.56,12.16,12.5,1832095
06/09/2019,12.64,12.83,12.51,12.78,1560051
09/09/2019,12.77,12.99,12.63,12.96,1485921
10/09/2019,13.49,13.56,12.94,13.11,2062460
11/09/2019,13.17,13.56,13.03,13.56,2212913
12/09/2019,13.32,13.46,13.14,13.19,1454001
13/09/2019,13.11,13.27,13,13.03,964656
16/09/2019,14,14.45,13.88,13.91,4118768
17/09/2019,13.89,14.17,13.67,14.17,3171055
18/09/2019,13.95,14.08,13.53,13.58,2901529
19/09/2019,13.51,13.75,13.47,13.71,2086036
20/09/2019,13.8,14.01,13.78,13.87,2301898
23/09/2019,13.99,14.06,13.72,13.74,836883
24/09/2019,13.79,13.87,13.62,13.67,1041759
25/09/2019,13.46,13.46,13.005,13.06,1992223
26/09/2019,13.15,13.24,12.79,12.8,1827184
27/09/2019,12.94,13.02,12.79,12.95,1574683
30/09/2019,12.92,13.16,12.85,13.01,1433959
01/10/2019,12.89,13.12,12.66,13.05,1901701
02/10/2019,12.87,12.91,12.77,12.84,1408887
03/10/2019,12.36,12.49,12.32,12.47,2144501
04/10/2019,12.52,12.66,12.46,12.51,1014473
07/10/2019,12.59,12.67,12.38,12.59,564629
08/10/2019,12.72,12.84,12.61,12.73,1209389
09/10/2019,12.65,12.74,12.51,12.57,1021059
10/10/2019,12.57,12.73,12.39,12.41,1157297
11/10/2019,12.68,12.81,12.58,12.76,1837665
14/10/2019,13.07,13.46,13.07,13.28,1681947
15/10/2019,13.2,13.25,12.99,13.1,857431
16/10/2019,13.35,13.66,13.29,13.62,1543609
17/10/2019,13.62,13.73,13.5,13.64,1426748
18/10/2019,13.62,13.7,13.42,13.59,767676
21/10/2019,13.6,13.625,13.34,13.4,788365
22/10/2019,13.55,13.88,13.45,13.79,1518917
23/10/2019,13.85,13.93,13.6,13.69,1462052
24/10/2019,13.96,13.98,13.71,13.75,962034
25/10/2019,13.77,13.795,13.56,13.69,1327364
28/10/2019,13.68,13.83,13.56,13.79,740102
29/10/2019,13.79,13.95,13.75,13.79,1023252
30/10/2019,13.7,13.92,13.7,13.73,834676
31/10/2019,13.48,13.69,13.3,13.66,2015481
01/11/2019,13.53,13.815,13.37,13.75,695912
04/11/2019,13.89,14.145,13.86,14,960271
05/11/2019,14.14,14.22,14.01,14.06,839518
06/11/2019,14.22,14.35,13.98,14.02,1435958
07/11/2019,13.82,14.03,13.73,13.97,1246408
08/11/2019,14.08,14.31,13.97,14.3,3655442
11/11/2019,14.3,14.475,14.15,14.4,1737173
12/11/2019,14.47,14.5,14.21,14.3,1200761
13/11/2019,14.29,14.45,14.2,14.32,1261370
14/11/2019,14.31,14.44,14.09,14.09,1253551
15/11/2019,14.1,14.29,14.02,14.14,1033653
18/11/2019,14.1,14.29,13.88,13.99,760059
19/11/2019,13.81,13.92,13.71,13.84,1932001
20/11/2019,13.59,13.7,13.285,13.34,1760879
21/11/2019,13.41,13.65,13.4,13.53,1909254
22/11/2019,13.58,13.98,13.55,13.91,1159331
25/11/2019,13.76,14.17,13.76,14.08,1610234
26/11/2019,14.12,14.245,14.03,14.22,3900965
27/11/2019,14.35,14.61,14.2,14.6,2220922
28/11/2019,14.64,14.88,14.58,14.82,1363590
29/11/2019,14.9,15.025,14.72,15,2289326
02/12/2019,14.67,14.74,14.5,14.65,1361291
03/12/2019,14.31,14.52,14.19,14.27,1382061
04/12/2019,14,14.17,13.92,14.12,1235207
05/12/2019,14.4,14.44,14.27,14.41,1106118
06/12/2019,14.27,14.68,14.27,14.66,802507
09/12/2019,14.75,15.16,14.75,15.03,1631870
10/12/2019,15.09,15.1,14.91,14.92,1099379
11/12/2019,15.07,15.35,14.99,15.29,992879
12/12/2019,15.35,15.37,15.14,15.22,787756
13/12/2019,15.35,15.43,15.28,15.31,1283217
16/12/2019,15.38,15.58,15.33,15.57,1164677
17/12/2019,15.6,15.85,15.5,15.66,1667553
18/12/2019,15.62,15.7,15.49,15.67,1445320
19/12/2019,15.71,15.77,15.445,15.52,2417612
20/12/2019,15.43,15.81,15.34,15.34,2314347
23/12/2019,15.39,15.42,15.21,15.29,1711977
24/12/2019,15.29,15.41,15.28,15.34,653417
27/12/2019,15.47,15.57,15.43,15.52,855686
30/12/2019,15.57,15.62,15.33,15.44,574525
31/12/2019,15.33,15.4,15.25,15.31,546451
02/01/2020,15.37,15.5,15.23,15.34,471207
03/01/2020,15.6,15.7,15.53,15.69,1059163
06/01/2020,15.7,16.01,15.65,15.98,1193897
07/01/2020,15.99,16.24,15.98,16.06,1103820
08/01/2020,16.06,16.155,15.85,16.04,963398
09/01/2020,16.14,16.17,15.88,15.96,977993
10/01/2020,16,16.215,16,16.01,782726
13/01/2020,15.83,15.99,15.82,15.91,488693
14/01/2020,15.91,16.05,15.89,16.05,868039
15/01/2020,16.05,16.16,16.04,16.1,749617
16/01/2020,16.16,16.17,15.96,16.01,823427
17/01/2020,16.13,16.13,15.935,16,2651319
20/01/2020,15.88,16.13,15.88,16.04,1074682
21/01/2020,16.09,16.1,15.89,15.96,1037216
22/01/2020,15.96,16.01,15.85,15.93,805465
23/01/2020,15.77,15.77,15.52,15.55,1185778
24/01/2020,15.65,15.97,15.59,15.92,2549440
28/01/2020,15.35,15.52,15.19,15.5,1382413
29/01/2020,15.65,15.74,15.28,15.28,2079642
30/01/2020,15.3,15.34,15.15,15.15,1789000
31/01/2020,15.12,15.32,15.12,15.24,1896292
03/02/2020,14.5,14.5,13.71,13.95,5451321
04/02/2020,14.16,14.22,14.02,14.1,2600573
05/02/2020,14.32,14.49,14.21,14.49,1586333
06/02/2020,14.76,15.03,14.66,14.83,2473976
07/02/2020,14.65,14.83,14.58,14.66,1163538
10/02/2020,14.64,14.64,14.41,14.53,1329596
11/02/2020,14.58,14.59,14.345,14.39,1410533
12/02/2020,14.4,14.54,14.38,14.5,996802
13/02/2020,14.71,14.77,14.42,14.47,2682977
14/02/2020,14.4,14.43,14.14,14.14,1962121
17/02/2020,14.13,14.21,13.9,13.95,1127037
18/02/2020,13.95,14.06,13.9,14,804086
19/02/2020,14.05,14.175,13.91,14.04,1353923
20/02/2020,14.16,14.49,14.12,14.4,1560052
21/02/2020,14.5,14.5,14.04,14.08,1284626
24/02/2020,13.99,14.355,13.55,13.85,3702990
25/02/2020,13.51,13.99,13.32,13.61,2863711
26/02/2020,13.52,13.85,13.4,13.6,2072785
27/02/2020,13.2,13.46,13.06,13.22,3111147
28/02/2020,12.91,13,12.46,12.52,6488917
02/03/2020,12.2,12.66,12.08,12.66,3361926
03/03/2020,12.85,13.08,12.74,12.74,2006392
04/03/2020,12.38,12.45,12.19,12.19,2526454
05/03/2020,12.38,12.64,12.22,12.25,1845161
06/03/2020,12.17,12.23,11.75,11.77,1642348
09/03/2020,9.12,9.72,7.55,9.45,6421297
10/03/2020,9.05,10.17,8.85,10,6011001
11/03/2020,10.04,10.09,9.43,9.43,3522451
12/03/2020,9.29,9.44,8.47,8.74,3037369
13/03/2020,8.31,9.61,7.73,9.61,3460092
16/03/2020,8.5,8.94,7.85,7.85,3236278
17/03/2020,8.07,8.1,6.96,7.19,4762020
18/03/2020,6.9,6.9,5.55,5.55,6048491
19/03/2020,5.54,5.6,4.63,5.11,5909960
20/03/2020,5.61,5.95,5.36,5.76,6850379
23/03/2020,4.98,5.14,4.63,4.9,4027786
24/03/2020,4.89,5.28,4.82,5.11,2883754
25/03/2020,5.51,5.63,5.07,5.5,2863211
26/03/2020,5.65,6.09,5.65,5.98,3323556
27/03/2020,6.23,6.4,5.71,5.79,8908033
30/03/2020,5.79,5.96,5.48,5.96,2236576
31/03/2020,6.03,6.87,5.82,6.15,4438236
01/04/2020,6.38,7.09,6.33,7.04,6221872
02/04/2020,6.85,6.88,6.47,6.59,2727405
03/04/2020,7.1,7.62,6.57,6.59,3792299
06/04/2020,6.79,7.04,6.66,6.99,2629073
07/04/2020,7.28,7.46,6.75,6.9,3096055
08/04/2020,6.91,6.96,6.62,6.85,2206750
09/04/2020,7.1,7.29,6.88,7.19,3040748
14/04/2020,7.29,8.12,7.28,8.04,3727623
15/04/2020,8.1,8.2,7.43,7.61,3820619
16/04/2020,7.35,7.55,7.15,7.39,3108482
17/04/2020,7.45,7.65,7.33,7.34,2091308
20/04/2020,7.33,7.45,6.86,6.89,2737945
21/04/2020,6.65,7.04,6.6,6.82,2057342
22/04/2020,6.63,6.68,6.38,6.6,1923353
23/04/2020,6.78,6.9,6.66,6.75,1516920
24/04/2020,6.8,7.02,6.79,6.9,1683542
27/04/2020,6.9,7.09,6.84,7,1205985
28/04/2020,7,7.29,6.91,7.02,1505410
29/04/2020,7.16,7.76,7.1,7.67,2703340
30/04/2020,7.97,9.09,7.93,9,4535492
01/05/2020,8.7,8.7,8.17,8.28,2630909
04/05/2020,8,8,7.58,7.89,2076994
05/05/2020,8.13,8.3,8.05,8.27,1801111
06/05/2020,8.42,8.62,8.25,8.55,1878299
07/05/2020,8.41,8.66,8.27,8.47,1981257
08/05/2020,8.58,8.805,8.49,8.56,1392457
11/05/2020,8.79,8.96,8.69,8.8,1260761
12/05/2020,8.8,8.88,8.37,8.47,1942424
13/05/2020,8.08,8.17,7.92,8.05,4343320
14/05/2020,7.89,8.1,7.71,7.82,2817098
15/05/2020,8,8.09,7.83,7.9,3228520
18/05/2020,8.05,8.4,8.03,8.31,2826215
19/05/2020,8.81,9.26,8.57,9.11,5770792
20/05/2020,8.93,9.15,8.72,8.91,2722586
21/05/2020,9.17,9.37,9.085,9.22,2689896
22/05/2020,9.23,9.55,9.005,9.05,2970902
25/05/2020,9.2,9.28,8.96,9.13,2147588
26/05/2020,9.18,9.41,9.12,9.27,2559795
27/05/2020,9.28,9.56,9.02,9.36,3892379
28/05/2020,9.03,9.44,8.92,8.95,4569654
29/05/2020,8.78,8.94,8.4,8.4,40037230
01/06/2020,8.38,8.63,8.3,8.6,3191265
02/06/2020,8.69,9.08,8.64,9,4042495
03/06/2020,9.19,9.51,9.19,9.34,6316360
04/06/2020,9.5,9.6,8.92,9.11,4094184
05/06/2020,9.13,9.57,9.13,9.3,4133117
09/06/2020,9.9,10.8,9.85,10.66,4824401
10/06/2020,10.48,10.5,9.92,10.12,4260102
11/06/2020,9.88,10.13,9.53,9.57,5307257
12/06/2020,8.95,9.12,8.63,9.02,5184748
15/06/2020,9.14,9.19,8.54,8.6,3842353
16/06/2020,9.03,9.43,9.01,9.31,3400274
17/06/2020,9.49,9.64,9,9.21,4387519
18/06/2020,9.08,9.29,8.95,9.12,4140077
19/06/2020,9.22,9.37,9.1,9.34,4706557
22/06/2020,9.12,9.31,8.95,9.19,2499771
23/06/2020,9.3,9.44,9.06,9.17,2619065
24/06/2020,9.23,9.33,9.06,9.13,2507862
25/06/2020,8.86,8.99,8.69,8.72,2363240
26/06/2020,8.86,9,8.71,8.8,2208868
29/06/2020,8.6,8.64,8.21,8.38,2379652
30/06/2020,8.6,8.87,8.59,8.72,2672502
01/07/2020,8.8,8.94,8.71,8.83,1419057
02/07/2020,8.9,8.95,8.74,8.91,1589036
03/07/2020,9.01,9.09,8.69,8.83,1262211
06/07/2020,8.86,8.97,8.71,8.78,1624958
07/07/2020,8.82,8.91,8.68,8.72,1666136
08/07/2020,8.65,8.71,8.48,8.51,2699053
09/07/2020,8.74,8.995,8.67,8.79,1660342
10/07/2020,8.65,8.84,8.52,8.73,1833508
13/07/2020,8.95,9.05,8.54,8.63,1923843
14/07/2020,8.59,8.74,8.45,8.63,1135276
15/07/2020,8.75,9.05,8.73,8.94,1683897
16/07/2020,9.03,9.09,8.825,8.91,1646153
17/07/2020,8.95,8.99,8.75,8.84,1200082
20/07/2020,8.79,8.79,8.54,8.6,1154721
21/07/2020,8.65,8.825,8.59,8.79,1377404
22/07/2020,8.87,9.1,8.87,8.97,1556578
23/07/2020,8.88,9.01,8.83,8.97,601475
24/07/2020,8.88,8.94,8.735,8.76,688444
27/07/2020,8.75,9.06,8.7,9.03,1174606
28/07/2020,9.01,9.03,8.71,8.74,1117721
29/07/2020,8.7,8.74,8.52,8.52,1322586
30/07/2020,8.6,8.7,8.45,8.54,1449196
31/07/2020,8.4,8.49,8.065,8.2,2794022
03/08/2020,8.1,8.23,7.75,7.82,3073540
04/08/2020,7.98,8.12,7.96,8.09,2740051
05/08/2020,8.15,8.29,8.11,8.2,1941276
06/08/2020,8.26,8.64,8.26,8.64,1843496
07/08/2020,8.67,8.78,8.52,8.69,1420221
10/08/2020,8.8,8.84,8.58,8.72,1378334
11/08/2020,8.81,8.97,8.76,8.87,1386406
12/08/2020,8.88,9.07,8.77,9.05,2035156
13/08/2020,9.15,9.21,8.92,8.98,1526858
14/08/2020,8.92,9.035,8.81,9.03,1052384
17/08/2020,8.92,8.94,8.785,8.86,1077724
18/08/2020,8.9,8.94,8.72,8.89,1917489
19/08/2020,8.8,8.98,8.72,8.98,907332
20/08/2020,9.02,9.02,8.59,8.72,1291141
21/08/2020,8.69,8.915,8.65,8.87,1251821
24/08/2020,8.88,8.9,8.69,8.88,1076023
25/08/2020,9,9.2,8.98,9.11,1536639
26/08/2020,9.22,9.9,9.22,9.69,5264150
27/08/2020,9.78,9.78,9.47,9.66,2243603
28/08/2020,9.66,9.77,9.38,9.48,2118887
31/08/2020,9.58,9.75,9.51,9.62,2117291
01/09/2020,9.24,9.51,9.22,9.4,2294185
02/09/2020,9.5,9.79,9.37,9.75,2828020
03/09/2020,9.8,9.96,9.72,9.84,1831938
04/09/2020,9.56,9.75,9.46,9.67,1448425
07/09/2020,9.62,9.77,9.52,9.71,1422524
08/09/2020,9.77,9.93,9.74,9.92,1129367
09/09/2020,9.65,9.68,9.41,9.64,2805949
10/09/2020,9.77,9.93,9.63,9.72,1729384
11/09/2020,9.59,9.72,9.36,9.38,2552179
14/09/2020,9.54,9.6,9.41,9.48,2012009
15/09/2020,9.55,9.6,9.32,9.36,2755330
16/09/2020,9.42,9.535,9.36,9.48,2152495
17/09/2020,9.49,9.58,9.4,9.5,3163513
18/09/2020,9.65,9.975,9.62,9.71,3394598
21/09/2020,9.73,9.94,9.72,9.89,2101517
22/09/2020,9.7,9.79,9.54,9.61,2417446
23/09/2020,9.82,10.08,9.71,10.03,2504489
24/09/2020,9.8,10.07,9.67,9.78,2400727
25/09/2020,9.81,9.97,9.75,9.91,1523069
28/09/2020,9.9,10.1,9.83,9.98,1717561
29/09/2020,10.1,10.24,9.88,9.98,1559706
30/09/2020,9.77,9.85,9.52,9.55,2942057
01/10/2020,9.64,9.77,9.56,9.61,1285572
02/10/2020,9.5,9.67,9.38,9.45,3265545
05/10/2020,9.65,10.07,9.53,10,1836100
06/10/2020,10.05,10.3,9.92,10.26,1445511
07/10/2020,10.26,10.39,10.2,10.34,1325626
08/10/2020,10.42,10.6,10.39,10.49,954642
09/10/2020,10.61,10.77,10.55,10.55,885662
12/10/2020,10.52,10.53,10.38,10.49,682514
13/10/2020,10.5,10.69,10.48,10.65,1024645
14/10/2020,10.66,10.69,10.27,10.4,1420476
15/10/2020,10.49,10.81,10.48,10.62,1275797
16/10/2020,10.62,10.67,10.45,10.54,896126
19/10/2020,10.6,10.75,10.47,10.66,863716
20/10/2020,10.6,10.7,10.45,10.5,1004155
21/10/2020,10.5,10.82,10.5,10.76,1132189
22/10/2020,10.5,10.73,10.46,10.7,1561572
23/10/2020,10.72,10.86,10.55,10.58,1024993
26/10/2020,10.56,10.74,10.49,10.5,920647
27/10/2020,10.4,10.45,9.965,10.05,2343558
28/10/2020,9.99,10.06,9.88,10.04,1140526
29/10/2020,9.8,9.86,9.55,9.64,3469777
30/10/2020,9.66,9.77,9.4,9.41,6320175
02/11/2020,9.5,9.54,9.065,9.16,2302421
03/11/2020,9.23,9.83,9.21,9.75,3250372
04/11/2020,9.7,9.79,9.34,9.48,5077201
05/11/2020,9.5,9.59,9.38,9.51,1545091
06/11/2020,9.63,9.71,9.48,9.54,1164986
09/11/2020,9.64,10.04,9.57,10.03,1567681
10/11/2020,10.67,10.95,10.57,10.8,3377758
11/11/2020,10.95,11.28,10.93,11.17,2979705
12/11/2020,11.13,11.19,11.03,11.09,1250809
13/11/2020,11.04,11.28,10.96,11.22,1227794
16/11/2020,11.39,11.45,11.28,11.33,38686
17/11/2020,11.7,11.98,11.58,11.86,1934045
18/11/2020,11.89,12.07,11.65,11.71,3041384
19/11/2020,11.89,12.15,11.78,11.99,2459761
20/11/2020,12.19,12.24,12.05,12.13,2480129
23/11/2020,12.41,12.67,12.38,12.6,1640980
24/11/2020,12.92,13.29,12.92,13.29,2584719
25/11/2020,13.65,14.01,13.52,13.95,2968804
26/11/2020,13.85,13.85,12.97,13.16,2904881
27/11/2020,13,13.08,12.81,12.97,1479969
30/11/2020,13.17,13.2,12.9,12.9,2116892
01/12/2020,12.75,13,12.6,13,1231725
02/12/2020,12.64,12.69,12.42,12.49,3021683
03/12/2020,12.65,12.82,12.54,12.6,1624324
04/12/2020,12.69,12.72,12.53,12.54,935613
07/12/2020,12.75,12.96,12.71,12.8,1566474
08/12/2020,12.68,12.68,12.41,12.42,1209342
09/12/2020,12.48,12.68,12.41,12.59,1148266
10/12/2020,12.5,12.56,12.14,12.23,1826814
11/12/2020,12.3,12.42,11.99,12.08,1167004
14/12/2020,12.05,12.07,11.74,11.84,1601324
15/12/2020,11.71,11.975,11.66,11.88,1226382
16/12/2020,12.07,12.18,11.85,11.87,1210972
17/12/2020,11.99,12.08,11.75,12.05,1323694
18/12/2020,12.13,12.3,11.61,11.63,4333787
21/12/2020,11.35,11.44,11.19,11.41,3316218
22/12/2020,11.24,11.33,11.125,11.2,919489
23/12/2020,11.2,11.44,11.18,11.4,940511
24/12/2020,11.45,11.64,11.42,11.49,384290
29/12/2020,11.55,11.67,11.5,11.62,692467
30/12/2020,11.48,11.695,11.36,11.62,1452603
31/12/2020,11.6,11.68,11.48,11.49,402910
04/01/2021,11.49,11.68,11.41,11.62,546635
05/01/2021,11.31,11.87,11.28,11.79,1619889
06/01/2021,12.06,12.285,11.88,12.21,1676225
07/01/2021,12.46,12.81,12.44,12.76,2023995
08/01/2021,12.98,12.98,12.61,12.68,762105
11/01/2021,12.93,12.93,12.45,12.52,1058416
12/01/2021,12.55,12.64,12.29,12.33,1119086
13/01/2021,12.5,12.98,12.5,12.94,2367897
14/01/2021,12.94,12.94,12.65,12.8,1758430
15/01/2021,12.8,12.98,12.6,12.65,2544970
18/01/2021,12.35,12.7,12.295,12.65,1436025
19/01/2021,12.65,12.66,12.27,12.3,1742786
20/01/2021,12.3,12.59,12.3,12.44,1116445
21/01/2021,12.31,12.53,12.31,12.49,948803
22/01/2021,12.4,12.46,12.27,12.29,1126281
25/01/2021,12.26,12.33,12.02,12.14,1048767
27/01/2021,11.88,12,11.63,11.63,1253037
28/01/2021,11.42,11.49,11.16,11.34,1096269
29/01/2021,11.81,11.9,11.37,11.42,1316525
01/02/2021,11.34,11.34,9.54,10.18,6968696
02/02/2021,10.11,10.27,9.77,10,6356366
03/02/2021,10.15,10.38,10.04,10.35,2364450
04/02/2021,10.5,10.58,10.16,10.21,1547828
05/02/2021,10.5,10.53,10.315,10.47,1441824
08/02/2021,10.5,10.765,10.39,10.66,2807608
09/02/2021,10.77,11.15,10.49,10.64,2331911
10/02/2021,10.79,10.99,10.43,10.48,1483125
11/02/2021,10.43,10.575,10.19,10.27,1753657
12/02/2021,10.27,10.37,10.06,10.16,1194423
15/02/2021,10.26,10.63,10.25,10.49,900159
16/02/2021,10.57,10.74,10.46,10.71,908767
17/02/2021,10.6,10.8,10.55,10.71,1033396
18/02/2021,10.8,10.83,10.48,10.53,1107591
19/02/2021,10.45,10.5,10.28,10.41,1012935
22/02/2021,10.44,10.67,10.43,10.54,707571
23/02/2021,10.99,11.33,10.8,10.89,2745775
24/02/2021,11.38,11.56,11.05,11.38,2400955
25/02/2021,11.6,11.65,11.14,11.14,1609564
26/02/2021,11.2,11.28,10.97,11.1,2510511
01/03/2021,11.02,11.08,10.73,11.03,1328791
02/03/2021,11,11.07,10.52,10.54,2025240
03/03/2021,10.49,10.78,10.4,10.7,831137
04/03/2021,10.7,10.81,10.4,10.57,1152673
05/03/2021,10.7,10.78,10.38,10.55,992155
08/03/2021,10.79,10.99,10.64,10.7,877248
09/03/2021,10.7,10.8,10.57,10.65,851556
10/03/2021,10.47,10.52,10.17,10.2,2493527
11/03/2021,10.32,10.71,10.21,10.71,1748374
12/03/2021,10.97,11.03,10.83,10.92,759921
15/03/2021,10.92,11.02,10.8,10.95,790239
16/03/2021,10.87,11.15,10.82,11.04,796459
17/03/2021,11.01,11.06,10.7,10.91,930631
18/03/2021,10.84,11.26,10.77,11.1,1210491
19/03/2021,10.76,11.27,10.62,11.08,2553282
22/03/2021,11.02,11.11,10.93,11.08,526230
23/03/2021,10.98,11.02,10.65,10.71,1121356
24/03/2021,10.53,10.61,10.35,10.55,1032011
25/03/2021,10.63,10.65,10.42,10.49,847164
26/03/2021,10.45,10.69,10.4,10.54,1113116
29/03/2021,10.64,10.88,10.58,10.61,1149194
30/03/2021,10.68,10.76,10.28,10.32,1214636
31/03/2021,10.4,10.74,10.35,10.49,1691774
01/04/2021,10.5,10.64,10.44,10.58,881808
06/04/2021,10.71,10.91,10.68,10.83,687900
07/04/2021,10.9,10.91,10.7,10.91,803747
08/04/2021,10.93,10.97,10.71,10.75,1024718
09/04/2021,10.71,10.75,10.43,10.6,1030278
12/04/2021,10.55,10.63,10.41,10.48,739925
13/04/2021,10.46,10.53,10.34,10.48,1061940
14/04/2021,10.5,10.74,10.36,10.61,2557210
15/04/2021,10.69,10.96,10.66,10.75,913687
16/04/2021,10.75,10.84,10.68,10.77,751617
19/04/2021,10.7,10.84,10.53,10.53,794538
20/04/2021,10.5,10.71,10.5,10.55,668669
21/04/2021,10.4,10.44,10.23,10.34,1468087
22/04/2021,10.22,10.35,10.19,10.25,1329057
23/04/2021,10.15,10.55,10.06,10.47,1269038
26/04/2021,10.5,10.67,10.45,10.51,770307
27/04/2021,10.48,10.64,10.3,10.38,1034225
28/04/2021,10.41,10.66,10.4,10.57,1040624
29/04/2021,10.66,11.07,10.64,10.93,2320947
30/04/2021,10.9,10.93,10.71,10.86,930108
03/05/2021,10.86,10.86,10.55,10.58,1124405
04/05/2021,10.8,11.12,10.7,11.03,1242788
05/05/2021,11.15,11.44,11.125,11.35,2028382
06/05/2021,11.45,11.6,11.33,11.39,1012743
07/05/2021,11.43,11.73,11.43,11.65,1340296
10/05/2021,11.78,11.91,11.67,11.76,2040397
11/05/2021,11.65,11.67,11.32,11.43,1343767
12/05/2021,11.32,11.37,11.02,11.14,1002131
13/05/2021,11.14,11.35,11.03,11.28,1350947
14/05/2021,11.32,11.75,11.32,11.45,1167393
17/05/2021,11.97,11.97,11.44,11.45,1910218
18/05/2021,11.45,11.65,11.45,11.57,714611
19/05/2021,11.28,11.45,11.11,11.18,1302475
20/05/2021,11.12,11.28,11.04,11.25,1011811
21/05/2021,11.05,11.4,11.05,11.11,2143488
24/05/2021,11.24,11.24,10.75,10.8,1758586
25/05/2021,10.79,10.94,10.66,10.74,3662561
26/05/2021,10.68,10.68,10.36,10.55,1852721
27/05/2021,10.61,10.71,10.34,10.45,2780641
28/05/2021,10.61,10.72,10.43,10.6,1049948
31/05/2021,10.62,10.63,10.385,10.56,1183867
01/06/2021,10.56,10.72,10.4,10.51,1346289
02/06/2021,10.83,11.23,10.58,11.19,4618681
03/06/2021,11.5,12.22,11.47,12.05,4082518
04/06/2021,12.08,12.32,11.94,12.25,2628915
07/06/2021,12.19,12.5,12.15,12.29,1794114
08/06/2021,12.34,12.48,12.21,12.34,1239456
09/06/2021,12.37,12.37,12.17,12.24,1058720
10/06/2021,12.27,12.27,11.65,11.84,2596297
11/06/2021,11.8,11.9,11.685,11.75,1364925
15/06/2021,11.79,11.81,11.58,11.78,1157481
16/06/2021,11.84,11.94,11.69,11.9,1115109
17/06/2021,11.78,11.83,11.53,11.57,1199997
18/06/2021,11.58,11.84,11.58,11.8,3609975
21/06/2021,11.63,11.67,11.46,11.6,1240556
22/06/2021,11.88,12.39,11.84,12.12,1939247
23/06/2021,12.12,12.15,11.93,11.99,944086
24/06/2021,11.86,12,11.845,11.95,780419
25/06/2021,11.94,12.04,11.86,11.91,756958
28/06/2021,12.02,12.1,11.82,11.86,1568431
29/06/2021,11.78,11.8,11.53,11.72,981217
30/06/2021,11.83,12.08,11.82,11.96,2639287
